ISO-10303-21;
HEADER;
/* Generated by software containing ST-Developer
 * from STEP Tools, Inc. (www.steptools.com) 
 */

FILE_DESCRIPTION(
/* description */ (''),
/* implementation_level */ '2;1');

FILE_NAME(
/* name */ 'Rat_Clock_Final.step',
/* time_stamp */ '2026-07-30T20:05:48-04:00',
/* author */ (''),
/* organization */ (''),
/* preprocessor_version */ 'ST-DEVELOPER v20.1',
/* originating_system */ 'Autodesk Translation Framework v15.8.0.0',
/* authorisation */ '');

FILE_SCHEMA (('AUTOMOTIVE_DESIGN { 1 0 10303 214 3 1 1 }'));
ENDSEC;

DATA;
#10=MECHANICAL_DESIGN_GEOMETRIC_PRESENTATION_REPRESENTATION('',(#23,#24),
#12930);
#11=ITEM_DEFINED_TRANSFORMATION($,$,#7288,#8003);
#12=ITEM_DEFINED_TRANSFORMATION($,$,#7499,#8004);
#13=(
REPRESENTATION_RELATIONSHIP($,$,#12944,#12943)
REPRESENTATION_RELATIONSHIP_WITH_TRANSFORMATION(#11)
SHAPE_REPRESENTATION_RELATIONSHIP()
);
#14=(
REPRESENTATION_RELATIONSHIP($,$,#12945,#12943)
REPRESENTATION_RELATIONSHIP_WITH_TRANSFORMATION(#12)
SHAPE_REPRESENTATION_RELATIONSHIP()
);
#15=CONTEXT_DEPENDENT_SHAPE_REPRESENTATION(#13,#12941);
#16=CONTEXT_DEPENDENT_SHAPE_REPRESENTATION(#14,#12942);
#17=NEXT_ASSEMBLY_USAGE_OCCURRENCE('Lower Rat:1','Lower Rat:1',
'Lower Rat:1',#12947,#12948,'Lower Rat:1');
#18=NEXT_ASSEMBLY_USAGE_OCCURRENCE('Upper Rat:1','Upper Rat:1',
'Upper Rat:1',#12947,#12949,'Upper Rat:1');
#19=SHAPE_REPRESENTATION_RELATIONSHIP('SRR','None',#12944,#21);
#20=SHAPE_REPRESENTATION_RELATIONSHIP('SRR','None',#12945,#22);
#21=ADVANCED_BREP_SHAPE_REPRESENTATION('',(#25),#12928);
#22=ADVANCED_BREP_SHAPE_REPRESENTATION('',(#26),#12929);
#23=STYLED_ITEM('',(#12962),#25);
#24=STYLED_ITEM('',(#12962),#26);
#25=MANIFOLD_SOLID_BREP('Lower Rat',#7262);
#26=MANIFOLD_SOLID_BREP('Upper Rat',#7263);
#27=(
BOUNDED_SURFACE()
B_SPLINE_SURFACE(1,2,((#10603,#10604,#10605,#10606,#10607,#10608,#10609),
(#10610,#10611,#10612,#10613,#10614,#10615,#10616)),.UNSPECIFIED.,.F.,.F.,
 .F.)
B_SPLINE_SURFACE_WITH_KNOTS((2,2),(3,2,2,3),(0.376703747667491,8.09112551431457),
(-3.40634121254748,-2.17645507286199,-0.946568933176497,0.283317206508994),
 .UNSPECIFIED.)
GEOMETRIC_REPRESENTATION_ITEM()
RATIONAL_B_SPLINE_SURFACE(((1.,0.816806291916609,1.,0.816806291916609,1.,
0.816806291916609,1.),(1.,0.816806291916609,1.,0.816806291916609,1.,0.816806291916609,
1.)))
REPRESENTATION_ITEM('')
SURFACE()
);
#28=(
BOUNDED_SURFACE()
B_SPLINE_SURFACE(1,2,((#12074,#12075,#12076,#12077,#12078,#12079,#12080,
#12081,#12082),(#12083,#12084,#12085,#12086,#12087,#12088,#12089,#12090,
#12091)),.UNSPECIFIED.,.F.,.F.,.F.)
B_SPLINE_SURFACE_WITH_KNOTS((2,2),(3,2,2,2,3),(0.625339201522702,7.83978324328487),
(-0.981594947759449,0.299242324571524,1.5800795969025,2.86091686923347,
4.14175414156444),.UNSPECIFIED.)
GEOMETRIC_REPRESENTATION_ITEM()
RATIONAL_B_SPLINE_SURFACE(((1.,0.801845679995835,1.,0.801845679995835,1.,
0.801845679995835,1.,0.801845679995835,1.),(1.,0.801845679995835,1.,0.801845679995835,
1.,0.801845679995835,1.,0.801845679995835,1.)))
REPRESENTATION_ITEM('')
SURFACE()
);
#29=B_SPLINE_SURFACE_WITH_KNOTS('',3,3,((#10351,#10352,#10353,#10354),(#10355,
#10356,#10357,#10358),(#10359,#10360,#10361,#10362),(#10363,#10364,#10365,
#10366),(#10367,#10368,#10369,#10370)),.UNSPECIFIED.,.F.,.F.,.F.,(4,1,4),
(4,4),(0.,0.5,1.),(0.,0.109736196844373),.UNSPECIFIED.);
#30=B_SPLINE_SURFACE_WITH_KNOTS('',3,3,((#10383,#10384,#10385,#10386,#10387,
#10388,#10389,#10390,#10391,#10392),(#10393,#10394,#10395,#10396,#10397,
#10398,#10399,#10400,#10401,#10402),(#10403,#10404,#10405,#10406,#10407,
#10408,#10409,#10410,#10411,#10412),(#10413,#10414,#10415,#10416,#10417,
#10418,#10419,#10420,#10421,#10422),(#10423,#10424,#10425,#10426,#10427,
#10428,#10429,#10430,#10431,#10432)),.UNSPECIFIED.,.F.,.F.,.F.,(4,1,4),
(4,1,1,1,1,1,1,4),(0.,0.5,1.),(3.04104174383529,3.14464224299354,3.24824274215179,
3.45544374046829,3.86984573710129,4.28424773373429,5.11305172700029,5.94185572026629),
 .UNSPECIFIED.);
#31=B_SPLINE_SURFACE_WITH_KNOTS('',3,3,((#10488,#10489,#10490,#10491,#10492,
#10493,#10494,#10495,#10496,#10497),(#10498,#10499,#10500,#10501,#10502,
#10503,#10504,#10505,#10506,#10507),(#10508,#10509,#10510,#10511,#10512,
#10513,#10514,#10515,#10516,#10517),(#10518,#10519,#10520,#10521,#10522,
#10523,#10524,#10525,#10526,#10527),(#10528,#10529,#10530,#10531,#10532,
#10533,#10534,#10535,#10536,#10537)),.UNSPECIFIED.,.F.,.F.,.F.,(4,1,4),
(4,1,1,1,1,1,1,4),(0.,0.5,1.),(0.018985872284242,0.433562042213551,1.26271438207217,
2.09186672193079,2.5064428918601,2.71373097682475,2.81737501930708,2.92101906178941),
 .UNSPECIFIED.);
#32=B_SPLINE_SURFACE_WITH_KNOTS('',3,3,((#11052,#11053,#11054,#11055,#11056,
#11057,#11058,#11059,#11060,#11061,#11062,#11063,#11064,#11065,#11066),
(#11067,#11068,#11069,#11070,#11071,#11072,#11073,#11074,#11075,#11076,
#11077,#11078,#11079,#11080,#11081),(#11082,#11083,#11084,#11085,#11086,
#11087,#11088,#11089,#11090,#11091,#11092,#11093,#11094,#11095,#11096),
(#11097,#11098,#11099,#11100,#11101,#11102,#11103,#11104,#11105,#11106,
#11107,#11108,#11109,#11110,#11111),(#11112,#11113,#11114,#11115,#11116,
#11117,#11118,#11119,#11120,#11121,#11122,#11123,#11124,#11125,#11126)),
 .UNSPECIFIED.,.F.,.T.,.F.,(4,1,4),(4,1,1,1,1,1,1,1,1,1,1,1,4),(0.,0.5,
1.),(-3.14159265358979,-2.69279370307697,-2.24399475256414,-1.79519580205131,
-1.34639685153848,-0.897597901025655,-0.448798950512828,0.,0.448798950512828,
1.34639685153848,2.24399475256414,2.69279370307697,3.14159265358979),
 .UNSPECIFIED.);
#33=B_SPLINE_SURFACE_WITH_KNOTS('',3,3,((#11389,#11390,#11391,#11392,#11393),
(#11394,#11395,#11396,#11397,#11398),(#11399,#11400,#11401,#11402,#11403),
(#11404,#11405,#11406,#11407,#11408),(#11409,#11410,#11411,#11412,#11413),
(#11414,#11415,#11416,#11417,#11418)),.UNSPECIFIED.,.F.,.F.,.F.,(4,1,1,
4),(4,1,4),(0.,0.285714285714286,0.571428571428571,1.),(0.00715715382444394,
0.680354219970272,1.57795030816471),.UNSPECIFIED.);
#34=B_SPLINE_SURFACE_WITH_KNOTS('',3,3,((#11433,#11434,#11435,#11436,#11437),
(#11438,#11439,#11440,#11441,#11442),(#11443,#11444,#11445,#11446,#11447),
(#11448,#11449,#11450,#11451,#11452),(#11453,#11454,#11455,#11456,#11457)),
 .UNSPECIFIED.,.F.,.F.,.F.,(4,1,4),(4,1,4),(0.,0.571428571428571,1.),(-1.5636372154606,
-0.890440073937637,0.00715611475964207),.UNSPECIFIED.);
#35=B_SPLINE_SURFACE_WITH_KNOTS('',3,3,((#11469,#11470,#11471,#11472,#11473),
(#11474,#11475,#11476,#11477,#11478),(#11479,#11480,#11481,#11482,#11483),
(#11484,#11485,#11486,#11487,#11488),(#11489,#11490,#11491,#11492,#11493)),
 .UNSPECIFIED.,.F.,.F.,.F.,(4,1,4),(4,1,4),(0.,0.571428571428571,1.),(0.00717088608167366,
0.680365415587833,1.57795812159605),.UNSPECIFIED.);
#36=B_SPLINE_SURFACE_WITH_KNOTS('',3,3,((#11523,#11524,#11525,#11526,#11527),
(#11528,#11529,#11530,#11531,#11532),(#11533,#11534,#11535,#11536,#11537),
(#11538,#11539,#11540,#11541,#11542),(#11543,#11544,#11545,#11546,#11547),
(#11548,#11549,#11550,#11551,#11552)),.UNSPECIFIED.,.F.,.F.,.F.,(4,1,1,
4),(4,1,4),(0.,0.285714285714286,0.571428571428571,1.),(-1.56048844802904,
-0.918355156467202,-0.0621774343847494),.UNSPECIFIED.);
#37=B_SPLINE_SURFACE_WITH_KNOTS('',3,3,((#11565,#11566,#11567,#11568),(#11569,
#11570,#11571,#11572),(#11573,#11574,#11575,#11576),(#11577,#11578,#11579,
#11580),(#11581,#11582,#11583,#11584),(#11585,#11586,#11587,#11588)),
 .UNSPECIFIED.,.F.,.F.,.F.,(4,1,1,4),(4,4),(0.,0.285714285714286,0.571428571428571,
1.),(-0.065353153059985,0.00715889029646277),.UNSPECIFIED.);
#38=SPHERICAL_SURFACE('',#7348,0.2);
#39=SPHERICAL_SURFACE('',#7354,0.2);
#40=SPHERICAL_SURFACE('',#7439,4.20844098305799);
#41=SPHERICAL_SURFACE('',#7848,3.15436211883333);
#42=SPHERICAL_SURFACE('',#7850,3.15473825087609);
#43=ELLIPSE('',#7316,189.718630771219,132.857295536123);
#44=ELLIPSE('',#7340,0.282842712474644,0.2);
#45=ELLIPSE('',#7341,0.282842712474619,0.2);
#46=ELLIPSE('',#7343,0.282842712474594,0.2);
#47=ELLIPSE('',#7345,0.282842712474619,0.2);
#48=ELLIPSE('',#7457,8045.81127556859,1581.00356649942);
#49=ELLIPSE('',#7471,28.9073814451367,3.32670051223983);
#50=ELLIPSE('',#7481,370.792325565732,126.441985011339);
#51=ELLIPSE('',#7486,15953.6765607672,1581.00356649942);
#52=ELLIPSE('',#7495,429.774814201995,125.872663182313);
#53=ELLIPSE('',#7513,1.17849145638674,1.);
#54=ELLIPSE('',#7514,1.17849145638674,1.);
#55=ELLIPSE('',#7523,1.11016598079405,1.10000000000001);
#56=ELLIPSE('',#7524,1.11016598079405,1.10000000000001);
#57=ELLIPSE('',#7531,1.35829617716919,1.34999999999999);
#58=ELLIPSE('',#7533,3.30015663791857,3.28000000005529);
#59=ELLIPSE('',#7535,2.09213615474527,1.20000000000001);
#60=ELLIPSE('',#7536,2.09213615474527,1.20000000000001);
#61=ELLIPSE('',#7564,21.4077423595567,3.74999488454594);
#62=ELLIPSE('',#7565,21.4077423595567,3.74999488454594);
#63=ELLIPSE('',#7588,3.1709302427523,3.1499999998837);
#64=ELLIPSE('',#7590,3.30010584744957,3.27999999988369);
#65=ELLIPSE('',#7594,3.30010584762745,3.28000000006049);
#66=ELLIPSE('',#7595,3.17093024293017,3.15000000006049);
#67=ELLIPSE('',#7599,3.30010584777347,3.28000000020561);
#68=ELLIPSE('',#7600,3.17093024307619,3.15000000020562);
#69=ELLIPSE('',#7604,3.1709831022545,3.15000000005528);
#70=ELLIPSE('',#7605,3.17093024292492,3.15000000005527);
#71=ELLIPSE('',#7607,3.30010584762222,3.28000000005528);
#72=ELLIPSE('',#7711,1745.1370170063,568.58674634951);
#73=ELLIPSE('',#7712,1884.65805615044,568.206093502212);
#74=ELLIPSE('',#7723,5.21791602412114,3.749996626089);
#75=ELLIPSE('',#7738,5.21791602412114,3.749996626089);
#76=ELLIPSE('',#7745,1.4142135623732,1.);
#77=ELLIPSE('',#7755,1.41421356237292,1.);
#78=ELLIPSE('',#7797,3326.84331608967,1581.00356649942);
#79=ELLIPSE('',#7804,15953.6765607672,1581.00356649942);
#80=ELLIPSE('',#7815,6251.95849591674,1581.00356649942);
#81=ELLIPSE('',#7827,2382.70020231477,568.206093502212);
#82=ELLIPSE('',#7828,1203.33231606209,568.206093502212);
#83=ELLIPSE('',#7829,699.893639114178,568.206093502212);
#84=ELLIPSE('',#7830,931.101213887751,568.206093502212);
#85=ELLIPSE('',#7833,1273.70189019958,293.544639983726);
#86=ELLIPSE('',#7835,918.283984290784,568.58674634951);
#87=ELLIPSE('',#7836,707.569229774301,568.58674634951);
#88=ELLIPSE('',#7837,1263.1219687385,568.58674634951);
#89=ELLIPSE('',#7838,2201.74237021846,568.58674634951);
#90=ELLIPSE('',#7840,396.149989474648,300.065171388417);
#91=ELLIPSE('',#7841,392.52435302164,300.150132381276);
#92=ELLIPSE('',#7842,500.638926487109,298.466345024859);
#93=ELLIPSE('',#7922,8045.81127556859,1581.00356649942);
#94=CONICAL_SURFACE('',#7311,3.19999999999999,0.785398163397448);
#95=CONICAL_SURFACE('',#7328,3.19999999999999,0.785398163397448);
#96=CONICAL_SURFACE('',#7332,3.2,0.785398163397413);
#97=CONICAL_SURFACE('',#7360,2.80000000000001,0.610865238198002);
#98=CONICAL_SURFACE('',#7364,2.80000000000001,0.610865238198002);
#99=CONICAL_SURFACE('',#7368,2.80000000000001,0.610865238198002);
#100=CONICAL_SURFACE('',#7494,131.162403097702,0.0132987657592034);
#101=CONICAL_SURFACE('',#7500,3.81422220101129,0.959931088596908);
#102=CONICAL_SURFACE('',#7539,1.54999999999997,0.61086523819794);
#103=CONICAL_SURFACE('',#7543,1.54999999999995,0.610865238198022);
#104=CONICAL_SURFACE('',#7547,1.55000000000003,0.61086523819801);
#105=CONICAL_SURFACE('',#7551,1.55,0.610865238198034);
#106=CONICAL_SURFACE('',#7560,2.44999999999999,0.610865238198006);
#107=CONICAL_SURFACE('',#7576,2.44999999999999,0.610865238198006);
#108=CONICAL_SURFACE('',#7580,2.44999999999997,0.61086523819802);
#109=CONICAL_SURFACE('',#7708,3.74999998183668,0.610865266092348);
#110=CONICAL_SURFACE('',#7718,1.49999999999999,0.610865238197999);
#111=CONICAL_SURFACE('',#7720,1.50000000000002,0.610865238198016);
#112=CONICAL_SURFACE('',#7725,1.50000000000001,0.610865238198034);
#113=CONICAL_SURFACE('',#7728,1.50000000000001,0.610865238198045);
#114=CONICAL_SURFACE('',#7732,1.49999999999996,0.610865238198016);
#115=CONICAL_SURFACE('',#7735,1.49999999999998,0.61086523819801);
#116=CONICAL_SURFACE('',#7739,1.00000000000001,0.610865238198004);
#117=CONICAL_SURFACE('',#7741,1.00000000000001,0.610865238198051);
#118=CONICAL_SURFACE('',#7839,302.015154390365,0.00975531019504667);
#119=CYLINDRICAL_SURFACE('',#7297,1.64999999999999);
#120=CYLINDRICAL_SURFACE('',#7303,1.64999999999999);
#121=CYLINDRICAL_SURFACE('',#7309,1.64999999999999);
#122=CYLINDRICAL_SURFACE('',#7326,2.94999999999998);
#123=CYLINDRICAL_SURFACE('',#7330,2.94999999999998);
#124=CYLINDRICAL_SURFACE('',#7334,2.95000000000002);
#125=CYLINDRICAL_SURFACE('',#7339,0.2);
#126=CYLINDRICAL_SURFACE('',#7342,0.2);
#127=CYLINDRICAL_SURFACE('',#7344,0.2);
#128=CYLINDRICAL_SURFACE('',#7346,0.2);
#129=CYLINDRICAL_SURFACE('',#7351,0.2);
#130=CYLINDRICAL_SURFACE('',#7362,2.65000000000001);
#131=CYLINDRICAL_SURFACE('',#7366,2.65000000000001);
#132=CYLINDRICAL_SURFACE('',#7370,2.65000000000001);
#133=CYLINDRICAL_SURFACE('',#7375,3.);
#134=CYLINDRICAL_SURFACE('',#7381,3.);
#135=CYLINDRICAL_SURFACE('',#7386,3.);
#136=CYLINDRICAL_SURFACE('',#7391,3.);
#137=CYLINDRICAL_SURFACE('',#7395,8.00000000000004);
#138=CYLINDRICAL_SURFACE('',#7398,7.99999999999997);
#139=CYLINDRICAL_SURFACE('',#7401,0.3);
#140=CYLINDRICAL_SURFACE('',#7407,0.3);
#141=CYLINDRICAL_SURFACE('',#7412,0.3);
#142=CYLINDRICAL_SURFACE('',#7418,0.3);
#143=CYLINDRICAL_SURFACE('',#7423,8.00000000000004);
#144=CYLINDRICAL_SURFACE('',#7425,8.00000000000008);
#145=CYLINDRICAL_SURFACE('',#7476,3.32670051223983);
#146=CYLINDRICAL_SURFACE('',#7487,1581.00356649942);
#147=CYLINDRICAL_SURFACE('',#7504,3.59999999999999);
#148=CYLINDRICAL_SURFACE('',#7522,1.09999999999999);
#149=CYLINDRICAL_SURFACE('',#7574,2.19999999999999);
#150=CYLINDRICAL_SURFACE('',#7578,2.19999999999999);
#151=CYLINDRICAL_SURFACE('',#7582,2.19999999999999);
#152=CYLINDRICAL_SURFACE('',#7591,0.13);
#153=CYLINDRICAL_SURFACE('',#7596,0.13);
#154=CYLINDRICAL_SURFACE('',#7601,0.13);
#155=CYLINDRICAL_SURFACE('',#7602,0.13);
#156=CYLINDRICAL_SURFACE('',#7608,0.13);
#157=CYLINDRICAL_SURFACE('',#7609,3.15000000020561);
#158=CYLINDRICAL_SURFACE('',#7612,3.15000000006049);
#159=CYLINDRICAL_SURFACE('',#7615,3.14999999988369);
#160=CYLINDRICAL_SURFACE('',#7622,0.25);
#161=CYLINDRICAL_SURFACE('',#7627,0.25);
#162=CYLINDRICAL_SURFACE('',#7632,0.25);
#163=CYLINDRICAL_SURFACE('',#7638,0.25);
#164=CYLINDRICAL_SURFACE('',#7640,3.15000000005528);
#165=CYLINDRICAL_SURFACE('',#7647,0.950000000006952);
#166=CYLINDRICAL_SURFACE('',#7649,0.949999999932863);
#167=CYLINDRICAL_SURFACE('',#7651,1.);
#168=CYLINDRICAL_SURFACE('',#7653,1.);
#169=CYLINDRICAL_SURFACE('',#7655,0.950000000494415);
#170=CYLINDRICAL_SURFACE('',#7657,0.950000000117366);
#171=CYLINDRICAL_SURFACE('',#7662,0.999999999999979);
#172=CYLINDRICAL_SURFACE('',#7664,1.20000000000001);
#173=CYLINDRICAL_SURFACE('',#7667,2.59);
#174=CYLINDRICAL_SURFACE('',#7743,1.00000000000001);
#175=CYLINDRICAL_SURFACE('',#7744,1.);
#176=CYLINDRICAL_SURFACE('',#7747,1.);
#177=CYLINDRICAL_SURFACE('',#7752,1.);
#178=CYLINDRICAL_SURFACE('',#7754,1.);
#179=CYLINDRICAL_SURFACE('',#7757,1.);
#180=CYLINDRICAL_SURFACE('',#7764,0.999999999999943);
#181=CYLINDRICAL_SURFACE('',#7766,0.999999999999979);
#182=CYLINDRICAL_SURFACE('',#7768,1.29999999999994);
#183=CYLINDRICAL_SURFACE('',#7770,1.30000000000003);
#184=CYLINDRICAL_SURFACE('',#7826,568.206093502212);
#185=CYLINDRICAL_SURFACE('',#7834,568.58674634951);
#186=CYLINDRICAL_SURFACE('',#7921,1581.00356649942);
#187=CYLINDRICAL_SURFACE('',#7928,1.30000000000001);
#188=CYLINDRICAL_SURFACE('',#7929,1.29999999999995);
#189=CYLINDRICAL_SURFACE('',#7935,0.599999999924268);
#190=CYLINDRICAL_SURFACE('',#7937,0.59999999999911);
#191=CYLINDRICAL_SURFACE('',#7940,0.600000000003292);
#192=CYLINDRICAL_SURFACE('',#7942,0.599999999887937);
#193=CYLINDRICAL_SURFACE('',#7948,0.599999999998205);
#194=CYLINDRICAL_SURFACE('',#7950,0.600000000000015);
#195=CYLINDRICAL_SURFACE('',#7953,0.600000000033339);
#196=CYLINDRICAL_SURFACE('',#7955,0.600000003790592);
#197=CYLINDRICAL_SURFACE('',#7961,0.600000000033318);
#198=CYLINDRICAL_SURFACE('',#7963,0.59999999856533);
#199=CYLINDRICAL_SURFACE('',#7966,0.599999999890671);
#200=CYLINDRICAL_SURFACE('',#7968,0.599999999999994);
#201=CYLINDRICAL_SURFACE('',#7974,0.600000000019865);
#202=CYLINDRICAL_SURFACE('',#7976,0.60000000003067);
#203=CYLINDRICAL_SURFACE('',#7979,0.600000000000238);
#204=CYLINDRICAL_SURFACE('',#7981,0.599999999842789);
#205=FACE_BOUND('',#2421,.T.);
#206=FACE_BOUND('',#2422,.T.);
#207=FACE_BOUND('',#2423,.T.);
#208=FACE_BOUND('',#2431,.T.);
#209=FACE_BOUND('',#2432,.T.);
#210=FACE_BOUND('',#2433,.T.);
#211=FACE_BOUND('',#2434,.T.);
#212=FACE_BOUND('',#2435,.T.);
#213=FACE_BOUND('',#2436,.T.);
#214=FACE_BOUND('',#2437,.T.);
#215=FACE_BOUND('',#2444,.T.);
#216=FACE_BOUND('',#2446,.T.);
#217=FACE_BOUND('',#2448,.T.);
#218=FACE_BOUND('',#2496,.T.);
#219=FACE_BOUND('',#2550,.T.);
#220=FACE_BOUND('',#2559,.T.);
#221=FACE_BOUND('',#2565,.T.);
#222=FACE_BOUND('',#2566,.T.);
#223=FACE_BOUND('',#2569,.T.);
#224=FACE_BOUND('',#2584,.T.);
#225=FACE_BOUND('',#2585,.T.);
#226=FACE_BOUND('',#2586,.T.);
#227=FACE_BOUND('',#2623,.T.);
#228=FACE_BOUND('',#2644,.T.);
#229=FACE_BOUND('',#2656,.T.);
#230=FACE_BOUND('',#2657,.T.);
#231=FACE_BOUND('',#2660,.T.);
#232=FACE_BOUND('',#2661,.T.);
#233=FACE_BOUND('',#2665,.T.);
#234=FACE_BOUND('',#2737,.T.);
#235=(
BOUNDED_CURVE()
B_SPLINE_CURVE(2,(#10158,#10159,#10160),.UNSPECIFIED.,.F.,.F.)
B_SPLINE_CURVE_WITH_KNOTS((3,3),(0.0153582188827431,2.79040075964437),
 .UNSPECIFIED.)
CURVE()
GEOMETRIC_REPRESENTATION_ITEM()
RATIONAL_B_SPLINE_CURVE((0.999999999844438,0.999999985842086,0.999999990537312))
REPRESENTATION_ITEM('')
);
#236=(
BOUNDED_CURVE()
B_SPLINE_CURVE(2,(#10595,#10596,#10597),.UNSPECIFIED.,.F.,.F.)
B_SPLINE_CURVE_WITH_KNOTS((3,3),(0.0809730676855986,0.275682732876671),
 .UNSPECIFIED.)
CURVE()
GEOMETRIC_REPRESENTATION_ITEM()
RATIONAL_B_SPLINE_CURVE((1.00000003946982,1.00000008423216,1.00000011604482))
REPRESENTATION_ITEM('')
);
#237=(
BOUNDED_CURVE()
B_SPLINE_CURVE(2,(#10877,#10878,#10879),.UNSPECIFIED.,.F.,.F.)
B_SPLINE_CURVE_WITH_KNOTS((3,3),(21.9955676634343,36.5999536307968),
 .UNSPECIFIED.)
CURVE()
GEOMETRIC_REPRESENTATION_ITEM()
RATIONAL_B_SPLINE_CURVE((0.971407124210668,0.972799649595557,0.988646690033789))
REPRESENTATION_ITEM('')
);
#238=(
BOUNDED_CURVE()
B_SPLINE_CURVE(2,(#11312,#11313,#11314),.UNSPECIFIED.,.F.,.F.)
B_SPLINE_CURVE_WITH_KNOTS((3,3),(0.0153582188827431,2.79040075964437),
 .UNSPECIFIED.)
CURVE()
GEOMETRIC_REPRESENTATION_ITEM()
RATIONAL_B_SPLINE_CURVE((0.999999999844438,0.999999985842086,0.999999990537312))
REPRESENTATION_ITEM('')
);
#239=(
BOUNDED_CURVE()
B_SPLINE_CURVE(2,(#11520,#11521,#11522),.UNSPECIFIED.,.F.,.F.)
B_SPLINE_CURVE_WITH_KNOTS((3,3),(4.73540552629565,4.74060234531797),
 .UNSPECIFIED.)
CURVE()
GEOMETRIC_REPRESENTATION_ITEM()
RATIONAL_B_SPLINE_CURVE((0.97526264496586,0.975262615238077,0.975262615238036))
REPRESENTATION_ITEM('')
);
#240=B_SPLINE_CURVE_WITH_KNOTS('',3,(#10129,#10130,#10131,#10132,#10133,
#10134,#10135,#10136,#10137,#10138),.UNSPECIFIED.,.F.,.F.,(4,1,1,1,1,1,
1,4),(3.04104174383529,3.14464224299354,3.24824274215179,3.45544374046829,
3.86984573710129,4.28424773373429,5.11305172700029,5.94089668374178),
 .UNSPECIFIED.);
#241=B_SPLINE_CURVE_WITH_KNOTS('',3,(#10205,#10206,#10207,#10208,#10209,
#10210,#10211,#10212,#10213,#10214),.UNSPECIFIED.,.F.,.F.,(4,1,1,1,1,1,
1,4),(-2.92101906066319,-2.81737501930708,-2.71373097682475,-2.5064428918601,
-2.09186672193079,-1.26271438207217,-0.433562042213551,-0.0200065775415189),
 .UNSPECIFIED.);
#242=B_SPLINE_CURVE_WITH_KNOTS('',3,(#10373,#10374,#10375,#10376),
 .UNSPECIFIED.,.F.,.F.,(4,4),(-0.109736196844373,0.),.UNSPECIFIED.);
#243=B_SPLINE_CURVE_WITH_KNOTS('',3,(#10377,#10378,#10379,#10380),
 .UNSPECIFIED.,.F.,.F.,(4,4),(0.,0.109736196844373),.UNSPECIFIED.);
#244=B_SPLINE_CURVE_WITH_KNOTS('',3,(#10434,#10435,#10436,#10437,#10438,
#10439,#10440,#10441,#10442,#10443),.UNSPECIFIED.,.F.,.F.,(4,1,1,1,1,1,
1,4),(3.04104174383529,3.14464224299354,3.24824274215179,3.45544374046829,
3.86984573710129,4.28424773373429,5.11305172700029,5.94181230759269),
 .UNSPECIFIED.);
#245=B_SPLINE_CURVE_WITH_KNOTS('',3,(#10444,#10445,#10446,#10447,#10448,
#10449,#10450,#10451,#10452,#10453,#10454,#10455,#10456,#10457,#10458,#10459,
#10460,#10461,#10462,#10463,#10464,#10465,#10466,#10467,#10468,#10469,#10470,
#10471,#10472,#10473,#10474,#10475,#10476,#10477),.UNSPECIFIED.,.F.,.F.,
(4,3,3,3,3,3,3,3,3,3,3,4),(0.,0.00398795616577784,0.0078064076171055,0.0118324256843529,
0.0156120107712023,0.0185049945707107,0.0225112935154698,0.0234236253143212,
0.0274536984180484,0.0302185498725062,0.0342007440548987,0.037013968764619),
 .UNSPECIFIED.);
#246=B_SPLINE_CURVE_WITH_KNOTS('',3,(#10539,#10540,#10541,#10542,#10543,
#10544,#10545,#10546,#10547,#10548,#10549,#10550,#10551,#10552,#10553,#10554,
#10555,#10556,#10557,#10558,#10559,#10560,#10561,#10562,#10563,#10564,#10565,
#10566,#10567,#10568,#10569,#10570,#10571,#10572),.UNSPECIFIED.,.F.,.F.,
(4,3,3,3,3,3,3,3,3,3,3,4),(0.,0.00399433933272863,0.00783317491646232,0.0118606339182207,
0.0156608872748894,0.0185189748794105,0.0225285968789883,0.02347773611665,
0.0275052834840545,0.0302481275768559,0.0342249265096565,0.0370173851850627),
 .UNSPECIFIED.);
#247=B_SPLINE_CURVE_WITH_KNOTS('',3,(#10573,#10574,#10575,#10576,#10577,
#10578,#10579,#10580,#10581,#10582),.UNSPECIFIED.,.F.,.F.,(4,1,1,1,1,1,
1,4),(0.0190289888282863,0.433562042213551,1.26271438207217,2.09186672193079,
2.5064428918601,2.71373097682475,2.81737501930708,2.92101906178941),
 .UNSPECIFIED.);
#248=B_SPLINE_CURVE_WITH_KNOTS('',3,(#10744,#10745,#10746,#10747),
 .UNSPECIFIED.,.F.,.F.,(4,4),(4.82816289593169,12.4873071207246),
 .UNSPECIFIED.);
#249=B_SPLINE_CURVE_WITH_KNOTS('',3,(#10753,#10754,#10755,#10756),
 .UNSPECIFIED.,.F.,.F.,(4,4),(-0.13315715645947,0.),.UNSPECIFIED.);
#250=B_SPLINE_CURVE_WITH_KNOTS('',3,(#10757,#10758,#10759,#10760),
 .UNSPECIFIED.,.F.,.F.,(4,4),(0.092043881303252,36.2432988655226),
 .UNSPECIFIED.);
#251=B_SPLINE_CURVE_WITH_KNOTS('',3,(#10762,#10763,#10764,#10765),
 .UNSPECIFIED.,.F.,.F.,(4,4),(2.41343702792912,10.1275270083403),
 .UNSPECIFIED.);
#252=B_SPLINE_CURVE_WITH_KNOTS('',3,(#10766,#10767,#10768,#10769),
 .UNSPECIFIED.,.F.,.F.,(4,4),(0.,30.5264818176082),.UNSPECIFIED.);
#253=B_SPLINE_CURVE_WITH_KNOTS('',3,(#10773,#10774,#10775,#10776),
 .UNSPECIFIED.,.F.,.F.,(4,4),(0.0234872868100542,36.2432939066178),
 .UNSPECIFIED.);
#254=B_SPLINE_CURVE_WITH_KNOTS('',3,(#10783,#10784,#10785,#10786),
 .UNSPECIFIED.,.F.,.F.,(4,4),(9.40735156568921,14.2698870565594),
 .UNSPECIFIED.);
#255=B_SPLINE_CURVE_WITH_KNOTS('',3,(#10789,#10790,#10791,#10792),
 .UNSPECIFIED.,.F.,.F.,(4,4),(0.292007313685944,15.4560642975032),
 .UNSPECIFIED.);
#256=B_SPLINE_CURVE_WITH_KNOTS('',3,(#10801,#10802,#10803,#10804),
 .UNSPECIFIED.,.F.,.F.,(4,4),(0.,4.87918530124109),.UNSPECIFIED.);
#257=B_SPLINE_CURVE_WITH_KNOTS('',3,(#10808,#10809,#10810,#10811),
 .UNSPECIFIED.,.F.,.F.,(4,4),(0.0452104913232494,2.42117461867446),
 .UNSPECIFIED.);
#258=B_SPLINE_CURVE_WITH_KNOTS('',3,(#10837,#10838,#10839,#10840,#10841,
#10842,#10843,#10844),.UNSPECIFIED.,.F.,.F.,(4,2,2,4),(-19.5326617096779,
-19.3691417935195,-18.8482797032055,-18.8185908663555),.UNSPECIFIED.);
#259=B_SPLINE_CURVE_WITH_KNOTS('',3,(#10855,#10856,#10857,#10858),
 .UNSPECIFIED.,.F.,.F.,(4,4),(0.0438350270237027,12.4960757809738),
 .UNSPECIFIED.);
#260=B_SPLINE_CURVE_WITH_KNOTS('',3,(#10862,#10863,#10864,#10865),
 .UNSPECIFIED.,.F.,.F.,(4,4),(0.,12.4960803468766),.UNSPECIFIED.);
#261=B_SPLINE_CURVE_WITH_KNOTS('',3,(#10907,#10908,#10909,#10910),
 .UNSPECIFIED.,.F.,.F.,(4,4),(0.,7.6591442291734),.UNSPECIFIED.);
#262=B_SPLINE_CURVE_WITH_KNOTS('',3,(#10912,#10913,#10914,#10915),
 .UNSPECIFIED.,.F.,.F.,(4,4),(9.55054268294427,40.0770261856877),
 .UNSPECIFIED.);
#263=B_SPLINE_CURVE_WITH_KNOTS('',3,(#10917,#10918,#10919,#10920),
 .UNSPECIFIED.,.F.,.F.,(4,4),(0.,7.71408948777355),.UNSPECIFIED.);
#264=B_SPLINE_CURVE_WITH_KNOTS('',3,(#11135,#11136,#11137,#11138),
 .UNSPECIFIED.,.F.,.F.,(4,4),(0.,24.9299171656387),.UNSPECIFIED.);
#265=B_SPLINE_CURVE_WITH_KNOTS('',3,(#11144,#11145,#11146,#11147),
 .UNSPECIFIED.,.F.,.F.,(4,4),(32.5668724665233,42.4507086340526),
 .UNSPECIFIED.);
#266=B_SPLINE_CURVE_WITH_KNOTS('',3,(#11504,#11505,#11506,#11507,#11508,
#11509,#11510,#11511,#11512,#11513,#11514,#11515),.UNSPECIFIED.,.F.,.F.,
(4,2,2,2,2,4),(-0.000379137703743353,0.,0.0048782887690884,0.0099566485696916,
0.0150350082419464,0.0201133679318029),.UNSPECIFIED.);
#267=B_SPLINE_CURVE_WITH_KNOTS('',3,(#11554,#11555,#11556,#11557,#11558,
#11559,#11560,#11561,#11562,#11563),.UNSPECIFIED.,.F.,.F.,(4,3,3,4),(0.,
0.285714285723934,0.571428571447869,1.00000000003377),.UNSPECIFIED.);
#268=B_SPLINE_CURVE_WITH_KNOTS('',3,(#11694,#11695,#11696,#11697,#11698,
#11699,#11700,#11701,#11702,#11703),.UNSPECIFIED.,.F.,.F.,(4,2,2,2,4),(0.598395771794298,
0.617384426047003,0.641379924783294,0.665375423519585,0.705701894460481),
 .UNSPECIFIED.);
#269=B_SPLINE_CURVE_WITH_KNOTS('',3,(#11704,#11705,#11706,#11707,#11708,
#11709),.UNSPECIFIED.,.F.,.F.,(4,2,4),(0.705701894460481,0.712532844607467,
0.759690265695348),.UNSPECIFIED.);
#270=B_SPLINE_CURVE_WITH_KNOTS('',3,(#11715,#11716,#11717,#11718,#11719,
#11720,#11721,#11722,#11723,#11724),.UNSPECIFIED.,.F.,.F.,(4,2,2,2,4),(0.164326472741915,
0.202721211232164,0.241115949722414,0.278897650965586,0.316679352208757),
 .UNSPECIFIED.);
#271=B_SPLINE_CURVE_WITH_KNOTS('',3,(#11726,#11727,#11728,#11729,#11730,
#11731,#11732,#11733,#11734,#11735,#11736,#11737),.UNSPECIFIED.,.F.,.F.,
(4,2,2,2,2,4),(0.253230088565117,0.300387509652998,0.34754493074088,0.371540429477171,
0.395535928213462,0.414524582466164),.UNSPECIFIED.);
#272=B_SPLINE_CURVE_WITH_KNOTS('',3,(#12160,#12161,#12162,#12163),
 .UNSPECIFIED.,.F.,.F.,(4,4),(0.,6.99813077709461),.UNSPECIFIED.);
#273=B_SPLINE_CURVE_WITH_KNOTS('',3,(#12170,#12171,#12172,#12173),
 .UNSPECIFIED.,.F.,.F.,(4,4),(0.,4.47763437019055),.UNSPECIFIED.);
#274=B_SPLINE_CURVE_WITH_KNOTS('',3,(#12187,#12188,#12189,#12190),
 .UNSPECIFIED.,.F.,.F.,(4,4),(0.118754811190591,8.32100713478215),
 .UNSPECIFIED.);
#275=B_SPLINE_CURVE_WITH_KNOTS('',3,(#12193,#12194,#12195,#12196),
 .UNSPECIFIED.,.F.,.F.,(4,4),(0.,8.32100746440057),.UNSPECIFIED.);
#276=B_SPLINE_CURVE_WITH_KNOTS('',3,(#12204,#12205,#12206,#12207),
 .UNSPECIFIED.,.F.,.F.,(4,4),(0.,4.49631050593728),.UNSPECIFIED.);
#277=B_SPLINE_CURVE_WITH_KNOTS('',3,(#12222,#12223,#12224,#12225),
 .UNSPECIFIED.,.F.,.F.,(4,4),(9.87984482528049E-7,8.32100845238505),
 .UNSPECIFIED.);
#278=B_SPLINE_CURVE_WITH_KNOTS('',3,(#12236,#12237,#12238,#12239),
 .UNSPECIFIED.,.F.,.F.,(4,4),(0.,28.53275857312),.UNSPECIFIED.);
#279=B_SPLINE_CURVE_WITH_KNOTS('',3,(#12245,#12246,#12247,#12248),
 .UNSPECIFIED.,.F.,.F.,(4,4),(0.,28.5327575669776),.UNSPECIFIED.);
#280=B_SPLINE_CURVE_WITH_KNOTS('',3,(#12252,#12253,#12254,#12255),
 .UNSPECIFIED.,.F.,.F.,(4,4),(0.,15.9892124573465),.UNSPECIFIED.);
#281=B_SPLINE_CURVE_WITH_KNOTS('',3,(#12259,#12260,#12261,#12262),
 .UNSPECIFIED.,.F.,.F.,(4,4),(0.,40.267947020343),.UNSPECIFIED.);
#282=B_SPLINE_CURVE_WITH_KNOTS('',3,(#12268,#12269,#12270,#12271),
 .UNSPECIFIED.,.F.,.F.,(4,4),(0.,20.9667562123042),.UNSPECIFIED.);
#283=B_SPLINE_CURVE_WITH_KNOTS('',3,(#12272,#12273,#12274,#12275),
 .UNSPECIFIED.,.F.,.F.,(4,4),(0.,22.7559102207568),.UNSPECIFIED.);
#284=B_SPLINE_CURVE_WITH_KNOTS('',3,(#12281,#12282,#12283,#12284),
 .UNSPECIFIED.,.F.,.F.,(4,4),(0.00264817634410403,40.2679490953433),
 .UNSPECIFIED.);
#285=B_SPLINE_CURVE_WITH_KNOTS('',3,(#12292,#12293,#12294,#12295),
 .UNSPECIFIED.,.F.,.F.,(4,4),(0.,22.7559097425375),.UNSPECIFIED.);
#286=B_SPLINE_CURVE_WITH_KNOTS('',3,(#12296,#12297,#12298,#12299),
 .UNSPECIFIED.,.F.,.F.,(4,4),(0.,20.966756524258),.UNSPECIFIED.);
#287=B_SPLINE_CURVE_WITH_KNOTS('',3,(#12303,#12304,#12305,#12306),
 .UNSPECIFIED.,.F.,.F.,(4,4),(0.00240045613046297,42.4507102482575),
 .UNSPECIFIED.);
#288=B_SPLINE_CURVE_WITH_KNOTS('',3,(#12308,#12309,#12310,#12311),
 .UNSPECIFIED.,.F.,.F.,(4,4),(7.71408948777354,10.1275263615756),
 .UNSPECIFIED.);
#289=B_SPLINE_CURVE_WITH_KNOTS('',3,(#12312,#12313,#12314,#12315),
 .UNSPECIFIED.,.F.,.F.,(4,4),(0.,9.55054268294426),.UNSPECIFIED.);
#290=B_SPLINE_CURVE_WITH_KNOTS('',3,(#12317,#12318,#12319,#12320),
 .UNSPECIFIED.,.F.,.F.,(4,4),(7.65914422917346,12.4873071278666),
 .UNSPECIFIED.);
#291=B_SPLINE_CURVE_WITH_KNOTS('',3,(#12348,#12349,#12350,#12351),
 .UNSPECIFIED.,.F.,.F.,(4,4),(0.017750597673855,6.91013634551178),
 .UNSPECIFIED.);
#292=B_SPLINE_CURVE_WITH_KNOTS('',3,(#12353,#12354,#12355,#12356),
 .UNSPECIFIED.,.F.,.F.,(4,4),(0.,8.20134380831281),.UNSPECIFIED.);
#293=B_SPLINE_CURVE_WITH_KNOTS('',3,(#12377,#12378,#12379,#12380),
 .UNSPECIFIED.,.F.,.F.,(4,4),(0.,14.2837149280711),.UNSPECIFIED.);
#294=B_SPLINE_CURVE_WITH_KNOTS('',3,(#12382,#12383,#12384,#12385),
 .UNSPECIFIED.,.F.,.F.,(4,4),(3.94408382852845E-8,7.86596320963856),
 .UNSPECIFIED.);
#295=B_SPLINE_CURVE_WITH_KNOTS('',3,(#12388,#12389,#12390,#12391),
 .UNSPECIFIED.,.F.,.F.,(4,4),(0.,7.95285405154053),.UNSPECIFIED.);
#296=B_SPLINE_CURVE_WITH_KNOTS('',3,(#12397,#12398,#12399,#12400),
 .UNSPECIFIED.,.F.,.F.,(4,4),(0.,10.1746266666082),.UNSPECIFIED.);
#297=B_SPLINE_CURVE_WITH_KNOTS('',3,(#12410,#12411,#12412,#12413),
 .UNSPECIFIED.,.F.,.F.,(4,4),(0.,14.4496150546724),.UNSPECIFIED.);
#298=B_SPLINE_CURVE_WITH_KNOTS('',3,(#12416,#12417,#12418,#12419),
 .UNSPECIFIED.,.F.,.F.,(4,4),(0.,10.164896213777),.UNSPECIFIED.);
#299=B_SPLINE_CURVE_WITH_KNOTS('',3,(#12506,#12507,#12508,#12509),
 .UNSPECIFIED.,.F.,.F.,(4,4),(0.,7.32214777540821),.UNSPECIFIED.);
#300=B_SPLINE_CURVE_WITH_KNOTS('',3,(#12514,#12515,#12516,#12517),
 .UNSPECIFIED.,.F.,.F.,(4,4),(0.,7.32214927275342),.UNSPECIFIED.);
#301=B_SPLINE_CURVE_WITH_KNOTS('',3,(#12521,#12522,#12523,#12524),
 .UNSPECIFIED.,.F.,.F.,(4,4),(0.,5.24105162030941),.UNSPECIFIED.);
#302=B_SPLINE_CURVE_WITH_KNOTS('',3,(#12527,#12528,#12529,#12530),
 .UNSPECIFIED.,.F.,.F.,(4,4),(0.,5.24105077485862),.UNSPECIFIED.);
#303=B_SPLINE_CURVE_WITH_KNOTS('',3,(#12534,#12535,#12536,#12537),
 .UNSPECIFIED.,.F.,.F.,(4,4),(0.,3.74796570143533),.UNSPECIFIED.);
#304=B_SPLINE_CURVE_WITH_KNOTS('',3,(#12540,#12541,#12542,#12543),
 .UNSPECIFIED.,.F.,.F.,(4,4),(0.0242128991509826,1.8648172476544),
 .UNSPECIFIED.);
#305=B_SPLINE_CURVE_WITH_KNOTS('',3,(#12553,#12554,#12555,#12556),
 .UNSPECIFIED.,.F.,.F.,(4,4),(1.59593364410029E-6,4.29681639370125),
 .UNSPECIFIED.);
#306=B_SPLINE_CURVE_WITH_KNOTS('',3,(#12559,#12560,#12561,#12562),
 .UNSPECIFIED.,.F.,.F.,(4,4),(0.,6.43255209104982),.UNSPECIFIED.);
#307=B_SPLINE_CURVE_WITH_KNOTS('',3,(#12572,#12573,#12574,#12575),
 .UNSPECIFIED.,.F.,.F.,(4,4),(0.,7.32214777540821),.UNSPECIFIED.);
#308=B_SPLINE_CURVE_WITH_KNOTS('',3,(#12578,#12579,#12580,#12581),
 .UNSPECIFIED.,.F.,.F.,(4,4),(0.,7.32214927275342),.UNSPECIFIED.);
#309=B_SPLINE_CURVE_WITH_KNOTS('',3,(#12588,#12589,#12590,#12591),
 .UNSPECIFIED.,.F.,.F.,(4,4),(0.,5.24050112148616),.UNSPECIFIED.);
#310=B_SPLINE_CURVE_WITH_KNOTS('',3,(#12594,#12595,#12596,#12597),
 .UNSPECIFIED.,.F.,.F.,(4,4),(0.,5.24105077485862),.UNSPECIFIED.);
#311=B_SPLINE_CURVE_WITH_KNOTS('',3,(#12600,#12601,#12602,#12603),
 .UNSPECIFIED.,.F.,.F.,(4,4),(0.,3.74846952311121),.UNSPECIFIED.);
#312=B_SPLINE_CURVE_WITH_KNOTS('',3,(#12610,#12611,#12612,#12613),
 .UNSPECIFIED.,.F.,.F.,(4,4),(0.,1.86820720330552),.UNSPECIFIED.);
#313=B_SPLINE_CURVE_WITH_KNOTS('',3,(#12623,#12624,#12625,#12626),
 .UNSPECIFIED.,.F.,.F.,(4,4),(0.,4.29681085489436),.UNSPECIFIED.);
#314=B_SPLINE_CURVE_WITH_KNOTS('',3,(#12629,#12630,#12631,#12632),
 .UNSPECIFIED.,.F.,.F.,(4,4),(0.,6.43255209104982),.UNSPECIFIED.);
#315=B_SPLINE_CURVE_WITH_KNOTS('',3,(#12638,#12639,#12640,#12641),
 .UNSPECIFIED.,.F.,.F.,(4,4),(0.00964718051321777,4.3050214699344),
 .UNSPECIFIED.);
#316=B_SPLINE_CURVE_WITH_KNOTS('',3,(#12643,#12644,#12645,#12646),
 .UNSPECIFIED.,.F.,.F.,(4,4),(2.7107862635555E-5,2.69836780740994),
 .UNSPECIFIED.);
#317=B_SPLINE_CURVE_WITH_KNOTS('',3,(#12656,#12657,#12658,#12659),
 .UNSPECIFIED.,.F.,.F.,(4,4),(0.,1.43538687924958),.UNSPECIFIED.);
#318=B_SPLINE_CURVE_WITH_KNOTS('',3,(#12683,#12684,#12685,#12686),
 .UNSPECIFIED.,.F.,.F.,(4,4),(0.,1.36848132922316),.UNSPECIFIED.);
#319=B_SPLINE_CURVE_WITH_KNOTS('',3,(#12710,#12711,#12712,#12713),
 .UNSPECIFIED.,.F.,.F.,(4,4),(0.,6.29533664696432),.UNSPECIFIED.);
#320=B_SPLINE_CURVE_WITH_KNOTS('',3,(#12864,#12865,#12866,#12867),
 .UNSPECIFIED.,.F.,.F.,(4,4),(0.,4.82816289593173),.UNSPECIFIED.);
#321=B_SPLINE_CURVE_WITH_KNOTS('',3,(#12869,#12870,#12871,#12872),
 .UNSPECIFIED.,.F.,.F.,(4,4),(30.5264818176083,40.0762237503661),
 .UNSPECIFIED.);
#322=B_SPLINE_CURVE_WITH_KNOTS('',3,(#12874,#12875,#12876,#12877),
 .UNSPECIFIED.,.F.,.F.,(4,4),(0.00366909022663251,2.41343702792913),
 .UNSPECIFIED.);
#323=B_SPLINE_CURVE_WITH_KNOTS('',3,(#12887,#12888,#12889,#12890),
 .UNSPECIFIED.,.F.,.F.,(4,4),(4.8791853012411,14.2187428105961),
 .UNSPECIFIED.);
#324=B_SPLINE_CURVE_WITH_KNOTS('',3,(#12896,#12897,#12898,#12899),
 .UNSPECIFIED.,.F.,.F.,(4,4),(2.42117461867447,15.4622793482663),
 .UNSPECIFIED.);
#325=B_SPLINE_CURVE_WITH_KNOTS('',3,(#12905,#12906,#12907,#12908),
 .UNSPECIFIED.,.F.,.F.,(4,4),(0.0446112834198919,9.40735156568914),
 .UNSPECIFIED.);
#326=LINE('',#10119,#991);
#327=LINE('',#10121,#992);
#328=LINE('',#10123,#993);
#329=LINE('',#10125,#994);
#330=LINE('',#10127,#995);
#331=LINE('',#10140,#996);
#332=LINE('',#10142,#997);
#333=LINE('',#10144,#998);
#334=LINE('',#10146,#999);
#335=LINE('',#10148,#1000);
#336=LINE('',#10150,#1001);
#337=LINE('',#10152,#1002);
#338=LINE('',#10154,#1003);
#339=LINE('',#10156,#1004);
#340=LINE('',#10162,#1005);
#341=LINE('',#10164,#1006);
#342=LINE('',#10166,#1007);
#343=LINE('',#10168,#1008);
#344=LINE('',#10170,#1009);
#345=LINE('',#10172,#1010);
#346=LINE('',#10174,#1011);
#347=LINE('',#10176,#1012);
#348=LINE('',#10178,#1013);
#349=LINE('',#10180,#1014);
#350=LINE('',#10182,#1015);
#351=LINE('',#10184,#1016);
#352=LINE('',#10186,#1017);
#353=LINE('',#10188,#1018);
#354=LINE('',#10190,#1019);
#355=LINE('',#10192,#1020);
#356=LINE('',#10194,#1021);
#357=LINE('',#10196,#1022);
#358=LINE('',#10198,#1023);
#359=LINE('',#10200,#1024);
#360=LINE('',#10202,#1025);
#361=LINE('',#10204,#1026);
#362=LINE('',#10221,#1027);
#363=LINE('',#10231,#1028);
#364=LINE('',#10241,#1029);
#365=LINE('',#10247,#1030);
#366=LINE('',#10252,#1031);
#367=LINE('',#10254,#1032);
#368=LINE('',#10256,#1033);
#369=LINE('',#10258,#1034);
#370=LINE('',#10260,#1035);
#371=LINE('',#10262,#1036);
#372=LINE('',#10264,#1037);
#373=LINE('',#10268,#1038);
#374=LINE('',#10270,#1039);
#375=LINE('',#10272,#1040);
#376=LINE('',#10274,#1041);
#377=LINE('',#10284,#1042);
#378=LINE('',#10288,#1043);
#379=LINE('',#10292,#1044);
#380=LINE('',#10296,#1045);
#381=LINE('',#10305,#1046);
#382=LINE('',#10308,#1047);
#383=LINE('',#10313,#1048);
#384=LINE('',#10316,#1049);
#385=LINE('',#10321,#1050);
#386=LINE('',#10329,#1051);
#387=LINE('',#10334,#1052);
#388=LINE('',#10337,#1053);
#389=LINE('',#10341,#1054);
#390=LINE('',#10350,#1055);
#391=LINE('',#10480,#1056);
#392=LINE('',#10482,#1057);
#393=LINE('',#10483,#1058);
#394=LINE('',#10486,#1059);
#395=LINE('',#10487,#1060);
#396=LINE('',#10586,#1061);
#397=LINE('',#10588,#1062);
#398=LINE('',#10590,#1063);
#399=LINE('',#10592,#1064);
#400=LINE('',#10593,#1065);
#401=LINE('',#10599,#1066);
#402=LINE('',#10601,#1067);
#403=LINE('',#10602,#1068);
#404=LINE('',#10619,#1069);
#405=LINE('',#10623,#1070);
#406=LINE('',#10627,#1071);
#407=LINE('',#10631,#1072);
#408=LINE('',#10635,#1073);
#409=LINE('',#10639,#1074);
#410=LINE('',#10648,#1075);
#411=LINE('',#10657,#1076);
#412=LINE('',#10665,#1077);
#413=LINE('',#10673,#1078);
#414=LINE('',#10678,#1079);
#415=LINE('',#10681,#1080);
#416=LINE('',#10684,#1081);
#417=LINE('',#10685,#1082);
#418=LINE('',#10688,#1083);
#419=LINE('',#10692,#1084);
#420=LINE('',#10693,#1085);
#421=LINE('',#10698,#1086);
#422=LINE('',#10707,#1087);
#423=LINE('',#10716,#1088);
#424=LINE('',#10717,#1089);
#425=LINE('',#10728,#1090);
#426=LINE('',#10729,#1091);
#427=LINE('',#10734,#1092);
#428=LINE('',#10735,#1093);
#429=LINE('',#10737,#1094);
#430=LINE('',#10741,#1095);
#431=LINE('',#10742,#1096);
#432=LINE('',#10748,#1097);
#433=LINE('',#10751,#1098);
#434=LINE('',#10772,#1099);
#435=LINE('',#10779,#1100);
#436=LINE('',#10780,#1101);
#437=LINE('',#10787,#1102);
#438=LINE('',#10795,#1103);
#439=LINE('',#10796,#1104);
#440=LINE('',#10800,#1105);
#441=LINE('',#10807,#1106);
#442=LINE('',#10814,#1107);
#443=LINE('',#10815,#1108);
#444=LINE('',#10859,#1109);
#445=LINE('',#10861,#1110);
#446=LINE('',#10866,#1111);
#447=LINE('',#10869,#1112);
#448=LINE('',#10871,#1113);
#449=LINE('',#10873,#1114);
#450=LINE('',#10875,#1115);
#451=LINE('',#10882,#1116);
#452=LINE('',#10886,#1117);
#453=LINE('',#10891,#1118);
#454=LINE('',#10895,#1119);
#455=LINE('',#10898,#1120);
#456=LINE('',#10901,#1121);
#457=LINE('',#10902,#1122);
#458=LINE('',#10905,#1123);
#459=LINE('',#10926,#1124);
#460=LINE('',#10929,#1125);
#461=LINE('',#10931,#1126);
#462=LINE('',#10936,#1127);
#463=LINE('',#10938,#1128);
#464=LINE('',#10945,#1129);
#465=LINE('',#10950,#1130);
#466=LINE('',#10952,#1131);
#467=LINE('',#10954,#1132);
#468=LINE('',#10955,#1133);
#469=LINE('',#10959,#1134);
#470=LINE('',#10963,#1135);
#471=LINE('',#10965,#1136);
#472=LINE('',#10967,#1137);
#473=LINE('',#10968,#1138);
#474=LINE('',#10971,#1139);
#475=LINE('',#10973,#1140);
#476=LINE('',#10974,#1141);
#477=LINE('',#10977,#1142);
#478=LINE('',#10979,#1143);
#479=LINE('',#10980,#1144);
#480=LINE('',#10982,#1145);
#481=LINE('',#10983,#1146);
#482=LINE('',#10985,#1147);
#483=LINE('',#10986,#1148);
#484=LINE('',#10988,#1149);
#485=LINE('',#10994,#1150);
#486=LINE('',#10996,#1151);
#487=LINE('',#10998,#1152);
#488=LINE('',#11001,#1153);
#489=LINE('',#11003,#1154);
#490=LINE('',#11015,#1155);
#491=LINE('',#11022,#1156);
#492=LINE('',#11024,#1157);
#493=LINE('',#11026,#1158);
#494=LINE('',#11028,#1159);
#495=LINE('',#11030,#1160);
#496=LINE('',#11032,#1161);
#497=LINE('',#11034,#1162);
#498=LINE('',#11035,#1163);
#499=LINE('',#11038,#1164);
#500=LINE('',#11042,#1165);
#501=LINE('',#11046,#1166);
#502=LINE('',#11050,#1167);
#503=LINE('',#11140,#1168);
#504=LINE('',#11142,#1169);
#505=LINE('',#11148,#1170);
#506=LINE('',#11154,#1171);
#507=LINE('',#11157,#1172);
#508=LINE('',#11160,#1173);
#509=LINE('',#11162,#1174);
#510=LINE('',#11164,#1175);
#511=LINE('',#11166,#1176);
#512=LINE('',#11168,#1177);
#513=LINE('',#11170,#1178);
#514=LINE('',#11172,#1179);
#515=LINE('',#11174,#1180);
#516=LINE('',#11176,#1181);
#517=LINE('',#11178,#1182);
#518=LINE('',#11180,#1183);
#519=LINE('',#11182,#1184);
#520=LINE('',#11183,#1185);
#521=LINE('',#11186,#1186);
#522=LINE('',#11188,#1187);
#523=LINE('',#11189,#1188);
#524=LINE('',#11194,#1189);
#525=LINE('',#11198,#1190);
#526=LINE('',#11200,#1191);
#527=LINE('',#11201,#1192);
#528=LINE('',#11206,#1193);
#529=LINE('',#11210,#1194);
#530=LINE('',#11212,#1195);
#531=LINE('',#11213,#1196);
#532=LINE('',#11218,#1197);
#533=LINE('',#11222,#1198);
#534=LINE('',#11224,#1199);
#535=LINE('',#11225,#1200);
#536=LINE('',#11229,#1201);
#537=LINE('',#11233,#1202);
#538=LINE('',#11234,#1203);
#539=LINE('',#11236,#1204);
#540=LINE('',#11240,#1205);
#541=LINE('',#11242,#1206);
#542=LINE('',#11244,#1207);
#543=LINE('',#11248,#1208);
#544=LINE('',#11252,#1209);
#545=LINE('',#11254,#1210);
#546=LINE('',#11259,#1211);
#547=LINE('',#11264,#1212);
#548=LINE('',#11268,#1213);
#549=LINE('',#11270,#1214);
#550=LINE('',#11272,#1215);
#551=LINE('',#11274,#1216);
#552=LINE('',#11276,#1217);
#553=LINE('',#11278,#1218);
#554=LINE('',#11280,#1219);
#555=LINE('',#11282,#1220);
#556=LINE('',#11284,#1221);
#557=LINE('',#11286,#1222);
#558=LINE('',#11288,#1223);
#559=LINE('',#11290,#1224);
#560=LINE('',#11292,#1225);
#561=LINE('',#11294,#1226);
#562=LINE('',#11296,#1227);
#563=LINE('',#11298,#1228);
#564=LINE('',#11300,#1229);
#565=LINE('',#11302,#1230);
#566=LINE('',#11304,#1231);
#567=LINE('',#11306,#1232);
#568=LINE('',#11308,#1233);
#569=LINE('',#11310,#1234);
#570=LINE('',#11316,#1235);
#571=LINE('',#11318,#1236);
#572=LINE('',#11320,#1237);
#573=LINE('',#11322,#1238);
#574=LINE('',#11324,#1239);
#575=LINE('',#11326,#1240);
#576=LINE('',#11328,#1241);
#577=LINE('',#11330,#1242);
#578=LINE('',#11332,#1243);
#579=LINE('',#11336,#1244);
#580=LINE('',#11340,#1245);
#581=LINE('',#11344,#1246);
#582=LINE('',#11346,#1247);
#583=LINE('',#11350,#1248);
#584=LINE('',#11354,#1249);
#585=LINE('',#11356,#1250);
#586=LINE('',#11360,#1251);
#587=LINE('',#11369,#1252);
#588=LINE('',#11372,#1253);
#589=LINE('',#11377,#1254);
#590=LINE('',#11380,#1255);
#591=LINE('',#11385,#1256);
#592=LINE('',#11431,#1257);
#593=LINE('',#11432,#1258);
#594=LINE('',#11467,#1259);
#595=LINE('',#11468,#1260);
#596=LINE('',#11501,#1261);
#597=LINE('',#11503,#1262);
#598=LINE('',#11518,#1263);
#599=LINE('',#11595,#1264);
#600=LINE('',#11596,#1265);
#601=LINE('',#11599,#1266);
#602=LINE('',#11602,#1267);
#603=LINE('',#11605,#1268);
#604=LINE('',#11606,#1269);
#605=LINE('',#11609,#1270);
#606=LINE('',#11613,#1271);
#607=LINE('',#11614,#1272);
#608=LINE('',#11617,#1273);
#609=LINE('',#11621,#1274);
#610=LINE('',#11622,#1275);
#611=LINE('',#11632,#1276);
#612=LINE('',#11640,#1277);
#613=LINE('',#11649,#1278);
#614=LINE('',#11650,#1279);
#615=LINE('',#11658,#1280);
#616=LINE('',#11659,#1281);
#617=LINE('',#11661,#1282);
#618=LINE('',#11663,#1283);
#619=LINE('',#11670,#1284);
#620=LINE('',#11674,#1285);
#621=LINE('',#11678,#1286);
#622=LINE('',#11681,#1287);
#623=LINE('',#11683,#1288);
#624=LINE('',#11684,#1289);
#625=LINE('',#11686,#1290);
#626=LINE('',#11688,#1291);
#627=LINE('',#11690,#1292);
#628=LINE('',#11712,#1293);
#629=LINE('',#11738,#1294);
#630=LINE('',#11740,#1295);
#631=LINE('',#11742,#1296);
#632=LINE('',#11744,#1297);
#633=LINE('',#11750,#1298);
#634=LINE('',#11752,#1299);
#635=LINE('',#11753,#1300);
#636=LINE('',#11756,#1301);
#637=LINE('',#11758,#1302);
#638=LINE('',#11759,#1303);
#639=LINE('',#11764,#1304);
#640=LINE('',#11772,#1305);
#641=LINE('',#11775,#1306);
#642=LINE('',#11777,#1307);
#643=LINE('',#11778,#1308);
#644=LINE('',#11780,#1309);
#645=LINE('',#11781,#1310);
#646=LINE('',#11783,#1311);
#647=LINE('',#11789,#1312);
#648=LINE('',#11791,#1313);
#649=LINE('',#11793,#1314);
#650=LINE('',#11794,#1315);
#651=LINE('',#11797,#1316);
#652=LINE('',#11799,#1317);
#653=LINE('',#11801,#1318);
#654=LINE('',#11802,#1319);
#655=LINE('',#11805,#1320);
#656=LINE('',#11807,#1321);
#657=LINE('',#11809,#1322);
#658=LINE('',#11810,#1323);
#659=LINE('',#11812,#1324);
#660=LINE('',#11816,#1325);
#661=LINE('',#11818,#1326);
#662=LINE('',#11820,#1327);
#663=LINE('',#11821,#1328);
#664=LINE('',#11824,#1329);
#665=LINE('',#11826,#1330);
#666=LINE('',#11827,#1331);
#667=LINE('',#11830,#1332);
#668=LINE('',#11832,#1333);
#669=LINE('',#11834,#1334);
#670=LINE('',#11835,#1335);
#671=LINE('',#11838,#1336);
#672=LINE('',#11840,#1337);
#673=LINE('',#11842,#1338);
#674=LINE('',#11843,#1339);
#675=LINE('',#11845,#1340);
#676=LINE('',#11848,#1341);
#677=LINE('',#11850,#1342);
#678=LINE('',#11855,#1343);
#679=LINE('',#11856,#1344);
#680=LINE('',#11859,#1345);
#681=LINE('',#11863,#1346);
#682=LINE('',#11867,#1347);
#683=LINE('',#11871,#1348);
#684=LINE('',#11875,#1349);
#685=LINE('',#11879,#1350);
#686=LINE('',#11883,#1351);
#687=LINE('',#11887,#1352);
#688=LINE('',#11891,#1353);
#689=LINE('',#11892,#1354);
#690=LINE('',#11895,#1355);
#691=LINE('',#11897,#1356);
#692=LINE('',#11899,#1357);
#693=LINE('',#11903,#1358);
#694=LINE('',#11907,#1359);
#695=LINE('',#11909,#1360);
#696=LINE('',#11910,#1361);
#697=LINE('',#11913,#1362);
#698=LINE('',#11917,#1363);
#699=LINE('',#11921,#1364);
#700=LINE('',#11925,#1365);
#701=LINE('',#11929,#1366);
#702=LINE('',#11933,#1367);
#703=LINE('',#11937,#1368);
#704=LINE('',#11941,#1369);
#705=LINE('',#11945,#1370);
#706=LINE('',#11946,#1371);
#707=LINE('',#11950,#1372);
#708=LINE('',#11954,#1373);
#709=LINE('',#11956,#1374);
#710=LINE('',#11958,#1375);
#711=LINE('',#11960,#1376);
#712=LINE('',#11962,#1377);
#713=LINE('',#11964,#1378);
#714=LINE('',#11966,#1379);
#715=LINE('',#11968,#1380);
#716=LINE('',#11970,#1381);
#717=LINE('',#11974,#1382);
#718=LINE('',#11976,#1383);
#719=LINE('',#11978,#1384);
#720=LINE('',#11982,#1385);
#721=LINE('',#11983,#1386);
#722=LINE('',#11986,#1387);
#723=LINE('',#11987,#1388);
#724=LINE('',#11990,#1389);
#725=LINE('',#11992,#1390);
#726=LINE('',#11993,#1391);
#727=LINE('',#11995,#1392);
#728=LINE('',#11998,#1393);
#729=LINE('',#11999,#1394);
#730=LINE('',#12001,#1395);
#731=LINE('',#12002,#1396);
#732=LINE('',#12004,#1397);
#733=LINE('',#12006,#1398);
#734=LINE('',#12009,#1399);
#735=LINE('',#12014,#1400);
#736=LINE('',#12017,#1401);
#737=LINE('',#12019,#1402);
#738=LINE('',#12020,#1403);
#739=LINE('',#12024,#1404);
#740=LINE('',#12027,#1405);
#741=LINE('',#12028,#1406);
#742=LINE('',#12032,#1407);
#743=LINE('',#12035,#1408);
#744=LINE('',#12036,#1409);
#745=LINE('',#12039,#1410);
#746=LINE('',#12041,#1411);
#747=LINE('',#12042,#1412);
#748=LINE('',#12045,#1413);
#749=LINE('',#12049,#1414);
#750=LINE('',#12050,#1415);
#751=LINE('',#12053,#1416);
#752=LINE('',#12058,#1417);
#753=LINE('',#12064,#1418);
#754=LINE('',#12067,#1419);
#755=LINE('',#12070,#1420);
#756=LINE('',#12071,#1421);
#757=LINE('',#12073,#1422);
#758=LINE('',#12095,#1423);
#759=LINE('',#12097,#1424);
#760=LINE('',#12099,#1425);
#761=LINE('',#12102,#1426);
#762=LINE('',#12103,#1427);
#763=LINE('',#12105,#1428);
#764=LINE('',#12108,#1429);
#765=LINE('',#12110,#1430);
#766=LINE('',#12114,#1431);
#767=LINE('',#12116,#1432);
#768=LINE('',#12117,#1433);
#769=LINE('',#12120,#1434);
#770=LINE('',#12122,#1435);
#771=LINE('',#12123,#1436);
#772=LINE('',#12126,#1437);
#773=LINE('',#12127,#1438);
#774=LINE('',#12130,#1439);
#775=LINE('',#12132,#1440);
#776=LINE('',#12133,#1441);
#777=LINE('',#12136,#1442);
#778=LINE('',#12137,#1443);
#779=LINE('',#12139,#1444);
#780=LINE('',#12141,#1445);
#781=LINE('',#12144,#1446);
#782=LINE('',#12146,#1447);
#783=LINE('',#12148,#1448);
#784=LINE('',#12149,#1449);
#785=LINE('',#12150,#1450);
#786=LINE('',#12152,#1451);
#787=LINE('',#12154,#1452);
#788=LINE('',#12156,#1453);
#789=LINE('',#12165,#1454);
#790=LINE('',#12166,#1455);
#791=LINE('',#12169,#1456);
#792=LINE('',#12177,#1457);
#793=LINE('',#12179,#1458);
#794=LINE('',#12181,#1459);
#795=LINE('',#12182,#1460);
#796=LINE('',#12185,#1461);
#797=LINE('',#12191,#1462);
#798=LINE('',#12199,#1463);
#799=LINE('',#12200,#1464);
#800=LINE('',#12209,#1465);
#801=LINE('',#12210,#1466);
#802=LINE('',#12214,#1467);
#803=LINE('',#12216,#1468);
#804=LINE('',#12218,#1469);
#805=LINE('',#12219,#1470);
#806=LINE('',#12226,#1471);
#807=LINE('',#12229,#1472);
#808=LINE('',#12231,#1473);
#809=LINE('',#12232,#1474);
#810=LINE('',#12241,#1475);
#811=LINE('',#12242,#1476);
#812=LINE('',#12244,#1477);
#813=LINE('',#12249,#1478);
#814=LINE('',#12256,#1479);
#815=LINE('',#12264,#1480);
#816=LINE('',#12265,#1481);
#817=LINE('',#12276,#1482);
#818=LINE('',#12279,#1483);
#819=LINE('',#12285,#1484);
#820=LINE('',#12288,#1485);
#821=LINE('',#12289,#1486);
#822=LINE('',#12290,#1487);
#823=LINE('',#12301,#1488);
#824=LINE('',#12302,#1489);
#825=LINE('',#12321,#1490);
#826=LINE('',#12324,#1491);
#827=LINE('',#12325,#1492);
#828=LINE('',#12327,#1493);
#829=LINE('',#12328,#1494);
#830=LINE('',#12330,#1495);
#831=LINE('',#12331,#1496);
#832=LINE('',#12333,#1497);
#833=LINE('',#12334,#1498);
#834=LINE('',#12335,#1499);
#835=LINE('',#12338,#1500);
#836=LINE('',#12339,#1501);
#837=LINE('',#12341,#1502);
#838=LINE('',#12343,#1503);
#839=LINE('',#12344,#1504);
#840=LINE('',#12358,#1505);
#841=LINE('',#12361,#1506);
#842=LINE('',#12363,#1507);
#843=LINE('',#12369,#1508);
#844=LINE('',#12372,#1509);
#845=LINE('',#12386,#1510);
#846=LINE('',#12395,#1511);
#847=LINE('',#12405,#1512);
#848=LINE('',#12422,#1513);
#849=LINE('',#12425,#1514);
#850=LINE('',#12428,#1515);
#851=LINE('',#12429,#1516);
#852=LINE('',#12432,#1517);
#853=LINE('',#12433,#1518);
#854=LINE('',#12435,#1519);
#855=LINE('',#12436,#1520);
#856=LINE('',#12437,#1521);
#857=LINE('',#12446,#1522);
#858=LINE('',#12450,#1523);
#859=LINE('',#12452,#1524);
#860=LINE('',#12453,#1525);
#861=LINE('',#12456,#1526);
#862=LINE('',#12458,#1527);
#863=LINE('',#12459,#1528);
#864=LINE('',#12461,#1529);
#865=LINE('',#12468,#1530);
#866=LINE('',#12479,#1531);
#867=LINE('',#12484,#1532);
#868=LINE('',#12485,#1533);
#869=LINE('',#12486,#1534);
#870=LINE('',#12488,#1535);
#871=LINE('',#12501,#1536);
#872=LINE('',#12502,#1537);
#873=LINE('',#12504,#1538);
#874=LINE('',#12511,#1539);
#875=LINE('',#12512,#1540);
#876=LINE('',#12518,#1541);
#877=LINE('',#12525,#1542);
#878=LINE('',#12531,#1543);
#879=LINE('',#12533,#1544);
#880=LINE('',#12544,#1545);
#881=LINE('',#12546,#1546);
#882=LINE('',#12548,#1547);
#883=LINE('',#12549,#1548);
#884=LINE('',#12551,#1549);
#885=LINE('',#12552,#1550);
#886=LINE('',#12558,#1551);
#887=LINE('',#12564,#1552);
#888=LINE('',#12565,#1553);
#889=LINE('',#12567,#1554);
#890=LINE('',#12568,#1555);
#891=LINE('',#12570,#1556);
#892=LINE('',#12576,#1557);
#893=LINE('',#12584,#1558);
#894=LINE('',#12585,#1559);
#895=LINE('',#12587,#1560);
#896=LINE('',#12598,#1561);
#897=LINE('',#12605,#1562);
#898=LINE('',#12606,#1563);
#899=LINE('',#12609,#1564);
#900=LINE('',#12614,#1565);
#901=LINE('',#12616,#1566);
#902=LINE('',#12619,#1567);
#903=LINE('',#12620,#1568);
#904=LINE('',#12621,#1569);
#905=LINE('',#12627,#1570);
#906=LINE('',#12633,#1571);
#907=LINE('',#12635,#1572);
#908=LINE('',#12636,#1573);
#909=LINE('',#12650,#1574);
#910=LINE('',#12653,#1575);
#911=LINE('',#12660,#1576);
#912=LINE('',#12661,#1577);
#913=LINE('',#12665,#1578);
#914=LINE('',#12666,#1579);
#915=LINE('',#12669,#1580);
#916=LINE('',#12674,#1581);
#917=LINE('',#12680,#1582);
#918=LINE('',#12688,#1583);
#919=LINE('',#12690,#1584);
#920=LINE('',#12692,#1585);
#921=LINE('',#12695,#1586);
#922=LINE('',#12696,#1587);
#923=LINE('',#12701,#1588);
#924=LINE('',#12718,#1589);
#925=LINE('',#12719,#1590);
#926=LINE('',#12720,#1591);
#927=LINE('',#12723,#1592);
#928=LINE('',#12725,#1593);
#929=LINE('',#12734,#1594);
#930=LINE('',#12738,#1595);
#931=LINE('',#12742,#1596);
#932=LINE('',#12745,#1597);
#933=LINE('',#12747,#1598);
#934=LINE('',#12748,#1599);
#935=LINE('',#12750,#1600);
#936=LINE('',#12752,#1601);
#937=LINE('',#12754,#1602);
#938=LINE('',#12756,#1603);
#939=LINE('',#12758,#1604);
#940=LINE('',#12760,#1605);
#941=LINE('',#12767,#1606);
#942=LINE('',#12771,#1607);
#943=LINE('',#12775,#1608);
#944=LINE('',#12778,#1609);
#945=LINE('',#12780,#1610);
#946=LINE('',#12781,#1611);
#947=LINE('',#12783,#1612);
#948=LINE('',#12785,#1613);
#949=LINE('',#12787,#1614);
#950=LINE('',#12789,#1615);
#951=LINE('',#12791,#1616);
#952=LINE('',#12793,#1617);
#953=LINE('',#12800,#1618);
#954=LINE('',#12804,#1619);
#955=LINE('',#12808,#1620);
#956=LINE('',#12811,#1621);
#957=LINE('',#12813,#1622);
#958=LINE('',#12814,#1623);
#959=LINE('',#12816,#1624);
#960=LINE('',#12818,#1625);
#961=LINE('',#12820,#1626);
#962=LINE('',#12822,#1627);
#963=LINE('',#12824,#1628);
#964=LINE('',#12826,#1629);
#965=LINE('',#12833,#1630);
#966=LINE('',#12837,#1631);
#967=LINE('',#12841,#1632);
#968=LINE('',#12844,#1633);
#969=LINE('',#12846,#1634);
#970=LINE('',#12847,#1635);
#971=LINE('',#12849,#1636);
#972=LINE('',#12851,#1637);
#973=LINE('',#12853,#1638);
#974=LINE('',#12855,#1639);
#975=LINE('',#12857,#1640);
#976=LINE('',#12859,#1641);
#977=LINE('',#12862,#1642);
#978=LINE('',#12879,#1643);
#979=LINE('',#12881,#1644);
#980=LINE('',#12883,#1645);
#981=LINE('',#12885,#1646);
#982=LINE('',#12892,#1647);
#983=LINE('',#12894,#1648);
#984=LINE('',#12901,#1649);
#985=LINE('',#12903,#1650);
#986=LINE('',#12910,#1651);
#987=LINE('',#12912,#1652);
#988=LINE('',#12916,#1653);
#989=LINE('',#12917,#1654);
#990=LINE('',#12919,#1655);
#991=VECTOR('',#8021,10.);
#992=VECTOR('',#8022,10.);
#993=VECTOR('',#8023,10.);
#994=VECTOR('',#8024,10.);
#995=VECTOR('',#8025,10.);
#996=VECTOR('',#8026,10.);
#997=VECTOR('',#8027,10.);
#998=VECTOR('',#8028,10.);
#999=VECTOR('',#8029,10.);
#1000=VECTOR('',#8030,10.);
#1001=VECTOR('',#8031,10.);
#1002=VECTOR('',#8032,10.);
#1003=VECTOR('',#8033,10.);
#1004=VECTOR('',#8034,10.);
#1005=VECTOR('',#8035,10.);
#1006=VECTOR('',#8036,10.);
#1007=VECTOR('',#8037,10.);
#1008=VECTOR('',#8038,10.);
#1009=VECTOR('',#8039,10.);
#1010=VECTOR('',#8040,10.);
#1011=VECTOR('',#8041,10.);
#1012=VECTOR('',#8042,10.);
#1013=VECTOR('',#8043,10.);
#1014=VECTOR('',#8044,10.);
#1015=VECTOR('',#8045,10.);
#1016=VECTOR('',#8046,10.);
#1017=VECTOR('',#8047,10.);
#1018=VECTOR('',#8048,10.);
#1019=VECTOR('',#8049,10.);
#1020=VECTOR('',#8050,10.);
#1021=VECTOR('',#8051,10.);
#1022=VECTOR('',#8052,10.);
#1023=VECTOR('',#8053,10.);
#1024=VECTOR('',#8054,10.);
#1025=VECTOR('',#8055,10.);
#1026=VECTOR('',#8056,10.);
#1027=VECTOR('',#8063,1.64999999999999);
#1028=VECTOR('',#8076,1.64999999999999);
#1029=VECTOR('',#8089,1.64999999999999);
#1030=VECTOR('',#8096,3.19999999999998);
#1031=VECTOR('',#8101,10.);
#1032=VECTOR('',#8102,1.1);
#1033=VECTOR('',#8103,1.1);
#1034=VECTOR('',#8104,1.1);
#1035=VECTOR('',#8105,1.1);
#1036=VECTOR('',#8106,1.1);
#1037=VECTOR('',#8107,1.1);
#1038=VECTOR('',#8110,1.1);
#1039=VECTOR('',#8111,1.1);
#1040=VECTOR('',#8112,1.1);
#1041=VECTOR('',#8113,1.1);
#1042=VECTOR('',#8122,10.);
#1043=VECTOR('',#8125,10.);
#1044=VECTOR('',#8128,10.);
#1045=VECTOR('',#8131,10.);
#1046=VECTOR('',#8142,2.94999999999998);
#1047=VECTOR('',#8145,3.19999999999998);
#1048=VECTOR('',#8152,2.94999999999998);
#1049=VECTOR('',#8155,3.2);
#1050=VECTOR('',#8162,2.95000000000002);
#1051=VECTOR('',#8173,10.);
#1052=VECTOR('',#8180,10.);
#1053=VECTOR('',#8183,10.);
#1054=VECTOR('',#8188,10.);
#1055=VECTOR('',#8201,10.);
#1056=VECTOR('',#8210,10.);
#1057=VECTOR('',#8211,10.);
#1058=VECTOR('',#8212,10.);
#1059=VECTOR('',#8215,10.);
#1060=VECTOR('',#8216,10.);
#1061=VECTOR('',#8221,10.);
#1062=VECTOR('',#8222,10.);
#1063=VECTOR('',#8223,10.);
#1064=VECTOR('',#8224,10.);
#1065=VECTOR('',#8225,10.);
#1066=VECTOR('',#8226,10.);
#1067=VECTOR('',#8227,10.);
#1068=VECTOR('',#8228,10.);
#1069=VECTOR('',#8231,2.80000000000001);
#1070=VECTOR('',#8236,2.65000000000001);
#1071=VECTOR('',#8241,2.80000000000001);
#1072=VECTOR('',#8246,2.65000000000001);
#1073=VECTOR('',#8251,2.80000000000001);
#1074=VECTOR('',#8256,2.65000000000001);
#1075=VECTOR('',#8269,10.);
#1076=VECTOR('',#8282,10.);
#1077=VECTOR('',#8293,10.);
#1078=VECTOR('',#8304,10.);
#1079=VECTOR('',#8311,10.);
#1080=VECTOR('',#8314,10.);
#1081=VECTOR('',#8317,10.);
#1082=VECTOR('',#8318,10.);
#1083=VECTOR('',#8321,10.);
#1084=VECTOR('',#8326,10.);
#1085=VECTOR('',#8327,10.);
#1086=VECTOR('',#8332,10.);
#1087=VECTOR('',#8345,10.);
#1088=VECTOR('',#8356,10.);
#1089=VECTOR('',#8357,10.);
#1090=VECTOR('',#8370,10.);
#1091=VECTOR('',#8371,10.);
#1092=VECTOR('',#8380,10.);
#1093=VECTOR('',#8381,10.);
#1094=VECTOR('',#8384,10.);
#1095=VECTOR('',#8389,10.);
#1096=VECTOR('',#8390,10.);
#1097=VECTOR('',#8393,1.1);
#1098=VECTOR('',#8396,1.1);
#1099=VECTOR('',#8401,1.1);
#1100=VECTOR('',#8404,1.1);
#1101=VECTOR('',#8405,1.1);
#1102=VECTOR('',#8408,1.1);
#1103=VECTOR('',#8413,1.1);
#1104=VECTOR('',#8414,1.1);
#1105=VECTOR('',#8419,1.1);
#1106=VECTOR('',#8422,1.1);
#1107=VECTOR('',#8425,1.1);
#1108=VECTOR('',#8426,1.1);
#1109=VECTOR('',#8465,1.1);
#1110=VECTOR('',#8468,1.1);
#1111=VECTOR('',#8469,1.1);
#1112=VECTOR('',#8474,1.1);
#1113=VECTOR('',#8477,1.1);
#1114=VECTOR('',#8480,1.1);
#1115=VECTOR('',#8483,1.1);
#1116=VECTOR('',#8490,1.1);
#1117=VECTOR('',#8497,1.1);
#1118=VECTOR('',#8506,1.1);
#1119=VECTOR('',#8513,1.1);
#1120=VECTOR('',#8518,1.1);
#1121=VECTOR('',#8521,1.1);
#1122=VECTOR('',#8522,1.1);
#1123=VECTOR('',#8527,1.1);
#1124=VECTOR('',#8544,10.);
#1125=VECTOR('',#8549,1.1);
#1126=VECTOR('',#8552,1.1);
#1127=VECTOR('',#8561,1.1);
#1128=VECTOR('',#8564,1.1);
#1129=VECTOR('',#8573,3.81422220101129);
#1130=VECTOR('',#8578,10.);
#1131=VECTOR('',#8579,10.);
#1132=VECTOR('',#8580,10.);
#1133=VECTOR('',#8581,10.);
#1134=VECTOR('',#8586,3.59999999999999);
#1135=VECTOR('',#8589,10.);
#1136=VECTOR('',#8590,10.);
#1137=VECTOR('',#8591,10.);
#1138=VECTOR('',#8592,10.);
#1139=VECTOR('',#8595,10.);
#1140=VECTOR('',#8596,10.);
#1141=VECTOR('',#8597,10.);
#1142=VECTOR('',#8600,10.);
#1143=VECTOR('',#8601,10.);
#1144=VECTOR('',#8602,10.);
#1145=VECTOR('',#8605,10.);
#1146=VECTOR('',#8606,10.);
#1147=VECTOR('',#8609,10.);
#1148=VECTOR('',#8610,10.);
#1149=VECTOR('',#8613,10.);
#1150=VECTOR('',#8618,10.);
#1151=VECTOR('',#8619,10.);
#1152=VECTOR('',#8620,10.);
#1153=VECTOR('',#8623,10.);
#1154=VECTOR('',#8626,10.);
#1155=VECTOR('',#8641,1.09999999999999);
#1156=VECTOR('',#8648,10.);
#1157=VECTOR('',#8649,10.);
#1158=VECTOR('',#8650,10.);
#1159=VECTOR('',#8651,10.);
#1160=VECTOR('',#8652,10.);
#1161=VECTOR('',#8653,10.);
#1162=VECTOR('',#8654,10.);
#1163=VECTOR('',#8655,10.);
#1164=VECTOR('',#8656,10.);
#1165=VECTOR('',#8659,10.);
#1166=VECTOR('',#8662,10.);
#1167=VECTOR('',#8665,10.);
#1168=VECTOR('',#8676,1.1);
#1169=VECTOR('',#8677,1.1);
#1170=VECTOR('',#8678,10.);
#1171=VECTOR('',#8683,10.);
#1172=VECTOR('',#8686,10.);
#1173=VECTOR('',#8689,10.);
#1174=VECTOR('',#8690,10.);
#1175=VECTOR('',#8691,10.);
#1176=VECTOR('',#8692,10.);
#1177=VECTOR('',#8693,10.);
#1178=VECTOR('',#8694,10.);
#1179=VECTOR('',#8695,10.);
#1180=VECTOR('',#8696,10.);
#1181=VECTOR('',#8697,10.);
#1182=VECTOR('',#8698,10.);
#1183=VECTOR('',#8699,10.);
#1184=VECTOR('',#8700,10.);
#1185=VECTOR('',#8701,10.);
#1186=VECTOR('',#8704,10.);
#1187=VECTOR('',#8705,10.);
#1188=VECTOR('',#8706,10.);
#1189=VECTOR('',#8711,10.);
#1190=VECTOR('',#8716,10.);
#1191=VECTOR('',#8717,10.);
#1192=VECTOR('',#8718,10.);
#1193=VECTOR('',#8723,10.);
#1194=VECTOR('',#8728,10.);
#1195=VECTOR('',#8729,10.);
#1196=VECTOR('',#8730,10.);
#1197=VECTOR('',#8735,10.);
#1198=VECTOR('',#8740,10.);
#1199=VECTOR('',#8741,10.);
#1200=VECTOR('',#8742,10.);
#1201=VECTOR('',#8747,10.);
#1202=VECTOR('',#8752,10.);
#1203=VECTOR('',#8753,10.);
#1204=VECTOR('',#8756,10.);
#1205=VECTOR('',#8759,10.);
#1206=VECTOR('',#8760,10.);
#1207=VECTOR('',#8761,10.);
#1208=VECTOR('',#8764,10.);
#1209=VECTOR('',#8767,10.);
#1210=VECTOR('',#8770,10.);
#1211=VECTOR('',#8775,2.44999999999999);
#1212=VECTOR('',#8780,10.);
#1213=VECTOR('',#8783,10.);
#1214=VECTOR('',#8784,10.);
#1215=VECTOR('',#8785,10.);
#1216=VECTOR('',#8786,10.);
#1217=VECTOR('',#8787,10.);
#1218=VECTOR('',#8788,10.);
#1219=VECTOR('',#8789,10.);
#1220=VECTOR('',#8790,10.);
#1221=VECTOR('',#8791,10.);
#1222=VECTOR('',#8792,10.);
#1223=VECTOR('',#8793,10.);
#1224=VECTOR('',#8794,10.);
#1225=VECTOR('',#8795,10.);
#1226=VECTOR('',#8796,10.);
#1227=VECTOR('',#8797,10.);
#1228=VECTOR('',#8798,10.);
#1229=VECTOR('',#8799,10.);
#1230=VECTOR('',#8800,10.);
#1231=VECTOR('',#8801,10.);
#1232=VECTOR('',#8802,10.);
#1233=VECTOR('',#8803,10.);
#1234=VECTOR('',#8804,10.);
#1235=VECTOR('',#8805,10.);
#1236=VECTOR('',#8806,10.);
#1237=VECTOR('',#8807,10.);
#1238=VECTOR('',#8808,10.);
#1239=VECTOR('',#8809,10.);
#1240=VECTOR('',#8810,10.);
#1241=VECTOR('',#8811,10.);
#1242=VECTOR('',#8812,10.);
#1243=VECTOR('',#8813,10.);
#1244=VECTOR('',#8816,10.);
#1245=VECTOR('',#8819,10.);
#1246=VECTOR('',#8822,10.);
#1247=VECTOR('',#8823,10.);
#1248=VECTOR('',#8826,10.);
#1249=VECTOR('',#8829,10.);
#1250=VECTOR('',#8830,10.);
#1251=VECTOR('',#8833,10.);
#1252=VECTOR('',#8844,2.19999999999999);
#1253=VECTOR('',#8847,2.44999999999999);
#1254=VECTOR('',#8854,2.19999999999999);
#1255=VECTOR('',#8857,2.44999999999997);
#1256=VECTOR('',#8864,2.19999999999999);
#1257=VECTOR('',#8883,10.);
#1258=VECTOR('',#8884,10.);
#1259=VECTOR('',#8895,10.);
#1260=VECTOR('',#8896,10.);
#1261=VECTOR('',#8905,10.);
#1262=VECTOR('',#8906,10.);
#1263=VECTOR('',#8909,10.);
#1264=VECTOR('',#8922,10.);
#1265=VECTOR('',#8923,10.);
#1266=VECTOR('',#8926,10.);
#1267=VECTOR('',#8929,10.);
#1268=VECTOR('',#8932,10.);
#1269=VECTOR('',#8933,10.);
#1270=VECTOR('',#8936,10.);
#1271=VECTOR('',#8941,10.);
#1272=VECTOR('',#8942,10.);
#1273=VECTOR('',#8945,10.);
#1274=VECTOR('',#8950,1.1);
#1275=VECTOR('',#8951,1.1);
#1276=VECTOR('',#8964,10.);
#1277=VECTOR('',#8975,10.);
#1278=VECTOR('',#8986,10.);
#1279=VECTOR('',#8987,10.);
#1280=VECTOR('',#8998,10.);
#1281=VECTOR('',#8999,10.);
#1282=VECTOR('',#9002,10.);
#1283=VECTOR('',#9005,10.);
#1284=VECTOR('',#9012,10.);
#1285=VECTOR('',#9015,10.);
#1286=VECTOR('',#9018,10.);
#1287=VECTOR('',#9021,10.);
#1288=VECTOR('',#9024,10.);
#1289=VECTOR('',#9025,10.);
#1290=VECTOR('',#9028,10.);
#1291=VECTOR('',#9031,10.);
#1292=VECTOR('',#9034,10.);
#1293=VECTOR('',#9039,10.);
#1294=VECTOR('',#9042,10.);
#1295=VECTOR('',#9045,10.);
#1296=VECTOR('',#9048,10.);
#1297=VECTOR('',#9051,10.);
#1298=VECTOR('',#9060,10.);
#1299=VECTOR('',#9061,10.);
#1300=VECTOR('',#9062,10.);
#1301=VECTOR('',#9065,10.);
#1302=VECTOR('',#9066,10.);
#1303=VECTOR('',#9067,10.);
#1304=VECTOR('',#9074,1.20000000000001);
#1305=VECTOR('',#9085,10.);
#1306=VECTOR('',#9088,10.);
#1307=VECTOR('',#9089,10.);
#1308=VECTOR('',#9090,10.);
#1309=VECTOR('',#9093,10.);
#1310=VECTOR('',#9094,10.);
#1311=VECTOR('',#9097,10.);
#1312=VECTOR('',#9104,10.);
#1313=VECTOR('',#9105,10.);
#1314=VECTOR('',#9106,10.);
#1315=VECTOR('',#9107,10.);
#1316=VECTOR('',#9110,10.);
#1317=VECTOR('',#9111,10.);
#1318=VECTOR('',#9112,10.);
#1319=VECTOR('',#9113,10.);
#1320=VECTOR('',#9116,10.);
#1321=VECTOR('',#9117,10.);
#1322=VECTOR('',#9118,10.);
#1323=VECTOR('',#9119,10.);
#1324=VECTOR('',#9122,10.);
#1325=VECTOR('',#9125,10.);
#1326=VECTOR('',#9126,10.);
#1327=VECTOR('',#9127,10.);
#1328=VECTOR('',#9128,10.);
#1329=VECTOR('',#9131,10.);
#1330=VECTOR('',#9132,10.);
#1331=VECTOR('',#9133,10.);
#1332=VECTOR('',#9136,10.);
#1333=VECTOR('',#9137,10.);
#1334=VECTOR('',#9138,10.);
#1335=VECTOR('',#9139,10.);
#1336=VECTOR('',#9142,10.);
#1337=VECTOR('',#9143,10.);
#1338=VECTOR('',#9144,10.);
#1339=VECTOR('',#9145,10.);
#1340=VECTOR('',#9148,10.);
#1341=VECTOR('',#9151,10.);
#1342=VECTOR('',#9152,10.);
#1343=VECTOR('',#9157,10.);
#1344=VECTOR('',#9158,10.);
#1345=VECTOR('',#9159,10.);
#1346=VECTOR('',#9162,10.);
#1347=VECTOR('',#9165,10.);
#1348=VECTOR('',#9168,10.);
#1349=VECTOR('',#9171,10.);
#1350=VECTOR('',#9174,10.);
#1351=VECTOR('',#9177,10.);
#1352=VECTOR('',#9180,10.);
#1353=VECTOR('',#9185,10.);
#1354=VECTOR('',#9186,10.);
#1355=VECTOR('',#9189,10.);
#1356=VECTOR('',#9190,10.);
#1357=VECTOR('',#9191,10.);
#1358=VECTOR('',#9194,10.);
#1359=VECTOR('',#9197,10.);
#1360=VECTOR('',#9198,10.);
#1361=VECTOR('',#9199,10.);
#1362=VECTOR('',#9200,10.);
#1363=VECTOR('',#9203,10.);
#1364=VECTOR('',#9206,10.);
#1365=VECTOR('',#9209,10.);
#1366=VECTOR('',#9212,10.);
#1367=VECTOR('',#9215,10.);
#1368=VECTOR('',#9218,10.);
#1369=VECTOR('',#9221,10.);
#1370=VECTOR('',#9226,10.);
#1371=VECTOR('',#9227,10.);
#1372=VECTOR('',#9232,3.74999998183668);
#1373=VECTOR('',#9235,1.1);
#1374=VECTOR('',#9236,1.1);
#1375=VECTOR('',#9237,1.1);
#1376=VECTOR('',#9238,1.1);
#1377=VECTOR('',#9239,1.1);
#1378=VECTOR('',#9240,1.1);
#1379=VECTOR('',#9241,1.1);
#1380=VECTOR('',#9242,1.1);
#1381=VECTOR('',#9243,1.1);
#1382=VECTOR('',#9246,1.1);
#1383=VECTOR('',#9247,1.1);
#1384=VECTOR('',#9248,1.1);
#1385=VECTOR('',#9251,1.1);
#1386=VECTOR('',#9252,1.1);
#1387=VECTOR('',#9255,10.);
#1388=VECTOR('',#9256,10.);
#1389=VECTOR('',#9259,10.);
#1390=VECTOR('',#9260,10.);
#1391=VECTOR('',#9261,10.);
#1392=VECTOR('',#9264,10.);
#1393=VECTOR('',#9267,10.);
#1394=VECTOR('',#9268,10.);
#1395=VECTOR('',#9271,10.);
#1396=VECTOR('',#9272,10.);
#1397=VECTOR('',#9275,10.);
#1398=VECTOR('',#9278,10.);
#1399=VECTOR('',#9281,10.);
#1400=VECTOR('',#9288,10.);
#1401=VECTOR('',#9291,10.);
#1402=VECTOR('',#9292,10.);
#1403=VECTOR('',#9293,10.);
#1404=VECTOR('',#9298,10.);
#1405=VECTOR('',#9301,10.);
#1406=VECTOR('',#9302,10.);
#1407=VECTOR('',#9307,10.);
#1408=VECTOR('',#9310,10.);
#1409=VECTOR('',#9311,10.);
#1410=VECTOR('',#9314,10.);
#1411=VECTOR('',#9315,10.);
#1412=VECTOR('',#9316,10.);
#1413=VECTOR('',#9319,10.);
#1414=VECTOR('',#9324,10.);
#1415=VECTOR('',#9325,10.);
#1416=VECTOR('',#9328,10.);
#1417=VECTOR('',#9335,10.);
#1418=VECTOR('',#9346,10.);
#1419=VECTOR('',#9349,10.);
#1420=VECTOR('',#9354,10.);
#1421=VECTOR('',#9355,10.);
#1422=VECTOR('',#9358,10.);
#1423=VECTOR('',#9365,10.);
#1424=VECTOR('',#9368,10.);
#1425=VECTOR('',#9371,10.);
#1426=VECTOR('',#9374,10.);
#1427=VECTOR('',#9375,10.);
#1428=VECTOR('',#9378,10.);
#1429=VECTOR('',#9383,10.);
#1430=VECTOR('',#9386,10.);
#1431=VECTOR('',#9391,10.);
#1432=VECTOR('',#9392,1.1);
#1433=VECTOR('',#9393,1.1);
#1434=VECTOR('',#9396,10.);
#1435=VECTOR('',#9397,1.1);
#1436=VECTOR('',#9398,1.1);
#1437=VECTOR('',#9401,10.);
#1438=VECTOR('',#9402,1.1);
#1439=VECTOR('',#9405,10.);
#1440=VECTOR('',#9406,1.1);
#1441=VECTOR('',#9407,1.1);
#1442=VECTOR('',#9410,10.);
#1443=VECTOR('',#9411,1.1);
#1444=VECTOR('',#9414,10.);
#1445=VECTOR('',#9417,10.);
#1446=VECTOR('',#9422,10.);
#1447=VECTOR('',#9423,10.);
#1448=VECTOR('',#9424,10.);
#1449=VECTOR('',#9425,10.);
#1450=VECTOR('',#9426,10.);
#1451=VECTOR('',#9429,10.);
#1452=VECTOR('',#9432,10.);
#1453=VECTOR('',#9435,10.);
#1454=VECTOR('',#9438,1.1);
#1455=VECTOR('',#9439,1.1);
#1456=VECTOR('',#9442,1.1);
#1457=VECTOR('',#9445,1.1);
#1458=VECTOR('',#9446,1.1);
#1459=VECTOR('',#9447,1.1);
#1460=VECTOR('',#9448,1.1);
#1461=VECTOR('',#9451,1.1);
#1462=VECTOR('',#9452,1.1);
#1463=VECTOR('',#9457,1.1);
#1464=VECTOR('',#9458,1.1);
#1465=VECTOR('',#9461,1.1);
#1466=VECTOR('',#9462,1.1);
#1467=VECTOR('',#9465,1.1);
#1468=VECTOR('',#9466,1.1);
#1469=VECTOR('',#9467,1.1);
#1470=VECTOR('',#9468,1.1);
#1471=VECTOR('',#9471,1.1);
#1472=VECTOR('',#9474,1.1);
#1473=VECTOR('',#9475,1.1);
#1474=VECTOR('',#9476,1.1);
#1475=VECTOR('',#9479,1.1);
#1476=VECTOR('',#9480,1.1);
#1477=VECTOR('',#9483,1.1);
#1478=VECTOR('',#9484,1.1);
#1479=VECTOR('',#9487,1.1);
#1480=VECTOR('',#9490,1.1);
#1481=VECTOR('',#9491,1.1);
#1482=VECTOR('',#9494,1.1);
#1483=VECTOR('',#9497,1.1);
#1484=VECTOR('',#9498,1.1);
#1485=VECTOR('',#9501,1.1);
#1486=VECTOR('',#9502,1.1);
#1487=VECTOR('',#9503,1.1);
#1488=VECTOR('',#9508,1.1);
#1489=VECTOR('',#9509,1.1);
#1490=VECTOR('',#9514,1.1);
#1491=VECTOR('',#9519,1.1);
#1492=VECTOR('',#9520,1.1);
#1493=VECTOR('',#9523,1.1);
#1494=VECTOR('',#9524,1.1);
#1495=VECTOR('',#9527,1.1);
#1496=VECTOR('',#9528,1.1);
#1497=VECTOR('',#9529,1.1);
#1498=VECTOR('',#9530,1.1);
#1499=VECTOR('',#9531,1.1);
#1500=VECTOR('',#9532,10.);
#1501=VECTOR('',#9533,10.);
#1502=VECTOR('',#9534,10.);
#1503=VECTOR('',#9535,10.);
#1504=VECTOR('',#9536,10.);
#1505=VECTOR('',#9545,1.1);
#1506=VECTOR('',#9550,1.1);
#1507=VECTOR('',#9553,1.1);
#1508=VECTOR('',#9564,1.1);
#1509=VECTOR('',#9569,1.1);
#1510=VECTOR('',#9576,1.1);
#1511=VECTOR('',#9583,1.1);
#1512=VECTOR('',#9588,1.1);
#1513=VECTOR('',#9599,1.1);
#1514=VECTOR('',#9602,1.1);
#1515=VECTOR('',#9605,1.1);
#1516=VECTOR('',#9606,1.1);
#1517=VECTOR('',#9609,1.1);
#1518=VECTOR('',#9610,1.1);
#1519=VECTOR('',#9611,1.1);
#1520=VECTOR('',#9612,1.1);
#1521=VECTOR('',#9613,1.1);
#1522=VECTOR('',#9622,1.1);
#1523=VECTOR('',#9627,1.1);
#1524=VECTOR('',#9628,1.1);
#1525=VECTOR('',#9629,1.1);
#1526=VECTOR('',#9632,1.1);
#1527=VECTOR('',#9633,1.1);
#1528=VECTOR('',#9634,1.1);
#1529=VECTOR('',#9635,1.1);
#1530=VECTOR('',#9642,1.1);
#1531=VECTOR('',#9655,1.1);
#1532=VECTOR('',#9662,1.1);
#1533=VECTOR('',#9663,1.1);
#1534=VECTOR('',#9664,1.1);
#1535=VECTOR('',#9667,1.1);
#1536=VECTOR('',#9684,1.1);
#1537=VECTOR('',#9685,1.1);
#1538=VECTOR('',#9688,1.1);
#1539=VECTOR('',#9691,1.1);
#1540=VECTOR('',#9692,1.1);
#1541=VECTOR('',#9695,1.1);
#1542=VECTOR('',#9698,1.1);
#1543=VECTOR('',#9701,1.1);
#1544=VECTOR('',#9704,1.1);
#1545=VECTOR('',#9707,1.1);
#1546=VECTOR('',#9710,1.1);
#1547=VECTOR('',#9711,1.1);
#1548=VECTOR('',#9712,1.1);
#1549=VECTOR('',#9715,1.1);
#1550=VECTOR('',#9716,1.1);
#1551=VECTOR('',#9719,1.1);
#1552=VECTOR('',#9722,1.1);
#1553=VECTOR('',#9723,1.1);
#1554=VECTOR('',#9726,1.1);
#1555=VECTOR('',#9727,1.1);
#1556=VECTOR('',#9730,1.1);
#1557=VECTOR('',#9733,1.1);
#1558=VECTOR('',#9738,1.1);
#1559=VECTOR('',#9739,1.1);
#1560=VECTOR('',#9742,1.1);
#1561=VECTOR('',#9745,1.1);
#1562=VECTOR('',#9748,1.1);
#1563=VECTOR('',#9749,1.1);
#1564=VECTOR('',#9752,1.1);
#1565=VECTOR('',#9753,1.1);
#1566=VECTOR('',#9756,1.1);
#1567=VECTOR('',#9759,1.1);
#1568=VECTOR('',#9760,1.1);
#1569=VECTOR('',#9761,1.1);
#1570=VECTOR('',#9764,1.1);
#1571=VECTOR('',#9767,1.1);
#1572=VECTOR('',#9770,1.1);
#1573=VECTOR('',#9771,1.1);
#1574=VECTOR('',#9782,1.1);
#1575=VECTOR('',#9787,1.1);
#1576=VECTOR('',#9792,1.1);
#1577=VECTOR('',#9793,1.1);
#1578=VECTOR('',#9798,1.1);
#1579=VECTOR('',#9799,1.1);
#1580=VECTOR('',#9804,1.1);
#1581=VECTOR('',#9813,1.1);
#1582=VECTOR('',#9824,1.1);
#1583=VECTOR('',#9831,1.1);
#1584=VECTOR('',#9834,1.1);
#1585=VECTOR('',#9837,1.1);
#1586=VECTOR('',#9842,1.1);
#1587=VECTOR('',#9843,1.1);
#1588=VECTOR('',#9852,1.1);
#1589=VECTOR('',#9877,10.);
#1590=VECTOR('',#9878,10.);
#1591=VECTOR('',#9879,10.);
#1592=VECTOR('',#9884,10.);
#1593=VECTOR('',#9887,10.);
#1594=VECTOR('',#9898,10.);
#1595=VECTOR('',#9901,10.);
#1596=VECTOR('',#9904,10.);
#1597=VECTOR('',#9907,10.);
#1598=VECTOR('',#9910,10.);
#1599=VECTOR('',#9911,10.);
#1600=VECTOR('',#9914,10.);
#1601=VECTOR('',#9917,10.);
#1602=VECTOR('',#9920,10.);
#1603=VECTOR('',#9923,10.);
#1604=VECTOR('',#9926,10.);
#1605=VECTOR('',#9929,10.);
#1606=VECTOR('',#9936,10.);
#1607=VECTOR('',#9939,10.);
#1608=VECTOR('',#9942,10.);
#1609=VECTOR('',#9945,10.);
#1610=VECTOR('',#9948,10.);
#1611=VECTOR('',#9949,10.);
#1612=VECTOR('',#9952,10.);
#1613=VECTOR('',#9955,10.);
#1614=VECTOR('',#9958,10.);
#1615=VECTOR('',#9961,10.);
#1616=VECTOR('',#9964,10.);
#1617=VECTOR('',#9967,10.);
#1618=VECTOR('',#9974,10.);
#1619=VECTOR('',#9977,10.);
#1620=VECTOR('',#9980,10.);
#1621=VECTOR('',#9983,10.);
#1622=VECTOR('',#9986,10.);
#1623=VECTOR('',#9987,10.);
#1624=VECTOR('',#9990,10.);
#1625=VECTOR('',#9993,10.);
#1626=VECTOR('',#9996,10.);
#1627=VECTOR('',#9999,10.);
#1628=VECTOR('',#10002,10.);
#1629=VECTOR('',#10005,10.);
#1630=VECTOR('',#10012,10.);
#1631=VECTOR('',#10015,10.);
#1632=VECTOR('',#10018,10.);
#1633=VECTOR('',#10021,10.);
#1634=VECTOR('',#10024,10.);
#1635=VECTOR('',#10025,10.);
#1636=VECTOR('',#10028,10.);
#1637=VECTOR('',#10031,10.);
#1638=VECTOR('',#10034,10.);
#1639=VECTOR('',#10037,10.);
#1640=VECTOR('',#10040,10.);
#1641=VECTOR('',#10043,10.);
#1642=VECTOR('',#10048,1.1);
#1643=VECTOR('',#10057,1.1);
#1644=VECTOR('',#10060,1.1);
#1645=VECTOR('',#10063,1.1);
#1646=VECTOR('',#10066,1.1);
#1647=VECTOR('',#10071,1.1);
#1648=VECTOR('',#10074,1.1);
#1649=VECTOR('',#10079,1.1);
#1650=VECTOR('',#10082,1.1);
#1651=VECTOR('',#10087,1.1);
#1652=VECTOR('',#10090,1.1);
#1653=VECTOR('',#10095,10.);
#1654=VECTOR('',#10096,1.1);
#1655=VECTOR('',#10099,10.);
#1656=PLANE('',#7294);
#1657=PLANE('',#7314);
#1658=PLANE('',#7336);
#1659=PLANE('',#7337);
#1660=PLANE('',#7338);
#1661=PLANE('',#7356);
#1662=PLANE('',#7357);
#1663=PLANE('',#7358);
#1664=PLANE('',#7372);
#1665=PLANE('',#7373);
#1666=PLANE('',#7374);
#1667=PLANE('',#7397);
#1668=PLANE('',#7400);
#1669=PLANE('',#7424);
#1670=PLANE('',#7426);
#1671=PLANE('',#7427);
#1672=PLANE('',#7428);
#1673=PLANE('',#7429);
#1674=PLANE('',#7430);
#1675=PLANE('',#7431);
#1676=PLANE('',#7432);
#1677=PLANE('',#7433);
#1678=PLANE('',#7434);
#1679=PLANE('',#7435);
#1680=PLANE('',#7436);
#1681=PLANE('',#7437);
#1682=PLANE('',#7438);
#1683=PLANE('',#7456);
#1684=PLANE('',#7458);
#1685=PLANE('',#7459);
#1686=PLANE('',#7460);
#1687=PLANE('',#7461);
#1688=PLANE('',#7462);
#1689=PLANE('',#7463);
#1690=PLANE('',#7464);
#1691=PLANE('',#7465);
#1692=PLANE('',#7466);
#1693=PLANE('',#7467);
#1694=PLANE('',#7468);
#1695=PLANE('',#7469);
#1696=PLANE('',#7470);
#1697=PLANE('',#7472);
#1698=PLANE('',#7473);
#1699=PLANE('',#7474);
#1700=PLANE('',#7475);
#1701=PLANE('',#7477);
#1702=PLANE('',#7478);
#1703=PLANE('',#7479);
#1704=PLANE('',#7480);
#1705=PLANE('',#7482);
#1706=PLANE('',#7483);
#1707=PLANE('',#7484);
#1708=PLANE('',#7485);
#1709=PLANE('',#7488);
#1710=PLANE('',#7489);
#1711=PLANE('',#7490);
#1712=PLANE('',#7491);
#1713=PLANE('',#7492);
#1714=PLANE('',#7493);
#1715=PLANE('',#7496);
#1716=PLANE('',#7497);
#1717=PLANE('',#7498);
#1718=PLANE('',#7503);
#1719=PLANE('',#7506);
#1720=PLANE('',#7507);
#1721=PLANE('',#7508);
#1722=PLANE('',#7509);
#1723=PLANE('',#7510);
#1724=PLANE('',#7511);
#1725=PLANE('',#7512);
#1726=PLANE('',#7515);
#1727=PLANE('',#7516);
#1728=PLANE('',#7525);
#1729=PLANE('',#7532);
#1730=PLANE('',#7534);
#1731=PLANE('',#7537);
#1732=PLANE('',#7538);
#1733=PLANE('',#7542);
#1734=PLANE('',#7546);
#1735=PLANE('',#7550);
#1736=PLANE('',#7554);
#1737=PLANE('',#7555);
#1738=PLANE('',#7563);
#1739=PLANE('',#7584);
#1740=PLANE('',#7585);
#1741=PLANE('',#7586);
#1742=PLANE('',#7611);
#1743=PLANE('',#7614);
#1744=PLANE('',#7617);
#1745=PLANE('',#7639);
#1746=PLANE('',#7641);
#1747=PLANE('',#7642);
#1748=PLANE('',#7648);
#1749=PLANE('',#7650);
#1750=PLANE('',#7654);
#1751=PLANE('',#7656);
#1752=PLANE('',#7658);
#1753=PLANE('',#7660);
#1754=PLANE('',#7661);
#1755=PLANE('',#7670);
#1756=PLANE('',#7671);
#1757=PLANE('',#7672);
#1758=PLANE('',#7673);
#1759=PLANE('',#7674);
#1760=PLANE('',#7675);
#1761=PLANE('',#7676);
#1762=PLANE('',#7677);
#1763=PLANE('',#7678);
#1764=PLANE('',#7679);
#1765=PLANE('',#7680);
#1766=PLANE('',#7681);
#1767=PLANE('',#7682);
#1768=PLANE('',#7683);
#1769=PLANE('',#7684);
#1770=PLANE('',#7695);
#1771=PLANE('',#7696);
#1772=PLANE('',#7707);
#1773=PLANE('',#7710);
#1774=PLANE('',#7713);
#1775=PLANE('',#7714);
#1776=PLANE('',#7715);
#1777=PLANE('',#7716);
#1778=PLANE('',#7717);
#1779=PLANE('',#7719);
#1780=PLANE('',#7722);
#1781=PLANE('',#7724);
#1782=PLANE('',#7727);
#1783=PLANE('',#7730);
#1784=PLANE('',#7731);
#1785=PLANE('',#7734);
#1786=PLANE('',#7737);
#1787=PLANE('',#7746);
#1788=PLANE('',#7750);
#1789=PLANE('',#7751);
#1790=PLANE('',#7753);
#1791=PLANE('',#7756);
#1792=PLANE('',#7758);
#1793=PLANE('',#7759);
#1794=PLANE('',#7760);
#1795=PLANE('',#7761);
#1796=PLANE('',#7762);
#1797=PLANE('',#7763);
#1798=PLANE('',#7765);
#1799=PLANE('',#7767);
#1800=PLANE('',#7769);
#1801=PLANE('',#7771);
#1802=PLANE('',#7772);
#1803=PLANE('',#7773);
#1804=PLANE('',#7774);
#1805=PLANE('',#7775);
#1806=PLANE('',#7776);
#1807=PLANE('',#7777);
#1808=PLANE('',#7778);
#1809=PLANE('',#7779);
#1810=PLANE('',#7780);
#1811=PLANE('',#7781);
#1812=PLANE('',#7782);
#1813=PLANE('',#7783);
#1814=PLANE('',#7784);
#1815=PLANE('',#7785);
#1816=PLANE('',#7786);
#1817=PLANE('',#7787);
#1818=PLANE('',#7788);
#1819=PLANE('',#7789);
#1820=PLANE('',#7790);
#1821=PLANE('',#7791);
#1822=PLANE('',#7792);
#1823=PLANE('',#7793);
#1824=PLANE('',#7794);
#1825=PLANE('',#7795);
#1826=PLANE('',#7796);
#1827=PLANE('',#7798);
#1828=PLANE('',#7799);
#1829=PLANE('',#7800);
#1830=PLANE('',#7801);
#1831=PLANE('',#7802);
#1832=PLANE('',#7803);
#1833=PLANE('',#7805);
#1834=PLANE('',#7806);
#1835=PLANE('',#7807);
#1836=PLANE('',#7808);
#1837=PLANE('',#7809);
#1838=PLANE('',#7810);
#1839=PLANE('',#7811);
#1840=PLANE('',#7812);
#1841=PLANE('',#7813);
#1842=PLANE('',#7814);
#1843=PLANE('',#7818);
#1844=PLANE('',#7821);
#1845=PLANE('',#7823);
#1846=PLANE('',#7825);
#1847=PLANE('',#7831);
#1848=PLANE('',#7832);
#1849=PLANE('',#7843);
#1850=PLANE('',#7844);
#1851=PLANE('',#7845);
#1852=PLANE('',#7853);
#1853=PLANE('',#7854);
#1854=PLANE('',#7855);
#1855=PLANE('',#7856);
#1856=PLANE('',#7857);
#1857=PLANE('',#7858);
#1858=PLANE('',#7859);
#1859=PLANE('',#7860);
#1860=PLANE('',#7861);
#1861=PLANE('',#7862);
#1862=PLANE('',#7863);
#1863=PLANE('',#7864);
#1864=PLANE('',#7865);
#1865=PLANE('',#7866);
#1866=PLANE('',#7867);
#1867=PLANE('',#7868);
#1868=PLANE('',#7869);
#1869=PLANE('',#7870);
#1870=PLANE('',#7871);
#1871=PLANE('',#7872);
#1872=PLANE('',#7873);
#1873=PLANE('',#7874);
#1874=PLANE('',#7875);
#1875=PLANE('',#7876);
#1876=PLANE('',#7877);
#1877=PLANE('',#7878);
#1878=PLANE('',#7879);
#1879=PLANE('',#7880);
#1880=PLANE('',#7881);
#1881=PLANE('',#7882);
#1882=PLANE('',#7883);
#1883=PLANE('',#7884);
#1884=PLANE('',#7885);
#1885=PLANE('',#7886);
#1886=PLANE('',#7887);
#1887=PLANE('',#7888);
#1888=PLANE('',#7889);
#1889=PLANE('',#7890);
#1890=PLANE('',#7891);
#1891=PLANE('',#7892);
#1892=PLANE('',#7893);
#1893=PLANE('',#7894);
#1894=PLANE('',#7895);
#1895=PLANE('',#7896);
#1896=PLANE('',#7897);
#1897=PLANE('',#7898);
#1898=PLANE('',#7899);
#1899=PLANE('',#7900);
#1900=PLANE('',#7901);
#1901=PLANE('',#7902);
#1902=PLANE('',#7903);
#1903=PLANE('',#7904);
#1904=PLANE('',#7905);
#1905=PLANE('',#7906);
#1906=PLANE('',#7907);
#1907=PLANE('',#7908);
#1908=PLANE('',#7909);
#1909=PLANE('',#7910);
#1910=PLANE('',#7911);
#1911=PLANE('',#7912);
#1912=PLANE('',#7913);
#1913=PLANE('',#7914);
#1914=PLANE('',#7915);
#1915=PLANE('',#7916);
#1916=PLANE('',#7917);
#1917=PLANE('',#7918);
#1918=PLANE('',#7919);
#1919=PLANE('',#7920);
#1920=PLANE('',#7923);
#1921=PLANE('',#7924);
#1922=PLANE('',#7925);
#1923=PLANE('',#7926);
#1924=PLANE('',#7927);
#1925=PLANE('',#7930);
#1926=PLANE('',#7936);
#1927=PLANE('',#7938);
#1928=PLANE('',#7939);
#1929=PLANE('',#7941);
#1930=PLANE('',#7943);
#1931=PLANE('',#7949);
#1932=PLANE('',#7951);
#1933=PLANE('',#7952);
#1934=PLANE('',#7954);
#1935=PLANE('',#7956);
#1936=PLANE('',#7962);
#1937=PLANE('',#7964);
#1938=PLANE('',#7965);
#1939=PLANE('',#7967);
#1940=PLANE('',#7969);
#1941=PLANE('',#7975);
#1942=PLANE('',#7977);
#1943=PLANE('',#7978);
#1944=PLANE('',#7980);
#1945=PLANE('',#7982);
#1946=PLANE('',#7983);
#1947=PLANE('',#7984);
#1948=PLANE('',#7985);
#1949=PLANE('',#7986);
#1950=PLANE('',#7987);
#1951=PLANE('',#7988);
#1952=PLANE('',#7989);
#1953=PLANE('',#7990);
#1954=PLANE('',#7991);
#1955=PLANE('',#7992);
#1956=PLANE('',#7993);
#1957=PLANE('',#7994);
#1958=PLANE('',#7995);
#1959=PLANE('',#7996);
#1960=PLANE('',#7997);
#1961=PLANE('',#7998);
#1962=PLANE('',#7999);
#1963=PLANE('',#8000);
#1964=PLANE('',#8001);
#1965=PLANE('',#8002);
#1966=FACE_OUTER_BOUND('',#2419,.T.);
#1967=FACE_OUTER_BOUND('',#2420,.T.);
#1968=FACE_OUTER_BOUND('',#2424,.T.);
#1969=FACE_OUTER_BOUND('',#2425,.T.);
#1970=FACE_OUTER_BOUND('',#2426,.T.);
#1971=FACE_OUTER_BOUND('',#2427,.T.);
#1972=FACE_OUTER_BOUND('',#2428,.T.);
#1973=FACE_OUTER_BOUND('',#2429,.T.);
#1974=FACE_OUTER_BOUND('',#2430,.T.);
#1975=FACE_OUTER_BOUND('',#2438,.T.);
#1976=FACE_OUTER_BOUND('',#2439,.T.);
#1977=FACE_OUTER_BOUND('',#2440,.T.);
#1978=FACE_OUTER_BOUND('',#2441,.T.);
#1979=FACE_OUTER_BOUND('',#2442,.T.);
#1980=FACE_OUTER_BOUND('',#2443,.T.);
#1981=FACE_OUTER_BOUND('',#2445,.T.);
#1982=FACE_OUTER_BOUND('',#2447,.T.);
#1983=FACE_OUTER_BOUND('',#2449,.T.);
#1984=FACE_OUTER_BOUND('',#2450,.T.);
#1985=FACE_OUTER_BOUND('',#2451,.T.);
#1986=FACE_OUTER_BOUND('',#2452,.T.);
#1987=FACE_OUTER_BOUND('',#2453,.T.);
#1988=FACE_OUTER_BOUND('',#2454,.T.);
#1989=FACE_OUTER_BOUND('',#2455,.T.);
#1990=FACE_OUTER_BOUND('',#2456,.T.);
#1991=FACE_OUTER_BOUND('',#2457,.T.);
#1992=FACE_OUTER_BOUND('',#2458,.T.);
#1993=FACE_OUTER_BOUND('',#2459,.T.);
#1994=FACE_OUTER_BOUND('',#2460,.T.);
#1995=FACE_OUTER_BOUND('',#2461,.T.);
#1996=FACE_OUTER_BOUND('',#2462,.T.);
#1997=FACE_OUTER_BOUND('',#2463,.T.);
#1998=FACE_OUTER_BOUND('',#2464,.T.);
#1999=FACE_OUTER_BOUND('',#2465,.T.);
#2000=FACE_OUTER_BOUND('',#2466,.T.);
#2001=FACE_OUTER_BOUND('',#2467,.T.);
#2002=FACE_OUTER_BOUND('',#2468,.T.);
#2003=FACE_OUTER_BOUND('',#2469,.T.);
#2004=FACE_OUTER_BOUND('',#2470,.T.);
#2005=FACE_OUTER_BOUND('',#2471,.T.);
#2006=FACE_OUTER_BOUND('',#2472,.T.);
#2007=FACE_OUTER_BOUND('',#2473,.T.);
#2008=FACE_OUTER_BOUND('',#2474,.T.);
#2009=FACE_OUTER_BOUND('',#2475,.T.);
#2010=FACE_OUTER_BOUND('',#2476,.T.);
#2011=FACE_OUTER_BOUND('',#2477,.T.);
#2012=FACE_OUTER_BOUND('',#2478,.T.);
#2013=FACE_OUTER_BOUND('',#2479,.T.);
#2014=FACE_OUTER_BOUND('',#2480,.T.);
#2015=FACE_OUTER_BOUND('',#2481,.T.);
#2016=FACE_OUTER_BOUND('',#2482,.T.);
#2017=FACE_OUTER_BOUND('',#2483,.T.);
#2018=FACE_OUTER_BOUND('',#2484,.T.);
#2019=FACE_OUTER_BOUND('',#2485,.T.);
#2020=FACE_OUTER_BOUND('',#2486,.T.);
#2021=FACE_OUTER_BOUND('',#2487,.T.);
#2022=FACE_OUTER_BOUND('',#2488,.T.);
#2023=FACE_OUTER_BOUND('',#2489,.T.);
#2024=FACE_OUTER_BOUND('',#2490,.T.);
#2025=FACE_OUTER_BOUND('',#2491,.T.);
#2026=FACE_OUTER_BOUND('',#2492,.T.);
#2027=FACE_OUTER_BOUND('',#2493,.T.);
#2028=FACE_OUTER_BOUND('',#2494,.T.);
#2029=FACE_OUTER_BOUND('',#2495,.T.);
#2030=FACE_OUTER_BOUND('',#2497,.T.);
#2031=FACE_OUTER_BOUND('',#2498,.T.);
#2032=FACE_OUTER_BOUND('',#2499,.T.);
#2033=FACE_OUTER_BOUND('',#2500,.T.);
#2034=FACE_OUTER_BOUND('',#2501,.T.);
#2035=FACE_OUTER_BOUND('',#2502,.T.);
#2036=FACE_OUTER_BOUND('',#2503,.T.);
#2037=FACE_OUTER_BOUND('',#2504,.T.);
#2038=FACE_OUTER_BOUND('',#2505,.T.);
#2039=FACE_OUTER_BOUND('',#2506,.T.);
#2040=FACE_OUTER_BOUND('',#2507,.T.);
#2041=FACE_OUTER_BOUND('',#2508,.T.);
#2042=FACE_OUTER_BOUND('',#2509,.T.);
#2043=FACE_OUTER_BOUND('',#2510,.T.);
#2044=FACE_OUTER_BOUND('',#2511,.T.);
#2045=FACE_OUTER_BOUND('',#2512,.T.);
#2046=FACE_OUTER_BOUND('',#2513,.T.);
#2047=FACE_OUTER_BOUND('',#2514,.T.);
#2048=FACE_OUTER_BOUND('',#2515,.T.);
#2049=FACE_OUTER_BOUND('',#2516,.T.);
#2050=FACE_OUTER_BOUND('',#2517,.T.);
#2051=FACE_OUTER_BOUND('',#2518,.T.);
#2052=FACE_OUTER_BOUND('',#2519,.T.);
#2053=FACE_OUTER_BOUND('',#2520,.T.);
#2054=FACE_OUTER_BOUND('',#2521,.T.);
#2055=FACE_OUTER_BOUND('',#2522,.T.);
#2056=FACE_OUTER_BOUND('',#2523,.T.);
#2057=FACE_OUTER_BOUND('',#2524,.T.);
#2058=FACE_OUTER_BOUND('',#2525,.T.);
#2059=FACE_OUTER_BOUND('',#2526,.T.);
#2060=FACE_OUTER_BOUND('',#2527,.T.);
#2061=FACE_OUTER_BOUND('',#2528,.T.);
#2062=FACE_OUTER_BOUND('',#2529,.T.);
#2063=FACE_OUTER_BOUND('',#2530,.T.);
#2064=FACE_OUTER_BOUND('',#2531,.T.);
#2065=FACE_OUTER_BOUND('',#2532,.T.);
#2066=FACE_OUTER_BOUND('',#2533,.T.);
#2067=FACE_OUTER_BOUND('',#2534,.T.);
#2068=FACE_OUTER_BOUND('',#2535,.T.);
#2069=FACE_OUTER_BOUND('',#2536,.T.);
#2070=FACE_OUTER_BOUND('',#2537,.T.);
#2071=FACE_OUTER_BOUND('',#2538,.T.);
#2072=FACE_OUTER_BOUND('',#2539,.T.);
#2073=FACE_OUTER_BOUND('',#2540,.T.);
#2074=FACE_OUTER_BOUND('',#2541,.T.);
#2075=FACE_OUTER_BOUND('',#2542,.T.);
#2076=FACE_OUTER_BOUND('',#2543,.T.);
#2077=FACE_OUTER_BOUND('',#2544,.T.);
#2078=FACE_OUTER_BOUND('',#2545,.T.);
#2079=FACE_OUTER_BOUND('',#2546,.T.);
#2080=FACE_OUTER_BOUND('',#2547,.T.);
#2081=FACE_OUTER_BOUND('',#2548,.T.);
#2082=FACE_OUTER_BOUND('',#2549,.T.);
#2083=FACE_OUTER_BOUND('',#2551,.T.);
#2084=FACE_OUTER_BOUND('',#2552,.T.);
#2085=FACE_OUTER_BOUND('',#2553,.T.);
#2086=FACE_OUTER_BOUND('',#2554,.T.);
#2087=FACE_OUTER_BOUND('',#2555,.T.);
#2088=FACE_OUTER_BOUND('',#2556,.T.);
#2089=FACE_OUTER_BOUND('',#2557,.T.);
#2090=FACE_OUTER_BOUND('',#2558,.T.);
#2091=FACE_OUTER_BOUND('',#2560,.T.);
#2092=FACE_OUTER_BOUND('',#2561,.T.);
#2093=FACE_OUTER_BOUND('',#2562,.T.);
#2094=FACE_OUTER_BOUND('',#2563,.T.);
#2095=FACE_OUTER_BOUND('',#2564,.T.);
#2096=FACE_OUTER_BOUND('',#2567,.T.);
#2097=FACE_OUTER_BOUND('',#2568,.T.);
#2098=FACE_OUTER_BOUND('',#2570,.T.);
#2099=FACE_OUTER_BOUND('',#2571,.T.);
#2100=FACE_OUTER_BOUND('',#2572,.T.);
#2101=FACE_OUTER_BOUND('',#2573,.T.);
#2102=FACE_OUTER_BOUND('',#2574,.T.);
#2103=FACE_OUTER_BOUND('',#2575,.T.);
#2104=FACE_OUTER_BOUND('',#2576,.T.);
#2105=FACE_OUTER_BOUND('',#2577,.T.);
#2106=FACE_OUTER_BOUND('',#2578,.T.);
#2107=FACE_OUTER_BOUND('',#2579,.T.);
#2108=FACE_OUTER_BOUND('',#2580,.T.);
#2109=FACE_OUTER_BOUND('',#2581,.T.);
#2110=FACE_OUTER_BOUND('',#2582,.T.);
#2111=FACE_OUTER_BOUND('',#2583,.T.);
#2112=FACE_OUTER_BOUND('',#2587,.T.);
#2113=FACE_OUTER_BOUND('',#2588,.T.);
#2114=FACE_OUTER_BOUND('',#2589,.T.);
#2115=FACE_OUTER_BOUND('',#2590,.T.);
#2116=FACE_OUTER_BOUND('',#2591,.T.);
#2117=FACE_OUTER_BOUND('',#2592,.T.);
#2118=FACE_OUTER_BOUND('',#2593,.T.);
#2119=FACE_OUTER_BOUND('',#2594,.T.);
#2120=FACE_OUTER_BOUND('',#2595,.T.);
#2121=FACE_OUTER_BOUND('',#2596,.T.);
#2122=FACE_OUTER_BOUND('',#2597,.T.);
#2123=FACE_OUTER_BOUND('',#2598,.T.);
#2124=FACE_OUTER_BOUND('',#2599,.T.);
#2125=FACE_OUTER_BOUND('',#2600,.T.);
#2126=FACE_OUTER_BOUND('',#2601,.T.);
#2127=FACE_OUTER_BOUND('',#2602,.T.);
#2128=FACE_OUTER_BOUND('',#2603,.T.);
#2129=FACE_OUTER_BOUND('',#2604,.T.);
#2130=FACE_OUTER_BOUND('',#2605,.T.);
#2131=FACE_OUTER_BOUND('',#2606,.T.);
#2132=FACE_OUTER_BOUND('',#2607,.T.);
#2133=FACE_OUTER_BOUND('',#2608,.T.);
#2134=FACE_OUTER_BOUND('',#2609,.T.);
#2135=FACE_OUTER_BOUND('',#2610,.T.);
#2136=FACE_OUTER_BOUND('',#2611,.T.);
#2137=FACE_OUTER_BOUND('',#2612,.T.);
#2138=FACE_OUTER_BOUND('',#2613,.T.);
#2139=FACE_OUTER_BOUND('',#2614,.T.);
#2140=FACE_OUTER_BOUND('',#2615,.T.);
#2141=FACE_OUTER_BOUND('',#2616,.T.);
#2142=FACE_OUTER_BOUND('',#2617,.T.);
#2143=FACE_OUTER_BOUND('',#2618,.T.);
#2144=FACE_OUTER_BOUND('',#2619,.T.);
#2145=FACE_OUTER_BOUND('',#2620,.T.);
#2146=FACE_OUTER_BOUND('',#2621,.T.);
#2147=FACE_OUTER_BOUND('',#2622,.T.);
#2148=FACE_OUTER_BOUND('',#2624,.T.);
#2149=FACE_OUTER_BOUND('',#2625,.T.);
#2150=FACE_OUTER_BOUND('',#2626,.T.);
#2151=FACE_OUTER_BOUND('',#2627,.T.);
#2152=FACE_OUTER_BOUND('',#2628,.T.);
#2153=FACE_OUTER_BOUND('',#2629,.T.);
#2154=FACE_OUTER_BOUND('',#2630,.T.);
#2155=FACE_OUTER_BOUND('',#2631,.T.);
#2156=FACE_OUTER_BOUND('',#2632,.T.);
#2157=FACE_OUTER_BOUND('',#2633,.T.);
#2158=FACE_OUTER_BOUND('',#2634,.T.);
#2159=FACE_OUTER_BOUND('',#2635,.T.);
#2160=FACE_OUTER_BOUND('',#2636,.T.);
#2161=FACE_OUTER_BOUND('',#2637,.T.);
#2162=FACE_OUTER_BOUND('',#2638,.T.);
#2163=FACE_OUTER_BOUND('',#2639,.T.);
#2164=FACE_OUTER_BOUND('',#2640,.T.);
#2165=FACE_OUTER_BOUND('',#2641,.T.);
#2166=FACE_OUTER_BOUND('',#2642,.T.);
#2167=FACE_OUTER_BOUND('',#2643,.T.);
#2168=FACE_OUTER_BOUND('',#2645,.T.);
#2169=FACE_OUTER_BOUND('',#2646,.T.);
#2170=FACE_OUTER_BOUND('',#2647,.T.);
#2171=FACE_OUTER_BOUND('',#2648,.T.);
#2172=FACE_OUTER_BOUND('',#2649,.T.);
#2173=FACE_OUTER_BOUND('',#2650,.T.);
#2174=FACE_OUTER_BOUND('',#2651,.T.);
#2175=FACE_OUTER_BOUND('',#2652,.T.);
#2176=FACE_OUTER_BOUND('',#2653,.T.);
#2177=FACE_OUTER_BOUND('',#2654,.T.);
#2178=FACE_OUTER_BOUND('',#2655,.T.);
#2179=FACE_OUTER_BOUND('',#2658,.T.);
#2180=FACE_OUTER_BOUND('',#2659,.T.);
#2181=FACE_OUTER_BOUND('',#2662,.T.);
#2182=FACE_OUTER_BOUND('',#2663,.T.);
#2183=FACE_OUTER_BOUND('',#2664,.T.);
#2184=FACE_OUTER_BOUND('',#2666,.T.);
#2185=FACE_OUTER_BOUND('',#2667,.T.);
#2186=FACE_OUTER_BOUND('',#2668,.T.);
#2187=FACE_OUTER_BOUND('',#2669,.T.);
#2188=FACE_OUTER_BOUND('',#2670,.T.);
#2189=FACE_OUTER_BOUND('',#2671,.T.);
#2190=FACE_OUTER_BOUND('',#2672,.T.);
#2191=FACE_OUTER_BOUND('',#2673,.T.);
#2192=FACE_OUTER_BOUND('',#2674,.T.);
#2193=FACE_OUTER_BOUND('',#2675,.T.);
#2194=FACE_OUTER_BOUND('',#2676,.T.);
#2195=FACE_OUTER_BOUND('',#2677,.T.);
#2196=FACE_OUTER_BOUND('',#2678,.T.);
#2197=FACE_OUTER_BOUND('',#2679,.T.);
#2198=FACE_OUTER_BOUND('',#2680,.T.);
#2199=FACE_OUTER_BOUND('',#2681,.T.);
#2200=FACE_OUTER_BOUND('',#2682,.T.);
#2201=FACE_OUTER_BOUND('',#2683,.T.);
#2202=FACE_OUTER_BOUND('',#2684,.T.);
#2203=FACE_OUTER_BOUND('',#2685,.T.);
#2204=FACE_OUTER_BOUND('',#2686,.T.);
#2205=FACE_OUTER_BOUND('',#2687,.T.);
#2206=FACE_OUTER_BOUND('',#2688,.T.);
#2207=FACE_OUTER_BOUND('',#2689,.T.);
#2208=FACE_OUTER_BOUND('',#2690,.T.);
#2209=FACE_OUTER_BOUND('',#2691,.T.);
#2210=FACE_OUTER_BOUND('',#2692,.T.);
#2211=FACE_OUTER_BOUND('',#2693,.T.);
#2212=FACE_OUTER_BOUND('',#2694,.T.);
#2213=FACE_OUTER_BOUND('',#2695,.T.);
#2214=FACE_OUTER_BOUND('',#2696,.T.);
#2215=FACE_OUTER_BOUND('',#2697,.T.);
#2216=FACE_OUTER_BOUND('',#2698,.T.);
#2217=FACE_OUTER_BOUND('',#2699,.T.);
#2218=FACE_OUTER_BOUND('',#2700,.T.);
#2219=FACE_OUTER_BOUND('',#2701,.T.);
#2220=FACE_OUTER_BOUND('',#2702,.T.);
#2221=FACE_OUTER_BOUND('',#2703,.T.);
#2222=FACE_OUTER_BOUND('',#2704,.T.);
#2223=FACE_OUTER_BOUND('',#2705,.T.);
#2224=FACE_OUTER_BOUND('',#2706,.T.);
#2225=FACE_OUTER_BOUND('',#2707,.T.);
#2226=FACE_OUTER_BOUND('',#2708,.T.);
#2227=FACE_OUTER_BOUND('',#2709,.T.);
#2228=FACE_OUTER_BOUND('',#2710,.T.);
#2229=FACE_OUTER_BOUND('',#2711,.T.);
#2230=FACE_OUTER_BOUND('',#2712,.T.);
#2231=FACE_OUTER_BOUND('',#2713,.T.);
#2232=FACE_OUTER_BOUND('',#2714,.T.);
#2233=FACE_OUTER_BOUND('',#2715,.T.);
#2234=FACE_OUTER_BOUND('',#2716,.T.);
#2235=FACE_OUTER_BOUND('',#2717,.T.);
#2236=FACE_OUTER_BOUND('',#2718,.T.);
#2237=FACE_OUTER_BOUND('',#2719,.T.);
#2238=FACE_OUTER_BOUND('',#2720,.T.);
#2239=FACE_OUTER_BOUND('',#2721,.T.);
#2240=FACE_OUTER_BOUND('',#2722,.T.);
#2241=FACE_OUTER_BOUND('',#2723,.T.);
#2242=FACE_OUTER_BOUND('',#2724,.T.);
#2243=FACE_OUTER_BOUND('',#2725,.T.);
#2244=FACE_OUTER_BOUND('',#2726,.T.);
#2245=FACE_OUTER_BOUND('',#2727,.T.);
#2246=FACE_OUTER_BOUND('',#2728,.T.);
#2247=FACE_OUTER_BOUND('',#2729,.T.);
#2248=FACE_OUTER_BOUND('',#2730,.T.);
#2249=FACE_OUTER_BOUND('',#2731,.T.);
#2250=FACE_OUTER_BOUND('',#2732,.T.);
#2251=FACE_OUTER_BOUND('',#2733,.T.);
#2252=FACE_OUTER_BOUND('',#2734,.T.);
#2253=FACE_OUTER_BOUND('',#2735,.T.);
#2254=FACE_OUTER_BOUND('',#2736,.T.);
#2255=FACE_OUTER_BOUND('',#2738,.T.);
#2256=FACE_OUTER_BOUND('',#2739,.T.);
#2257=FACE_OUTER_BOUND('',#2740,.T.);
#2258=FACE_OUTER_BOUND('',#2741,.T.);
#2259=FACE_OUTER_BOUND('',#2742,.T.);
#2260=FACE_OUTER_BOUND('',#2743,.T.);
#2261=FACE_OUTER_BOUND('',#2744,.T.);
#2262=FACE_OUTER_BOUND('',#2745,.T.);
#2263=FACE_OUTER_BOUND('',#2746,.T.);
#2264=FACE_OUTER_BOUND('',#2747,.T.);
#2265=FACE_OUTER_BOUND('',#2748,.T.);
#2266=FACE_OUTER_BOUND('',#2749,.T.);
#2267=FACE_OUTER_BOUND('',#2750,.T.);
#2268=FACE_OUTER_BOUND('',#2751,.T.);
#2269=FACE_OUTER_BOUND('',#2752,.T.);
#2270=FACE_OUTER_BOUND('',#2753,.T.);
#2271=FACE_OUTER_BOUND('',#2754,.T.);
#2272=FACE_OUTER_BOUND('',#2755,.T.);
#2273=FACE_OUTER_BOUND('',#2756,.T.);
#2274=FACE_OUTER_BOUND('',#2757,.T.);
#2275=FACE_OUTER_BOUND('',#2758,.T.);
#2276=FACE_OUTER_BOUND('',#2759,.T.);
#2277=FACE_OUTER_BOUND('',#2760,.T.);
#2278=FACE_OUTER_BOUND('',#2761,.T.);
#2279=FACE_OUTER_BOUND('',#2762,.T.);
#2280=FACE_OUTER_BOUND('',#2763,.T.);
#2281=FACE_OUTER_BOUND('',#2764,.T.);
#2282=FACE_OUTER_BOUND('',#2765,.T.);
#2283=FACE_OUTER_BOUND('',#2766,.T.);
#2284=FACE_OUTER_BOUND('',#2767,.T.);
#2285=FACE_OUTER_BOUND('',#2768,.T.);
#2286=FACE_OUTER_BOUND('',#2769,.T.);
#2287=FACE_OUTER_BOUND('',#2770,.T.);
#2288=FACE_OUTER_BOUND('',#2771,.T.);
#2289=FACE_OUTER_BOUND('',#2772,.T.);
#2290=FACE_OUTER_BOUND('',#2773,.T.);
#2291=FACE_OUTER_BOUND('',#2774,.T.);
#2292=FACE_OUTER_BOUND('',#2775,.T.);
#2293=FACE_OUTER_BOUND('',#2776,.T.);
#2294=FACE_OUTER_BOUND('',#2777,.T.);
#2295=FACE_OUTER_BOUND('',#2778,.T.);
#2296=FACE_OUTER_BOUND('',#2779,.T.);
#2297=FACE_OUTER_BOUND('',#2780,.T.);
#2298=FACE_OUTER_BOUND('',#2781,.T.);
#2299=FACE_OUTER_BOUND('',#2782,.T.);
#2300=FACE_OUTER_BOUND('',#2783,.T.);
#2301=FACE_OUTER_BOUND('',#2784,.T.);
#2302=FACE_OUTER_BOUND('',#2785,.T.);
#2303=FACE_OUTER_BOUND('',#2786,.T.);
#2304=FACE_OUTER_BOUND('',#2787,.T.);
#2305=FACE_OUTER_BOUND('',#2788,.T.);
#2306=FACE_OUTER_BOUND('',#2789,.T.);
#2307=FACE_OUTER_BOUND('',#2790,.T.);
#2308=FACE_OUTER_BOUND('',#2791,.T.);
#2309=FACE_OUTER_BOUND('',#2792,.T.);
#2310=FACE_OUTER_BOUND('',#2793,.T.);
#2311=FACE_OUTER_BOUND('',#2794,.T.);
#2312=FACE_OUTER_BOUND('',#2795,.T.);
#2313=FACE_OUTER_BOUND('',#2796,.T.);
#2314=FACE_OUTER_BOUND('',#2797,.T.);
#2315=FACE_OUTER_BOUND('',#2798,.T.);
#2316=FACE_OUTER_BOUND('',#2799,.T.);
#2317=FACE_OUTER_BOUND('',#2800,.T.);
#2318=FACE_OUTER_BOUND('',#2801,.T.);
#2319=FACE_OUTER_BOUND('',#2802,.T.);
#2320=FACE_OUTER_BOUND('',#2803,.T.);
#2321=FACE_OUTER_BOUND('',#2804,.T.);
#2322=FACE_OUTER_BOUND('',#2805,.T.);
#2323=FACE_OUTER_BOUND('',#2806,.T.);
#2324=FACE_OUTER_BOUND('',#2807,.T.);
#2325=FACE_OUTER_BOUND('',#2808,.T.);
#2326=FACE_OUTER_BOUND('',#2809,.T.);
#2327=FACE_OUTER_BOUND('',#2810,.T.);
#2328=FACE_OUTER_BOUND('',#2811,.T.);
#2329=FACE_OUTER_BOUND('',#2812,.T.);
#2330=FACE_OUTER_BOUND('',#2813,.T.);
#2331=FACE_OUTER_BOUND('',#2814,.T.);
#2332=FACE_OUTER_BOUND('',#2815,.T.);
#2333=FACE_OUTER_BOUND('',#2816,.T.);
#2334=FACE_OUTER_BOUND('',#2817,.T.);
#2335=FACE_OUTER_BOUND('',#2818,.T.);
#2336=FACE_OUTER_BOUND('',#2819,.T.);
#2337=FACE_OUTER_BOUND('',#2820,.T.);
#2338=FACE_OUTER_BOUND('',#2821,.T.);
#2339=FACE_OUTER_BOUND('',#2822,.T.);
#2340=FACE_OUTER_BOUND('',#2823,.T.);
#2341=FACE_OUTER_BOUND('',#2824,.T.);
#2342=FACE_OUTER_BOUND('',#2825,.T.);
#2343=FACE_OUTER_BOUND('',#2826,.T.);
#2344=FACE_OUTER_BOUND('',#2827,.T.);
#2345=FACE_OUTER_BOUND('',#2828,.T.);
#2346=FACE_OUTER_BOUND('',#2829,.T.);
#2347=FACE_OUTER_BOUND('',#2830,.T.);
#2348=FACE_OUTER_BOUND('',#2831,.T.);
#2349=FACE_OUTER_BOUND('',#2832,.T.);
#2350=FACE_OUTER_BOUND('',#2833,.T.);
#2351=FACE_OUTER_BOUND('',#2834,.T.);
#2352=FACE_OUTER_BOUND('',#2835,.T.);
#2353=FACE_OUTER_BOUND('',#2836,.T.);
#2354=FACE_OUTER_BOUND('',#2837,.T.);
#2355=FACE_OUTER_BOUND('',#2838,.T.);
#2356=FACE_OUTER_BOUND('',#2839,.T.);
#2357=FACE_OUTER_BOUND('',#2840,.T.);
#2358=FACE_OUTER_BOUND('',#2841,.T.);
#2359=FACE_OUTER_BOUND('',#2842,.T.);
#2360=FACE_OUTER_BOUND('',#2843,.T.);
#2361=FACE_OUTER_BOUND('',#2844,.T.);
#2362=FACE_OUTER_BOUND('',#2845,.T.);
#2363=FACE_OUTER_BOUND('',#2846,.T.);
#2364=FACE_OUTER_BOUND('',#2847,.T.);
#2365=FACE_OUTER_BOUND('',#2848,.T.);
#2366=FACE_OUTER_BOUND('',#2849,.T.);
#2367=FACE_OUTER_BOUND('',#2850,.T.);
#2368=FACE_OUTER_BOUND('',#2851,.T.);
#2369=FACE_OUTER_BOUND('',#2852,.T.);
#2370=FACE_OUTER_BOUND('',#2853,.T.);
#2371=FACE_OUTER_BOUND('',#2854,.T.);
#2372=FACE_OUTER_BOUND('',#2855,.T.);
#2373=FACE_OUTER_BOUND('',#2856,.T.);
#2374=FACE_OUTER_BOUND('',#2857,.T.);
#2375=FACE_OUTER_BOUND('',#2858,.T.);
#2376=FACE_OUTER_BOUND('',#2859,.T.);
#2377=FACE_OUTER_BOUND('',#2860,.T.);
#2378=FACE_OUTER_BOUND('',#2861,.T.);
#2379=FACE_OUTER_BOUND('',#2862,.T.);
#2380=FACE_OUTER_BOUND('',#2863,.T.);
#2381=FACE_OUTER_BOUND('',#2864,.T.);
#2382=FACE_OUTER_BOUND('',#2865,.T.);
#2383=FACE_OUTER_BOUND('',#2866,.T.);
#2384=FACE_OUTER_BOUND('',#2867,.T.);
#2385=FACE_OUTER_BOUND('',#2868,.T.);
#2386=FACE_OUTER_BOUND('',#2869,.T.);
#2387=FACE_OUTER_BOUND('',#2870,.T.);
#2388=FACE_OUTER_BOUND('',#2871,.T.);
#2389=FACE_OUTER_BOUND('',#2872,.T.);
#2390=FACE_OUTER_BOUND('',#2873,.T.);
#2391=FACE_OUTER_BOUND('',#2874,.T.);
#2392=FACE_OUTER_BOUND('',#2875,.T.);
#2393=FACE_OUTER_BOUND('',#2876,.T.);
#2394=FACE_OUTER_BOUND('',#2877,.T.);
#2395=FACE_OUTER_BOUND('',#2878,.T.);
#2396=FACE_OUTER_BOUND('',#2879,.T.);
#2397=FACE_OUTER_BOUND('',#2880,.T.);
#2398=FACE_OUTER_BOUND('',#2881,.T.);
#2399=FACE_OUTER_BOUND('',#2882,.T.);
#2400=FACE_OUTER_BOUND('',#2883,.T.);
#2401=FACE_OUTER_BOUND('',#2884,.T.);
#2402=FACE_OUTER_BOUND('',#2885,.T.);
#2403=FACE_OUTER_BOUND('',#2886,.T.);
#2404=FACE_OUTER_BOUND('',#2887,.T.);
#2405=FACE_OUTER_BOUND('',#2888,.T.);
#2406=FACE_OUTER_BOUND('',#2889,.T.);
#2407=FACE_OUTER_BOUND('',#2890,.T.);
#2408=FACE_OUTER_BOUND('',#2891,.T.);
#2409=FACE_OUTER_BOUND('',#2892,.T.);
#2410=FACE_OUTER_BOUND('',#2893,.T.);
#2411=FACE_OUTER_BOUND('',#2894,.T.);
#2412=FACE_OUTER_BOUND('',#2895,.T.);
#2413=FACE_OUTER_BOUND('',#2896,.T.);
#2414=FACE_OUTER_BOUND('',#2897,.T.);
#2415=FACE_OUTER_BOUND('',#2898,.T.);
#2416=FACE_OUTER_BOUND('',#2899,.T.);
#2417=FACE_OUTER_BOUND('',#2900,.T.);
#2418=FACE_OUTER_BOUND('',#2901,.T.);
#2419=EDGE_LOOP('',(#4739,#4740,#4741,#4742,#4743));
#2420=EDGE_LOOP('',(#4744,#4745,#4746,#4747,#4748,#4749,#4750,#4751,#4752,
#4753,#4754,#4755,#4756,#4757,#4758,#4759,#4760,#4761,#4762,#4763,#4764,
#4765,#4766,#4767,#4768,#4769,#4770,#4771,#4772,#4773,#4774,#4775,#4776,
#4777,#4778,#4779,#4780,#4781,#4782));
#2421=EDGE_LOOP('',(#4783));
#2422=EDGE_LOOP('',(#4784));
#2423=EDGE_LOOP('',(#4785));
#2424=EDGE_LOOP('',(#4786,#4787,#4788,#4789,#4790));
#2425=EDGE_LOOP('',(#4791,#4792,#4793,#4794,#4795));
#2426=EDGE_LOOP('',(#4796,#4797,#4798,#4799,#4800));
#2427=EDGE_LOOP('',(#4801,#4802,#4803,#4804,#4805));
#2428=EDGE_LOOP('',(#4806,#4807,#4808,#4809,#4810));
#2429=EDGE_LOOP('',(#4811,#4812,#4813,#4814));
#2430=EDGE_LOOP('',(#4815,#4816,#4817,#4818,#4819,#4820,#4821,#4822,#4823,
#4824,#4825,#4826,#4827));
#2431=EDGE_LOOP('',(#4828));
#2432=EDGE_LOOP('',(#4829));
#2433=EDGE_LOOP('',(#4830));
#2434=EDGE_LOOP('',(#4831,#4832,#4833,#4834,#4835,#4836,#4837,#4838));
#2435=EDGE_LOOP('',(#4839));
#2436=EDGE_LOOP('',(#4840));
#2437=EDGE_LOOP('',(#4841));
#2438=EDGE_LOOP('',(#4842,#4843,#4844,#4845));
#2439=EDGE_LOOP('',(#4846,#4847,#4848,#4849));
#2440=EDGE_LOOP('',(#4850,#4851,#4852,#4853));
#2441=EDGE_LOOP('',(#4854,#4855,#4856,#4857));
#2442=EDGE_LOOP('',(#4858,#4859,#4860,#4861));
#2443=EDGE_LOOP('',(#4862));
#2444=EDGE_LOOP('',(#4863));
#2445=EDGE_LOOP('',(#4864));
#2446=EDGE_LOOP('',(#4865));
#2447=EDGE_LOOP('',(#4866));
#2448=EDGE_LOOP('',(#4867));
#2449=EDGE_LOOP('',(#4868,#4869,#4870,#4871));
#2450=EDGE_LOOP('',(#4872,#4873,#4874,#4875));
#2451=EDGE_LOOP('',(#4876,#4877,#4878,#4879));
#2452=EDGE_LOOP('',(#4880,#4881,#4882,#4883));
#2453=EDGE_LOOP('',(#4884,#4885,#4886));
#2454=EDGE_LOOP('',(#4887,#4888,#4889,#4890));
#2455=EDGE_LOOP('',(#4891,#4892,#4893,#4894));
#2456=EDGE_LOOP('',(#4895,#4896,#4897));
#2457=EDGE_LOOP('',(#4898,#4899,#4900,#4901));
#2458=EDGE_LOOP('',(#4902,#4903,#4904,#4905,#4906,#4907));
#2459=EDGE_LOOP('',(#4908,#4909,#4910,#4911));
#2460=EDGE_LOOP('',(#4912,#4913,#4914,#4915));
#2461=EDGE_LOOP('',(#4916,#4917,#4918,#4919,#4920,#4921,#4922,#4923,#4924,
#4925,#4926,#4927,#4928,#4929,#4930));
#2462=EDGE_LOOP('',(#4931,#4932,#4933,#4934));
#2463=EDGE_LOOP('',(#4935,#4936,#4937,#4938));
#2464=EDGE_LOOP('',(#4939,#4940,#4941,#4942));
#2465=EDGE_LOOP('',(#4943,#4944,#4945,#4946));
#2466=EDGE_LOOP('',(#4947,#4948,#4949,#4950));
#2467=EDGE_LOOP('',(#4951,#4952,#4953,#4954));
#2468=EDGE_LOOP('',(#4955,#4956,#4957,#4958));
#2469=EDGE_LOOP('',(#4959));
#2470=EDGE_LOOP('',(#4960));
#2471=EDGE_LOOP('',(#4961));
#2472=EDGE_LOOP('',(#4962,#4963,#4964,#4965));
#2473=EDGE_LOOP('',(#4966,#4967,#4968,#4969));
#2474=EDGE_LOOP('',(#4970,#4971,#4972,#4973));
#2475=EDGE_LOOP('',(#4974,#4975,#4976,#4977));
#2476=EDGE_LOOP('',(#4978,#4979,#4980,#4981));
#2477=EDGE_LOOP('',(#4982,#4983,#4984,#4985));
#2478=EDGE_LOOP('',(#4986,#4987,#4988,#4989));
#2479=EDGE_LOOP('',(#4990,#4991,#4992,#4993));
#2480=EDGE_LOOP('',(#4994,#4995,#4996,#4997));
#2481=EDGE_LOOP('',(#4998,#4999,#5000,#5001));
#2482=EDGE_LOOP('',(#5002,#5003,#5004,#5005));
#2483=EDGE_LOOP('',(#5006,#5007,#5008,#5009));
#2484=EDGE_LOOP('',(#5010,#5011,#5012,#5013));
#2485=EDGE_LOOP('',(#5014,#5015,#5016,#5017));
#2486=EDGE_LOOP('',(#5018,#5019,#5020,#5021));
#2487=EDGE_LOOP('',(#5022,#5023,#5024,#5025));
#2488=EDGE_LOOP('',(#5026,#5027,#5028,#5029));
#2489=EDGE_LOOP('',(#5030,#5031,#5032,#5033));
#2490=EDGE_LOOP('',(#5034,#5035,#5036,#5037));
#2491=EDGE_LOOP('',(#5038,#5039,#5040,#5041));
#2492=EDGE_LOOP('',(#5042,#5043,#5044,#5045));
#2493=EDGE_LOOP('',(#5046,#5047,#5048,#5049));
#2494=EDGE_LOOP('',(#5050,#5051,#5052,#5053));
#2495=EDGE_LOOP('',(#5054,#5055,#5056,#5057));
#2496=EDGE_LOOP('',(#5058,#5059,#5060,#5061,#5062,#5063,#5064,#5065));
#2497=EDGE_LOOP('',(#5066,#5067,#5068,#5069));
#2498=EDGE_LOOP('',(#5070,#5071,#5072,#5073));
#2499=EDGE_LOOP('',(#5074,#5075,#5076,#5077));
#2500=EDGE_LOOP('',(#5078,#5079,#5080,#5081));
#2501=EDGE_LOOP('',(#5082,#5083,#5084,#5085));
#2502=EDGE_LOOP('',(#5086,#5087,#5088));
#2503=EDGE_LOOP('',(#5089,#5090,#5091,#5092));
#2504=EDGE_LOOP('',(#5093,#5094,#5095));
#2505=EDGE_LOOP('',(#5096,#5097,#5098));
#2506=EDGE_LOOP('',(#5099,#5100,#5101));
#2507=EDGE_LOOP('',(#5102,#5103,#5104));
#2508=EDGE_LOOP('',(#5105,#5106,#5107,#5108));
#2509=EDGE_LOOP('',(#5109,#5110,#5111,#5112,#5113,#5114,#5115,#5116,#5117,
#5118,#5119,#5120,#5121,#5122,#5123,#5124,#5125,#5126,#5127));
#2510=EDGE_LOOP('',(#5128,#5129,#5130,#5131));
#2511=EDGE_LOOP('',(#5132,#5133,#5134,#5135));
#2512=EDGE_LOOP('',(#5136,#5137,#5138,#5139));
#2513=EDGE_LOOP('',(#5140,#5141,#5142));
#2514=EDGE_LOOP('',(#5143,#5144,#5145));
#2515=EDGE_LOOP('',(#5146,#5147,#5148,#5149));
#2516=EDGE_LOOP('',(#5150,#5151,#5152,#5153));
#2517=EDGE_LOOP('',(#5154,#5155,#5156));
#2518=EDGE_LOOP('',(#5157,#5158,#5159,#5160));
#2519=EDGE_LOOP('',(#5161,#5162,#5163,#5164));
#2520=EDGE_LOOP('',(#5165,#5166,#5167));
#2521=EDGE_LOOP('',(#5168,#5169,#5170,#5171));
#2522=EDGE_LOOP('',(#5172,#5173,#5174));
#2523=EDGE_LOOP('',(#5175,#5176));
#2524=EDGE_LOOP('',(#5177,#5178,#5179));
#2525=EDGE_LOOP('',(#5180,#5181,#5182,#5183));
#2526=EDGE_LOOP('',(#5184,#5185,#5186,#5187));
#2527=EDGE_LOOP('',(#5188,#5189,#5190));
#2528=EDGE_LOOP('',(#5191,#5192,#5193,#5194,#5195,#5196));
#2529=EDGE_LOOP('',(#5197,#5198,#5199));
#2530=EDGE_LOOP('',(#5200,#5201,#5202));
#2531=EDGE_LOOP('',(#5203,#5204,#5205));
#2532=EDGE_LOOP('',(#5206,#5207,#5208,#5209));
#2533=EDGE_LOOP('',(#5210,#5211,#5212,#5213));
#2534=EDGE_LOOP('',(#5214,#5215,#5216));
#2535=EDGE_LOOP('',(#5217,#5218,#5219,#5220));
#2536=EDGE_LOOP('',(#5221,#5222,#5223,#5224));
#2537=EDGE_LOOP('',(#5225,#5226,#5227,#5228));
#2538=EDGE_LOOP('',(#5229,#5230,#5231,#5232));
#2539=EDGE_LOOP('',(#5233,#5234,#5235,#5236));
#2540=EDGE_LOOP('',(#5237,#5238,#5239,#5240));
#2541=EDGE_LOOP('',(#5241,#5242,#5243));
#2542=EDGE_LOOP('',(#5244,#5245,#5246,#5247,#5248));
#2543=EDGE_LOOP('',(#5249,#5250,#5251));
#2544=EDGE_LOOP('',(#5252,#5253,#5254,#5255));
#2545=EDGE_LOOP('',(#5256,#5257,#5258));
#2546=EDGE_LOOP('',(#5259,#5260,#5261,#5262,#5263));
#2547=EDGE_LOOP('',(#5264,#5265,#5266));
#2548=EDGE_LOOP('',(#5267,#5268,#5269,#5270));
#2549=EDGE_LOOP('',(#5271,#5272,#5273,#5274));
#2550=EDGE_LOOP('',(#5275));
#2551=EDGE_LOOP('',(#5276,#5277,#5278,#5279));
#2552=EDGE_LOOP('',(#5280,#5281,#5282,#5283));
#2553=EDGE_LOOP('',(#5284,#5285,#5286,#5287));
#2554=EDGE_LOOP('',(#5288,#5289,#5290,#5291));
#2555=EDGE_LOOP('',(#5292,#5293,#5294,#5295));
#2556=EDGE_LOOP('',(#5296,#5297,#5298,#5299));
#2557=EDGE_LOOP('',(#5300,#5301,#5302,#5303));
#2558=EDGE_LOOP('',(#5304,#5305,#5306,#5307,#5308,#5309));
#2559=EDGE_LOOP('',(#5310,#5311,#5312,#5313));
#2560=EDGE_LOOP('',(#5314,#5315,#5316,#5317));
#2561=EDGE_LOOP('',(#5318,#5319,#5320,#5321));
#2562=EDGE_LOOP('',(#5322,#5323,#5324,#5325,#5326));
#2563=EDGE_LOOP('',(#5327,#5328,#5329,#5330,#5331,#5332));
#2564=EDGE_LOOP('',(#5333,#5334,#5335,#5336,#5337,#5338,#5339,#5340));
#2565=EDGE_LOOP('',(#5341,#5342,#5343,#5344,#5345,#5346,#5347,#5348));
#2566=EDGE_LOOP('',(#5349));
#2567=EDGE_LOOP('',(#5350,#5351,#5352,#5353,#5354));
#2568=EDGE_LOOP('',(#5355,#5356,#5357,#5358,#5359,#5360));
#2569=EDGE_LOOP('',(#5361));
#2570=EDGE_LOOP('',(#5362,#5363,#5364,#5365));
#2571=EDGE_LOOP('',(#5366,#5367,#5368,#5369,#5370,#5371,#5372,#5373,#5374,
#5375,#5376,#5377,#5378,#5379));
#2572=EDGE_LOOP('',(#5380,#5381,#5382,#5383));
#2573=EDGE_LOOP('',(#5384,#5385,#5386,#5387));
#2574=EDGE_LOOP('',(#5388,#5389,#5390,#5391));
#2575=EDGE_LOOP('',(#5392,#5393,#5394,#5395));
#2576=EDGE_LOOP('',(#5396,#5397,#5398,#5399));
#2577=EDGE_LOOP('',(#5400,#5401,#5402,#5403));
#2578=EDGE_LOOP('',(#5404,#5405,#5406,#5407));
#2579=EDGE_LOOP('',(#5408,#5409,#5410,#5411));
#2580=EDGE_LOOP('',(#5412,#5413,#5414,#5415));
#2581=EDGE_LOOP('',(#5416,#5417,#5418,#5419,#5420,#5421,#5422,#5423,#5424,
#5425,#5426,#5427,#5428,#5429,#5430,#5431,#5432,#5433,#5434,#5435,#5436,
#5437));
#2582=EDGE_LOOP('',(#5438,#5439,#5440,#5441));
#2583=EDGE_LOOP('',(#5442,#5443,#5444,#5445,#5446,#5447,#5448,#5449,#5450,
#5451,#5452,#5453,#5454,#5455,#5456,#5457,#5458,#5459,#5460,#5461,#5462,
#5463,#5464,#5465,#5466,#5467,#5468,#5469,#5470,#5471,#5472,#5473,#5474,
#5475,#5476,#5477,#5478,#5479,#5480,#5481,#5482,#5483,#5484,#5485,#5486,
#5487,#5488,#5489,#5490));
#2584=EDGE_LOOP('',(#5491));
#2585=EDGE_LOOP('',(#5492));
#2586=EDGE_LOOP('',(#5493));
#2587=EDGE_LOOP('',(#5494,#5495,#5496,#5497));
#2588=EDGE_LOOP('',(#5498,#5499,#5500,#5501));
#2589=EDGE_LOOP('',(#5502,#5503,#5504,#5505));
#2590=EDGE_LOOP('',(#5506,#5507,#5508,#5509));
#2591=EDGE_LOOP('',(#5510,#5511,#5512,#5513));
#2592=EDGE_LOOP('',(#5514));
#2593=EDGE_LOOP('',(#5515));
#2594=EDGE_LOOP('',(#5516));
#2595=EDGE_LOOP('',(#5517,#5518,#5519,#5520));
#2596=EDGE_LOOP('',(#5521,#5522,#5523,#5524));
#2597=EDGE_LOOP('',(#5525,#5526,#5527,#5528));
#2598=EDGE_LOOP('',(#5529,#5530,#5531,#5532));
#2599=EDGE_LOOP('',(#5533,#5534,#5535,#5536));
#2600=EDGE_LOOP('',(#5537,#5538,#5539,#5540));
#2601=EDGE_LOOP('',(#5541,#5542,#5543,#5544,#5545));
#2602=EDGE_LOOP('',(#5546,#5547,#5548,#5549));
#2603=EDGE_LOOP('',(#5550,#5551,#5552,#5553));
#2604=EDGE_LOOP('',(#5554,#5555,#5556,#5557));
#2605=EDGE_LOOP('',(#5558,#5559,#5560,#5561));
#2606=EDGE_LOOP('',(#5562,#5563,#5564,#5565));
#2607=EDGE_LOOP('',(#5566,#5567,#5568,#5569));
#2608=EDGE_LOOP('',(#5570,#5571,#5572,#5573));
#2609=EDGE_LOOP('',(#5574,#5575,#5576,#5577));
#2610=EDGE_LOOP('',(#5578,#5579,#5580,#5581,#5582,#5583,#5584,#5585,#5586,
#5587,#5588,#5589,#5590));
#2611=EDGE_LOOP('',(#5591,#5592,#5593,#5594));
#2612=EDGE_LOOP('',(#5595,#5596,#5597,#5598));
#2613=EDGE_LOOP('',(#5599,#5600,#5601,#5602));
#2614=EDGE_LOOP('',(#5603,#5604,#5605,#5606));
#2615=EDGE_LOOP('',(#5607,#5608,#5609,#5610));
#2616=EDGE_LOOP('',(#5611,#5612,#5613,#5614));
#2617=EDGE_LOOP('',(#5615,#5616,#5617,#5618));
#2618=EDGE_LOOP('',(#5619,#5620,#5621,#5622));
#2619=EDGE_LOOP('',(#5623,#5624,#5625,#5626,#5627));
#2620=EDGE_LOOP('',(#5628,#5629,#5630,#5631,#5632));
#2621=EDGE_LOOP('',(#5633,#5634,#5635,#5636));
#2622=EDGE_LOOP('',(#5637,#5638,#5639,#5640,#5641,#5642,#5643,#5644));
#2623=EDGE_LOOP('',(#5645,#5646,#5647,#5648,#5649,#5650,#5651,#5652));
#2624=EDGE_LOOP('',(#5653,#5654,#5655,#5656));
#2625=EDGE_LOOP('',(#5657,#5658,#5659,#5660));
#2626=EDGE_LOOP('',(#5661,#5662,#5663,#5664));
#2627=EDGE_LOOP('',(#5665,#5666,#5667,#5668));
#2628=EDGE_LOOP('',(#5669,#5670,#5671,#5672,#5673));
#2629=EDGE_LOOP('',(#5674,#5675,#5676,#5677));
#2630=EDGE_LOOP('',(#5678,#5679,#5680,#5681));
#2631=EDGE_LOOP('',(#5682,#5683,#5684,#5685));
#2632=EDGE_LOOP('',(#5686,#5687,#5688,#5689));
#2633=EDGE_LOOP('',(#5690,#5691,#5692,#5693));
#2634=EDGE_LOOP('',(#5694,#5695));
#2635=EDGE_LOOP('',(#5696,#5697,#5698,#5699));
#2636=EDGE_LOOP('',(#5700,#5701,#5702,#5703));
#2637=EDGE_LOOP('',(#5704,#5705,#5706,#5707));
#2638=EDGE_LOOP('',(#5708,#5709,#5710,#5711,#5712,#5713,#5714,#5715,#5716,
#5717,#5718,#5719));
#2639=EDGE_LOOP('',(#5720,#5721,#5722,#5723,#5724));
#2640=EDGE_LOOP('',(#5725,#5726,#5727,#5728));
#2641=EDGE_LOOP('',(#5729,#5730,#5731,#5732,#5733,#5734,#5735,#5736));
#2642=EDGE_LOOP('',(#5737,#5738,#5739,#5740,#5741));
#2643=EDGE_LOOP('',(#5742,#5743,#5744,#5745,#5746,#5747));
#2644=EDGE_LOOP('',(#5748));
#2645=EDGE_LOOP('',(#5749,#5750,#5751,#5752,#5753,#5754));
#2646=EDGE_LOOP('',(#5755,#5756,#5757,#5758));
#2647=EDGE_LOOP('',(#5759,#5760,#5761,#5762,#5763));
#2648=EDGE_LOOP('',(#5764,#5765,#5766,#5767,#5768));
#2649=EDGE_LOOP('',(#5769,#5770,#5771,#5772));
#2650=EDGE_LOOP('',(#5773,#5774,#5775,#5776));
#2651=EDGE_LOOP('',(#5777,#5778,#5779,#5780));
#2652=EDGE_LOOP('',(#5781,#5782,#5783,#5784,#5785));
#2653=EDGE_LOOP('',(#5786,#5787,#5788,#5789,#5790));
#2654=EDGE_LOOP('',(#5791,#5792,#5793,#5794,#5795));
#2655=EDGE_LOOP('',(#5796,#5797,#5798,#5799,#5800,#5801,#5802,#5803,#5804,
#5805));
#2656=EDGE_LOOP('',(#5806,#5807,#5808,#5809,#5810,#5811,#5812,#5813));
#2657=EDGE_LOOP('',(#5814,#5815,#5816,#5817,#5818,#5819,#5820,#5821));
#2658=EDGE_LOOP('',(#5822,#5823,#5824,#5825));
#2659=EDGE_LOOP('',(#5826,#5827,#5828,#5829,#5830,#5831,#5832,#5833,#5834,
#5835,#5836,#5837,#5838));
#2660=EDGE_LOOP('',(#5839,#5840,#5841,#5842,#5843,#5844,#5845,#5846));
#2661=EDGE_LOOP('',(#5847,#5848,#5849,#5850,#5851,#5852,#5853,#5854));
#2662=EDGE_LOOP('',(#5855,#5856,#5857,#5858));
#2663=EDGE_LOOP('',(#5859,#5860,#5861,#5862));
#2664=EDGE_LOOP('',(#5863,#5864,#5865,#5866,#5867,#5868,#5869,#5870,#5871,
#5872,#5873,#5874,#5875,#5876,#5877,#5878));
#2665=EDGE_LOOP('',(#5879));
#2666=EDGE_LOOP('',(#5880,#5881,#5882,#5883));
#2667=EDGE_LOOP('',(#5884,#5885,#5886,#5887));
#2668=EDGE_LOOP('',(#5888,#5889,#5890,#5891));
#2669=EDGE_LOOP('',(#5892,#5893,#5894,#5895));
#2670=EDGE_LOOP('',(#5896,#5897,#5898,#5899));
#2671=EDGE_LOOP('',(#5900,#5901,#5902,#5903));
#2672=EDGE_LOOP('',(#5904,#5905,#5906,#5907));
#2673=EDGE_LOOP('',(#5908,#5909,#5910,#5911));
#2674=EDGE_LOOP('',(#5912,#5913,#5914,#5915));
#2675=EDGE_LOOP('',(#5916,#5917,#5918,#5919));
#2676=EDGE_LOOP('',(#5920,#5921,#5922,#5923));
#2677=EDGE_LOOP('',(#5924,#5925,#5926,#5927));
#2678=EDGE_LOOP('',(#5928,#5929,#5930,#5931));
#2679=EDGE_LOOP('',(#5932,#5933,#5934,#5935));
#2680=EDGE_LOOP('',(#5936,#5937,#5938,#5939));
#2681=EDGE_LOOP('',(#5940,#5941,#5942,#5943));
#2682=EDGE_LOOP('',(#5944,#5945,#5946,#5947));
#2683=EDGE_LOOP('',(#5948,#5949,#5950,#5951));
#2684=EDGE_LOOP('',(#5952,#5953,#5954,#5955));
#2685=EDGE_LOOP('',(#5956,#5957,#5958));
#2686=EDGE_LOOP('',(#5959,#5960,#5961));
#2687=EDGE_LOOP('',(#5962,#5963,#5964,#5965));
#2688=EDGE_LOOP('',(#5966,#5967,#5968,#5969,#5970));
#2689=EDGE_LOOP('',(#5971,#5972,#5973,#5974,#5975));
#2690=EDGE_LOOP('',(#5976,#5977,#5978,#5979));
#2691=EDGE_LOOP('',(#5980,#5981,#5982,#5983,#5984,#5985));
#2692=EDGE_LOOP('',(#5986,#5987,#5988,#5989));
#2693=EDGE_LOOP('',(#5990,#5991,#5992,#5993,#5994,#5995));
#2694=EDGE_LOOP('',(#5996,#5997,#5998,#5999));
#2695=EDGE_LOOP('',(#6000,#6001,#6002,#6003,#6004));
#2696=EDGE_LOOP('',(#6005,#6006,#6007,#6008,#6009));
#2697=EDGE_LOOP('',(#6010,#6011,#6012,#6013));
#2698=EDGE_LOOP('',(#6014,#6015,#6016,#6017));
#2699=EDGE_LOOP('',(#6018,#6019,#6020,#6021));
#2700=EDGE_LOOP('',(#6022,#6023,#6024,#6025));
#2701=EDGE_LOOP('',(#6026,#6027,#6028,#6029));
#2702=EDGE_LOOP('',(#6030,#6031,#6032));
#2703=EDGE_LOOP('',(#6033,#6034,#6035,#6036));
#2704=EDGE_LOOP('',(#6037,#6038,#6039));
#2705=EDGE_LOOP('',(#6040,#6041,#6042,#6043));
#2706=EDGE_LOOP('',(#6044,#6045,#6046,#6047));
#2707=EDGE_LOOP('',(#6048,#6049,#6050,#6051));
#2708=EDGE_LOOP('',(#6052,#6053,#6054,#6055,#6056,#6057,#6058,#6059,#6060,
#6061));
#2709=EDGE_LOOP('',(#6062,#6063,#6064,#6065));
#2710=EDGE_LOOP('',(#6066,#6067,#6068,#6069));
#2711=EDGE_LOOP('',(#6070,#6071,#6072,#6073));
#2712=EDGE_LOOP('',(#6074,#6075,#6076));
#2713=EDGE_LOOP('',(#6077,#6078,#6079));
#2714=EDGE_LOOP('',(#6080,#6081,#6082,#6083));
#2715=EDGE_LOOP('',(#6084,#6085,#6086));
#2716=EDGE_LOOP('',(#6087,#6088,#6089));
#2717=EDGE_LOOP('',(#6090,#6091,#6092,#6093));
#2718=EDGE_LOOP('',(#6094,#6095,#6096));
#2719=EDGE_LOOP('',(#6097,#6098,#6099,#6100));
#2720=EDGE_LOOP('',(#6101,#6102,#6103));
#2721=EDGE_LOOP('',(#6104,#6105,#6106,#6107));
#2722=EDGE_LOOP('',(#6108,#6109,#6110));
#2723=EDGE_LOOP('',(#6111,#6112,#6113,#6114));
#2724=EDGE_LOOP('',(#6115,#6116,#6117));
#2725=EDGE_LOOP('',(#6118,#6119,#6120));
#2726=EDGE_LOOP('',(#6121,#6122,#6123));
#2727=EDGE_LOOP('',(#6124,#6125,#6126));
#2728=EDGE_LOOP('',(#6127,#6128,#6129,#6130));
#2729=EDGE_LOOP('',(#6131,#6132,#6133));
#2730=EDGE_LOOP('',(#6134,#6135,#6136));
#2731=EDGE_LOOP('',(#6137,#6138,#6139));
#2732=EDGE_LOOP('',(#6140,#6141,#6142));
#2733=EDGE_LOOP('',(#6143,#6144,#6145));
#2734=EDGE_LOOP('',(#6146,#6147,#6148,#6149));
#2735=EDGE_LOOP('',(#6150,#6151,#6152));
#2736=EDGE_LOOP('',(#6153,#6154,#6155,#6156,#6157,#6158,#6159,#6160));
#2737=EDGE_LOOP('',(#6161,#6162,#6163,#6164,#6165,#6166));
#2738=EDGE_LOOP('',(#6167,#6168,#6169));
#2739=EDGE_LOOP('',(#6170,#6171,#6172));
#2740=EDGE_LOOP('',(#6173,#6174,#6175,#6176));
#2741=EDGE_LOOP('',(#6177,#6178,#6179));
#2742=EDGE_LOOP('',(#6180,#6181,#6182));
#2743=EDGE_LOOP('',(#6183,#6184,#6185));
#2744=EDGE_LOOP('',(#6186,#6187,#6188));
#2745=EDGE_LOOP('',(#6189,#6190,#6191));
#2746=EDGE_LOOP('',(#6192,#6193,#6194));
#2747=EDGE_LOOP('',(#6195,#6196,#6197));
#2748=EDGE_LOOP('',(#6198,#6199,#6200));
#2749=EDGE_LOOP('',(#6201,#6202,#6203));
#2750=EDGE_LOOP('',(#6204,#6205,#6206));
#2751=EDGE_LOOP('',(#6207,#6208,#6209,#6210));
#2752=EDGE_LOOP('',(#6211,#6212,#6213));
#2753=EDGE_LOOP('',(#6214,#6215,#6216));
#2754=EDGE_LOOP('',(#6217,#6218,#6219,#6220,#6221,#6222));
#2755=EDGE_LOOP('',(#6223,#6224,#6225,#6226,#6227,#6228));
#2756=EDGE_LOOP('',(#6229,#6230,#6231,#6232));
#2757=EDGE_LOOP('',(#6233,#6234,#6235,#6236,#6237));
#2758=EDGE_LOOP('',(#6238,#6239,#6240,#6241,#6242));
#2759=EDGE_LOOP('',(#6243,#6244,#6245,#6246,#6247,#6248));
#2760=EDGE_LOOP('',(#6249,#6250,#6251,#6252,#6253));
#2761=EDGE_LOOP('',(#6254,#6255,#6256,#6257,#6258));
#2762=EDGE_LOOP('',(#6259,#6260,#6261,#6262,#6263,#6264));
#2763=EDGE_LOOP('',(#6265,#6266,#6267,#6268,#6269));
#2764=EDGE_LOOP('',(#6270,#6271,#6272));
#2765=EDGE_LOOP('',(#6273,#6274,#6275,#6276,#6277));
#2766=EDGE_LOOP('',(#6278,#6279,#6280,#6281,#6282,#6283));
#2767=EDGE_LOOP('',(#6284,#6285,#6286,#6287,#6288,#6289));
#2768=EDGE_LOOP('',(#6290,#6291,#6292,#6293,#6294,#6295,#6296,#6297));
#2769=EDGE_LOOP('',(#6298,#6299,#6300,#6301));
#2770=EDGE_LOOP('',(#6302,#6303,#6304,#6305));
#2771=EDGE_LOOP('',(#6306,#6307,#6308));
#2772=EDGE_LOOP('',(#6309,#6310,#6311));
#2773=EDGE_LOOP('',(#6312,#6313,#6314));
#2774=EDGE_LOOP('',(#6315,#6316,#6317));
#2775=EDGE_LOOP('',(#6318,#6319,#6320));
#2776=EDGE_LOOP('',(#6321,#6322,#6323));
#2777=EDGE_LOOP('',(#6324,#6325,#6326));
#2778=EDGE_LOOP('',(#6327,#6328,#6329));
#2779=EDGE_LOOP('',(#6330,#6331,#6332));
#2780=EDGE_LOOP('',(#6333,#6334,#6335));
#2781=EDGE_LOOP('',(#6336,#6337,#6338,#6339));
#2782=EDGE_LOOP('',(#6340,#6341,#6342,#6343));
#2783=EDGE_LOOP('',(#6344,#6345,#6346));
#2784=EDGE_LOOP('',(#6347,#6348,#6349));
#2785=EDGE_LOOP('',(#6350,#6351,#6352));
#2786=EDGE_LOOP('',(#6353,#6354,#6355));
#2787=EDGE_LOOP('',(#6356,#6357,#6358));
#2788=EDGE_LOOP('',(#6359,#6360,#6361));
#2789=EDGE_LOOP('',(#6362,#6363,#6364));
#2790=EDGE_LOOP('',(#6365,#6366,#6367));
#2791=EDGE_LOOP('',(#6368,#6369,#6370));
#2792=EDGE_LOOP('',(#6371,#6372,#6373));
#2793=EDGE_LOOP('',(#6374,#6375,#6376));
#2794=EDGE_LOOP('',(#6377,#6378,#6379));
#2795=EDGE_LOOP('',(#6380,#6381,#6382));
#2796=EDGE_LOOP('',(#6383,#6384,#6385));
#2797=EDGE_LOOP('',(#6386,#6387,#6388));
#2798=EDGE_LOOP('',(#6389,#6390,#6391));
#2799=EDGE_LOOP('',(#6392,#6393,#6394));
#2800=EDGE_LOOP('',(#6395,#6396,#6397));
#2801=EDGE_LOOP('',(#6398,#6399,#6400));
#2802=EDGE_LOOP('',(#6401,#6402,#6403));
#2803=EDGE_LOOP('',(#6404,#6405,#6406));
#2804=EDGE_LOOP('',(#6407,#6408,#6409));
#2805=EDGE_LOOP('',(#6410,#6411,#6412));
#2806=EDGE_LOOP('',(#6413,#6414,#6415));
#2807=EDGE_LOOP('',(#6416,#6417,#6418));
#2808=EDGE_LOOP('',(#6419,#6420,#6421));
#2809=EDGE_LOOP('',(#6422,#6423,#6424));
#2810=EDGE_LOOP('',(#6425,#6426,#6427));
#2811=EDGE_LOOP('',(#6428,#6429,#6430));
#2812=EDGE_LOOP('',(#6431,#6432,#6433));
#2813=EDGE_LOOP('',(#6434,#6435,#6436));
#2814=EDGE_LOOP('',(#6437,#6438,#6439));
#2815=EDGE_LOOP('',(#6440,#6441,#6442));
#2816=EDGE_LOOP('',(#6443,#6444,#6445));
#2817=EDGE_LOOP('',(#6446,#6447,#6448));
#2818=EDGE_LOOP('',(#6449,#6450,#6451));
#2819=EDGE_LOOP('',(#6452,#6453,#6454));
#2820=EDGE_LOOP('',(#6455,#6456,#6457));
#2821=EDGE_LOOP('',(#6458,#6459,#6460));
#2822=EDGE_LOOP('',(#6461,#6462,#6463));
#2823=EDGE_LOOP('',(#6464,#6465,#6466));
#2824=EDGE_LOOP('',(#6467,#6468,#6469));
#2825=EDGE_LOOP('',(#6470,#6471,#6472));
#2826=EDGE_LOOP('',(#6473,#6474,#6475));
#2827=EDGE_LOOP('',(#6476,#6477,#6478));
#2828=EDGE_LOOP('',(#6479,#6480,#6481));
#2829=EDGE_LOOP('',(#6482,#6483,#6484));
#2830=EDGE_LOOP('',(#6485,#6486,#6487));
#2831=EDGE_LOOP('',(#6488,#6489,#6490));
#2832=EDGE_LOOP('',(#6491,#6492,#6493));
#2833=EDGE_LOOP('',(#6494,#6495,#6496));
#2834=EDGE_LOOP('',(#6497,#6498,#6499));
#2835=EDGE_LOOP('',(#6500,#6501,#6502));
#2836=EDGE_LOOP('',(#6503,#6504,#6505));
#2837=EDGE_LOOP('',(#6506,#6507,#6508,#6509,#6510,#6511));
#2838=EDGE_LOOP('',(#6512,#6513,#6514,#6515,#6516,#6517,#6518,#6519,#6520,
#6521));
#2839=EDGE_LOOP('',(#6522,#6523,#6524,#6525,#6526,#6527,#6528,#6529));
#2840=EDGE_LOOP('',(#6530,#6531,#6532,#6533));
#2841=EDGE_LOOP('',(#6534,#6535,#6536,#6537,#6538,#6539,#6540,#6541));
#2842=EDGE_LOOP('',(#6542,#6543,#6544,#6545));
#2843=EDGE_LOOP('',(#6546,#6547,#6548,#6549));
#2844=EDGE_LOOP('',(#6550,#6551,#6552,#6553));
#2845=EDGE_LOOP('',(#6554,#6555,#6556,#6557,#6558,#6559,#6560,#6561));
#2846=EDGE_LOOP('',(#6562,#6563,#6564,#6565));
#2847=EDGE_LOOP('',(#6566,#6567,#6568,#6569));
#2848=EDGE_LOOP('',(#6570,#6571,#6572,#6573));
#2849=EDGE_LOOP('',(#6574,#6575,#6576,#6577));
#2850=EDGE_LOOP('',(#6578,#6579,#6580,#6581));
#2851=EDGE_LOOP('',(#6582,#6583,#6584,#6585));
#2852=EDGE_LOOP('',(#6586,#6587,#6588,#6589));
#2853=EDGE_LOOP('',(#6590,#6591,#6592,#6593));
#2854=EDGE_LOOP('',(#6594,#6595,#6596,#6597,#6598,#6599,#6600,#6601));
#2855=EDGE_LOOP('',(#6602,#6603,#6604,#6605));
#2856=EDGE_LOOP('',(#6606,#6607,#6608,#6609));
#2857=EDGE_LOOP('',(#6610,#6611,#6612,#6613));
#2858=EDGE_LOOP('',(#6614,#6615,#6616,#6617));
#2859=EDGE_LOOP('',(#6618,#6619,#6620,#6621));
#2860=EDGE_LOOP('',(#6622,#6623,#6624,#6625));
#2861=EDGE_LOOP('',(#6626,#6627,#6628,#6629));
#2862=EDGE_LOOP('',(#6630,#6631,#6632,#6633));
#2863=EDGE_LOOP('',(#6634,#6635,#6636,#6637,#6638,#6639,#6640,#6641));
#2864=EDGE_LOOP('',(#6642,#6643,#6644,#6645));
#2865=EDGE_LOOP('',(#6646,#6647,#6648,#6649));
#2866=EDGE_LOOP('',(#6650,#6651,#6652,#6653));
#2867=EDGE_LOOP('',(#6654,#6655,#6656,#6657));
#2868=EDGE_LOOP('',(#6658,#6659,#6660,#6661));
#2869=EDGE_LOOP('',(#6662,#6663,#6664,#6665));
#2870=EDGE_LOOP('',(#6666,#6667,#6668,#6669));
#2871=EDGE_LOOP('',(#6670,#6671,#6672,#6673));
#2872=EDGE_LOOP('',(#6674,#6675,#6676,#6677,#6678,#6679,#6680,#6681));
#2873=EDGE_LOOP('',(#6682,#6683,#6684,#6685));
#2874=EDGE_LOOP('',(#6686,#6687,#6688,#6689));
#2875=EDGE_LOOP('',(#6690,#6691,#6692,#6693));
#2876=EDGE_LOOP('',(#6694,#6695,#6696,#6697));
#2877=EDGE_LOOP('',(#6698,#6699,#6700,#6701));
#2878=EDGE_LOOP('',(#6702,#6703,#6704,#6705));
#2879=EDGE_LOOP('',(#6706,#6707,#6708,#6709));
#2880=EDGE_LOOP('',(#6710,#6711,#6712,#6713));
#2881=EDGE_LOOP('',(#6714,#6715,#6716));
#2882=EDGE_LOOP('',(#6717,#6718,#6719));
#2883=EDGE_LOOP('',(#6720,#6721,#6722,#6723));
#2884=EDGE_LOOP('',(#6724,#6725,#6726));
#2885=EDGE_LOOP('',(#6727,#6728,#6729));
#2886=EDGE_LOOP('',(#6730,#6731,#6732,#6733,#6734,#6735));
#2887=EDGE_LOOP('',(#6736,#6737,#6738));
#2888=EDGE_LOOP('',(#6739,#6740,#6741));
#2889=EDGE_LOOP('',(#6742,#6743,#6744));
#2890=EDGE_LOOP('',(#6745,#6746,#6747,#6748));
#2891=EDGE_LOOP('',(#6749,#6750,#6751));
#2892=EDGE_LOOP('',(#6752,#6753,#6754));
#2893=EDGE_LOOP('',(#6755,#6756,#6757,#6758));
#2894=EDGE_LOOP('',(#6759,#6760,#6761));
#2895=EDGE_LOOP('',(#6762,#6763,#6764,#6765));
#2896=EDGE_LOOP('',(#6766,#6767,#6768));
#2897=EDGE_LOOP('',(#6769,#6770,#6771));
#2898=EDGE_LOOP('',(#6772,#6773,#6774));
#2899=EDGE_LOOP('',(#6775,#6776,#6777,#6778));
#2900=EDGE_LOOP('',(#6779,#6780,#6781,#6782));
#2901=EDGE_LOOP('',(#6783,#6784,#6785,#6786,#6787,#6788,#6789,#6790,#6791,
#6792));
#2902=CIRCLE('',#7290,1.89999999999999);
#2903=CIRCLE('',#7291,0.25);
#2904=CIRCLE('',#7292,1.64999999999999);
#2905=CIRCLE('',#7293,1.64999999999999);
#2906=CIRCLE('',#7295,1.89999999999999);
#2907=CIRCLE('',#7296,1.89999999999999);
#2908=CIRCLE('',#7298,1.64999999999999);
#2909=CIRCLE('',#7300,0.25);
#2910=CIRCLE('',#7301,1.64999999999999);
#2911=CIRCLE('',#7302,1.64999999999999);
#2912=CIRCLE('',#7304,1.64999999999999);
#2913=CIRCLE('',#7306,0.25);
#2914=CIRCLE('',#7307,1.64999999999999);
#2915=CIRCLE('',#7308,1.64999999999999);
#2916=CIRCLE('',#7310,1.64999999999999);
#2917=CIRCLE('',#7312,3.44999999999999);
#2918=CIRCLE('',#7313,2.94999999999998);
#2919=CIRCLE('',#7315,3.97595148666847);
#2920=CIRCLE('',#7317,3.44999999999999);
#2921=CIRCLE('',#7318,2.95000000000002);
#2922=CIRCLE('',#7319,2.95000000000002);
#2923=CIRCLE('',#7320,11.);
#2924=CIRCLE('',#7321,11.);
#2925=CIRCLE('',#7322,11.);
#2926=CIRCLE('',#7323,11.0000000000001);
#2927=CIRCLE('',#7324,2.95000000000002);
#2928=CIRCLE('',#7325,3.44999999999999);
#2929=CIRCLE('',#7327,2.94999999999998);
#2930=CIRCLE('',#7329,2.94999999999998);
#2931=CIRCLE('',#7331,2.94999999999998);
#2932=CIRCLE('',#7333,2.95000000000002);
#2933=CIRCLE('',#7335,2.95000000000002);
#2934=CIRCLE('',#7347,0.199999999999996);
#2935=CIRCLE('',#7349,0.19999999999996);
#2936=CIRCLE('',#7350,0.200000000000007);
#2937=CIRCLE('',#7352,0.199999999999996);
#2938=CIRCLE('',#7353,0.199999999999996);
#2939=CIRCLE('',#7355,0.200000000000017);
#2940=CIRCLE('',#7359,3.75);
#2941=CIRCLE('',#7361,2.65000000000001);
#2942=CIRCLE('',#7363,2.65000000000001);
#2943=CIRCLE('',#7365,2.65000000000001);
#2944=CIRCLE('',#7367,2.65000000000001);
#2945=CIRCLE('',#7369,2.65000000000001);
#2946=CIRCLE('',#7371,2.65000000000001);
#2947=CIRCLE('',#7376,3.00000000000001);
#2948=CIRCLE('',#7377,2.99999999999997);
#2949=CIRCLE('',#7379,3.00000000000001);
#2950=CIRCLE('',#7380,7.99999999999997);
#2951=CIRCLE('',#7382,3.00000000000001);
#2952=CIRCLE('',#7384,3.00000000000001);
#2953=CIRCLE('',#7385,8.00000000000004);
#2954=CIRCLE('',#7387,2.99999999999997);
#2955=CIRCLE('',#7389,3.00000000000001);
#2956=CIRCLE('',#7390,8.00000000000004);
#2957=CIRCLE('',#7392,3.00000000000001);
#2958=CIRCLE('',#7394,8.00000000000008);
#2959=CIRCLE('',#7396,8.00000000000004);
#2960=CIRCLE('',#7399,7.99999999999997);
#2961=CIRCLE('',#7402,0.300000000000011);
#2962=CIRCLE('',#7403,0.300000000000011);
#2963=CIRCLE('',#7405,0.300000000000011);
#2964=CIRCLE('',#7406,8.29999999999997);
#2965=CIRCLE('',#7408,0.300000000000011);
#2966=CIRCLE('',#7410,0.300000000000011);
#2967=CIRCLE('',#7411,8.30000000000004);
#2968=CIRCLE('',#7413,0.300000000000011);
#2969=CIRCLE('',#7415,0.300000000000011);
#2970=CIRCLE('',#7416,8.00000000000004);
#2971=CIRCLE('',#7417,8.30000000000004);
#2972=CIRCLE('',#7419,0.300000000000011);
#2973=CIRCLE('',#7421,8.00000000000008);
#2974=CIRCLE('',#7422,8.30000000000008);
#2975=CIRCLE('',#7440,4.20711405405908);
#2976=CIRCLE('',#7441,4.20843884892427);
#2977=CIRCLE('',#7442,4.20837127193211);
#2978=CIRCLE('',#7443,4.19096595512448);
#2979=CIRCLE('',#7444,4.20844098305798);
#2980=CIRCLE('',#7445,4.19096595512448);
#2981=CIRCLE('',#7446,4.18777187043996);
#2982=CIRCLE('',#7447,4.09083093353544);
#2983=CIRCLE('',#7448,4.04521068186452);
#2984=CIRCLE('',#7449,4.02179936555927);
#2985=CIRCLE('',#7450,4.09672010381394);
#2986=CIRCLE('',#7451,4.1909475400226);
#2987=CIRCLE('',#7452,4.20837026317332);
#2988=CIRCLE('',#7453,4.20843598275001);
#2989=CIRCLE('',#7454,4.20666430470716);
#2990=CIRCLE('',#7455,4.20787600987243);
#2991=CIRCLE('',#7501,3.59999999999999);
#2992=CIRCLE('',#7502,4.02844440202259);
#2993=CIRCLE('',#7505,3.59999999999999);
#2994=CIRCLE('',#7518,1.34999999999999);
#2995=CIRCLE('',#7519,0.25);
#2996=CIRCLE('',#7520,1.09999999999999);
#2997=CIRCLE('',#7521,1.09999999999999);
#2998=CIRCLE('',#7526,0.950000000117366);
#2999=CIRCLE('',#7527,0.950000000494415);
#3000=CIRCLE('',#7528,0.950000000006952);
#3001=CIRCLE('',#7529,0.949999999932863);
#3002=CIRCLE('',#7530,0.249999999999994);
#3003=CIRCLE('',#7540,1.79999999999999);
#3004=CIRCLE('',#7541,1.29999999999995);
#3005=CIRCLE('',#7544,1.79999999999996);
#3006=CIRCLE('',#7545,1.29999999999994);
#3007=CIRCLE('',#7548,1.80000000000004);
#3008=CIRCLE('',#7549,1.30000000000003);
#3009=CIRCLE('',#7552,1.79999999999999);
#3010=CIRCLE('',#7553,1.30000000000001);
#3011=CIRCLE('',#7556,0.999999999999979);
#3012=CIRCLE('',#7557,0.999999999999943);
#3013=CIRCLE('',#7558,0.999999999999979);
#3014=CIRCLE('',#7559,1.00000000000001);
#3015=CIRCLE('',#7561,2.7);
#3016=CIRCLE('',#7562,2.19999999999999);
#3017=CIRCLE('',#7566,1.99999999999998);
#3018=CIRCLE('',#7567,1.99999999999998);
#3019=CIRCLE('',#7568,2.00000000000002);
#3020=CIRCLE('',#7569,2.00000000000002);
#3021=CIRCLE('',#7570,2.);
#3022=CIRCLE('',#7571,2.00000000000002);
#3023=CIRCLE('',#7572,2.7);
#3024=CIRCLE('',#7573,2.69999999999996);
#3025=CIRCLE('',#7575,2.19999999999999);
#3026=CIRCLE('',#7577,2.19999999999999);
#3027=CIRCLE('',#7579,2.19999999999999);
#3028=CIRCLE('',#7581,2.19999999999999);
#3029=CIRCLE('',#7583,2.19999999999999);
#3030=CIRCLE('',#7587,0.130000000000001);
#3031=CIRCLE('',#7589,0.12999999988305);
#3032=CIRCLE('',#7592,0.130000000000017);
#3033=CIRCLE('',#7593,0.130000000000008);
#3034=CIRCLE('',#7597,0.130000000000017);
#3035=CIRCLE('',#7598,0.129999999805924);
#3036=CIRCLE('',#7603,0.130000000000017);
#3037=CIRCLE('',#7606,0.129999999997945);
#3038=CIRCLE('',#7610,3.15000000020561);
#3039=CIRCLE('',#7613,3.15000000006049);
#3040=CIRCLE('',#7616,3.14999999988369);
#3041=CIRCLE('',#7619,0.249999999999996);
#3042=CIRCLE('',#7620,2.89999999988369);
#3043=CIRCLE('',#7621,0.250000000000004);
#3044=CIRCLE('',#7623,0.250000000000004);
#3045=CIRCLE('',#7625,0.250000000000004);
#3046=CIRCLE('',#7626,2.90000000006048);
#3047=CIRCLE('',#7628,0.250000000000004);
#3048=CIRCLE('',#7630,0.250000000000004);
#3049=CIRCLE('',#7631,2.90000000020561);
#3050=CIRCLE('',#7633,0.250000000000004);
#3051=CIRCLE('',#7635,0.250000000000004);
#3052=CIRCLE('',#7636,3.15000000005528);
#3053=CIRCLE('',#7637,2.90000000005528);
#3054=CIRCLE('',#7643,0.950000000117366);
#3055=CIRCLE('',#7644,0.949999999932863);
#3056=CIRCLE('',#7645,0.950000000006952);
#3057=CIRCLE('',#7646,0.950000000494415);
#3058=CIRCLE('',#7652,1.);
#3059=CIRCLE('',#7659,1.20000000000001);
#3060=CIRCLE('',#7663,0.999999999999979);
#3061=CIRCLE('',#7665,1.20000000000001);
#3062=CIRCLE('',#7666,1.20000000000001);
#3063=CIRCLE('',#7668,2.59);
#3064=CIRCLE('',#7669,2.59);
#3065=CIRCLE('',#7685,1.30000000000001);
#3066=CIRCLE('',#7686,1.29999999999995);
#3067=CIRCLE('',#7687,0.600000000000238);
#3068=CIRCLE('',#7688,0.599999999842789);
#3069=CIRCLE('',#7689,0.60000000003067);
#3070=CIRCLE('',#7690,0.600000000019865);
#3071=CIRCLE('',#7691,0.600000000033339);
#3072=CIRCLE('',#7692,0.600000003790592);
#3073=CIRCLE('',#7693,0.600000000000015);
#3074=CIRCLE('',#7694,0.599999999998205);
#3075=CIRCLE('',#7697,1.29999999999994);
#3076=CIRCLE('',#7698,1.30000000000003);
#3077=CIRCLE('',#7699,0.599999999890671);
#3078=CIRCLE('',#7700,0.599999999999994);
#3079=CIRCLE('',#7701,0.59999999856533);
#3080=CIRCLE('',#7702,0.600000000033318);
#3081=CIRCLE('',#7703,0.600000000003292);
#3082=CIRCLE('',#7704,0.599999999887937);
#3083=CIRCLE('',#7705,0.59999999999911);
#3084=CIRCLE('',#7706,0.599999999924268);
#3085=CIRCLE('',#7709,3.89999996367337);
#3086=CIRCLE('',#7721,1.00000000000001);
#3087=CIRCLE('',#7726,1.);
#3088=CIRCLE('',#7729,1.);
#3089=CIRCLE('',#7733,0.999999999999943);
#3090=CIRCLE('',#7736,0.999999999999979);
#3091=CIRCLE('',#7740,1.00000000000001);
#3092=CIRCLE('',#7742,1.00000000000001);
#3093=CIRCLE('',#7748,3.75);
#3094=CIRCLE('',#7749,3.75);
#3095=CIRCLE('',#7816,3.08668489583659);
#3096=CIRCLE('',#7817,3.08668489583659);
#3097=CIRCLE('',#7819,3.08742120451291);
#3098=CIRCLE('',#7820,3.08742120451291);
#3099=CIRCLE('',#7822,3.08308746261792);
#3100=CIRCLE('',#7824,3.08279536162298);
#3101=CIRCLE('',#7846,3.08273147894088);
#3102=CIRCLE('',#7847,3.08273147894088);
#3103=CIRCLE('',#7849,3.15436211883335);
#3104=CIRCLE('',#7851,3.1547382508761);
#3105=CIRCLE('',#7852,3.1547382508761);
#3106=CIRCLE('',#7931,0.599999999924268);
#3107=CIRCLE('',#7932,0.59999999999911);
#3108=CIRCLE('',#7933,0.599999999887937);
#3109=CIRCLE('',#7934,0.600000000003292);
#3110=CIRCLE('',#7944,0.599999999998205);
#3111=CIRCLE('',#7945,0.600000000000015);
#3112=CIRCLE('',#7946,0.600000003790592);
#3113=CIRCLE('',#7947,0.600000000033339);
#3114=CIRCLE('',#7957,0.600000000033318);
#3115=CIRCLE('',#7958,0.59999999856533);
#3116=CIRCLE('',#7959,0.599999999999994);
#3117=CIRCLE('',#7960,0.599999999890671);
#3118=CIRCLE('',#7970,0.600000000019865);
#3119=CIRCLE('',#7971,0.60000000003067);
#3120=CIRCLE('',#7972,0.599999999842789);
#3121=CIRCLE('',#7973,0.600000000000238);
#3122=VERTEX_POINT('',#10109);
#3123=VERTEX_POINT('',#10111);
#3124=VERTEX_POINT('',#10113);
#3125=VERTEX_POINT('',#10117);
#3126=VERTEX_POINT('',#10118);
#3127=VERTEX_POINT('',#10120);
#3128=VERTEX_POINT('',#10122);
#3129=VERTEX_POINT('',#10124);
#3130=VERTEX_POINT('',#10126);
#3131=VERTEX_POINT('',#10128);
#3132=VERTEX_POINT('',#10139);
#3133=VERTEX_POINT('',#10141);
#3134=VERTEX_POINT('',#10143);
#3135=VERTEX_POINT('',#10145);
#3136=VERTEX_POINT('',#10147);
#3137=VERTEX_POINT('',#10149);
#3138=VERTEX_POINT('',#10151);
#3139=VERTEX_POINT('',#10153);
#3140=VERTEX_POINT('',#10155);
#3141=VERTEX_POINT('',#10157);
#3142=VERTEX_POINT('',#10161);
#3143=VERTEX_POINT('',#10163);
#3144=VERTEX_POINT('',#10165);
#3145=VERTEX_POINT('',#10167);
#3146=VERTEX_POINT('',#10169);
#3147=VERTEX_POINT('',#10171);
#3148=VERTEX_POINT('',#10173);
#3149=VERTEX_POINT('',#10175);
#3150=VERTEX_POINT('',#10177);
#3151=VERTEX_POINT('',#10179);
#3152=VERTEX_POINT('',#10181);
#3153=VERTEX_POINT('',#10183);
#3154=VERTEX_POINT('',#10185);
#3155=VERTEX_POINT('',#10187);
#3156=VERTEX_POINT('',#10189);
#3157=VERTEX_POINT('',#10191);
#3158=VERTEX_POINT('',#10193);
#3159=VERTEX_POINT('',#10195);
#3160=VERTEX_POINT('',#10197);
#3161=VERTEX_POINT('',#10199);
#3162=VERTEX_POINT('',#10201);
#3163=VERTEX_POINT('',#10203);
#3164=VERTEX_POINT('',#10215);
#3165=VERTEX_POINT('',#10217);
#3166=VERTEX_POINT('',#10220);
#3167=VERTEX_POINT('',#10224);
#3168=VERTEX_POINT('',#10226);
#3169=VERTEX_POINT('',#10230);
#3170=VERTEX_POINT('',#10234);
#3171=VERTEX_POINT('',#10236);
#3172=VERTEX_POINT('',#10240);
#3173=VERTEX_POINT('',#10244);
#3174=VERTEX_POINT('',#10246);
#3175=VERTEX_POINT('',#10250);
#3176=VERTEX_POINT('',#10251);
#3177=VERTEX_POINT('',#10253);
#3178=VERTEX_POINT('',#10255);
#3179=VERTEX_POINT('',#10257);
#3180=VERTEX_POINT('',#10259);
#3181=VERTEX_POINT('',#10261);
#3182=VERTEX_POINT('',#10263);
#3183=VERTEX_POINT('',#10265);
#3184=VERTEX_POINT('',#10267);
#3185=VERTEX_POINT('',#10269);
#3186=VERTEX_POINT('',#10271);
#3187=VERTEX_POINT('',#10273);
#3188=VERTEX_POINT('',#10276);
#3189=VERTEX_POINT('',#10278);
#3190=VERTEX_POINT('',#10280);
#3191=VERTEX_POINT('',#10282);
#3192=VERTEX_POINT('',#10283);
#3193=VERTEX_POINT('',#10285);
#3194=VERTEX_POINT('',#10287);
#3195=VERTEX_POINT('',#10289);
#3196=VERTEX_POINT('',#10291);
#3197=VERTEX_POINT('',#10293);
#3198=VERTEX_POINT('',#10295);
#3199=VERTEX_POINT('',#10298);
#3200=VERTEX_POINT('',#10300);
#3201=VERTEX_POINT('',#10303);
#3202=VERTEX_POINT('',#10307);
#3203=VERTEX_POINT('',#10311);
#3204=VERTEX_POINT('',#10315);
#3205=VERTEX_POINT('',#10319);
#3206=VERTEX_POINT('',#10326);
#3207=VERTEX_POINT('',#10328);
#3208=VERTEX_POINT('',#10332);
#3209=VERTEX_POINT('',#10336);
#3210=VERTEX_POINT('',#10340);
#3211=VERTEX_POINT('',#10344);
#3212=VERTEX_POINT('',#10348);
#3213=VERTEX_POINT('',#10371);
#3214=VERTEX_POINT('',#10433);
#3215=VERTEX_POINT('',#10479);
#3216=VERTEX_POINT('',#10481);
#3217=VERTEX_POINT('',#10485);
#3218=VERTEX_POINT('',#10538);
#3219=VERTEX_POINT('',#10585);
#3220=VERTEX_POINT('',#10587);
#3221=VERTEX_POINT('',#10589);
#3222=VERTEX_POINT('',#10591);
#3223=VERTEX_POINT('',#10594);
#3224=VERTEX_POINT('',#10598);
#3225=VERTEX_POINT('',#10600);
#3226=VERTEX_POINT('',#10618);
#3227=VERTEX_POINT('',#10622);
#3228=VERTEX_POINT('',#10626);
#3229=VERTEX_POINT('',#10630);
#3230=VERTEX_POINT('',#10634);
#3231=VERTEX_POINT('',#10638);
#3232=VERTEX_POINT('',#10645);
#3233=VERTEX_POINT('',#10647);
#3234=VERTEX_POINT('',#10651);
#3235=VERTEX_POINT('',#10655);
#3236=VERTEX_POINT('',#10659);
#3237=VERTEX_POINT('',#10663);
#3238=VERTEX_POINT('',#10667);
#3239=VERTEX_POINT('',#10671);
#3240=VERTEX_POINT('',#10677);
#3241=VERTEX_POINT('',#10679);
#3242=VERTEX_POINT('',#10683);
#3243=VERTEX_POINT('',#10687);
#3244=VERTEX_POINT('',#10691);
#3245=VERTEX_POINT('',#10695);
#3246=VERTEX_POINT('',#10697);
#3247=VERTEX_POINT('',#10701);
#3248=VERTEX_POINT('',#10705);
#3249=VERTEX_POINT('',#10709);
#3250=VERTEX_POINT('',#10713);
#3251=VERTEX_POINT('',#10714);
#3252=VERTEX_POINT('',#10719);
#3253=VERTEX_POINT('',#10720);
#3254=VERTEX_POINT('',#10725);
#3255=VERTEX_POINT('',#10726);
#3256=VERTEX_POINT('',#10740);
#3257=VERTEX_POINT('',#10750);
#3258=VERTEX_POINT('',#10752);
#3259=VERTEX_POINT('',#10771);
#3260=VERTEX_POINT('',#10778);
#3261=VERTEX_POINT('',#10782);
#3262=VERTEX_POINT('',#10794);
#3263=VERTEX_POINT('',#10799);
#3264=VERTEX_POINT('',#10806);
#3265=VERTEX_POINT('',#10813);
#3266=VERTEX_POINT('',#10818);
#3267=VERTEX_POINT('',#10820);
#3268=VERTEX_POINT('',#10822);
#3269=VERTEX_POINT('',#10824);
#3270=VERTEX_POINT('',#10826);
#3271=VERTEX_POINT('',#10829);
#3272=VERTEX_POINT('',#10832);
#3273=VERTEX_POINT('',#10834);
#3274=VERTEX_POINT('',#10836);
#3275=VERTEX_POINT('',#10845);
#3276=VERTEX_POINT('',#10847);
#3277=VERTEX_POINT('',#10850);
#3278=VERTEX_POINT('',#10900);
#3279=VERTEX_POINT('',#10942);
#3280=VERTEX_POINT('',#10944);
#3281=VERTEX_POINT('',#10948);
#3282=VERTEX_POINT('',#10949);
#3283=VERTEX_POINT('',#10951);
#3284=VERTEX_POINT('',#10953);
#3285=VERTEX_POINT('',#10957);
#3286=VERTEX_POINT('',#10961);
#3287=VERTEX_POINT('',#10962);
#3288=VERTEX_POINT('',#10964);
#3289=VERTEX_POINT('',#10966);
#3290=VERTEX_POINT('',#10970);
#3291=VERTEX_POINT('',#10972);
#3292=VERTEX_POINT('',#10976);
#3293=VERTEX_POINT('',#10978);
#3294=VERTEX_POINT('',#10990);
#3295=VERTEX_POINT('',#10991);
#3296=VERTEX_POINT('',#10993);
#3297=VERTEX_POINT('',#10995);
#3298=VERTEX_POINT('',#10997);
#3299=VERTEX_POINT('',#10999);
#3300=VERTEX_POINT('',#11006);
#3301=VERTEX_POINT('',#11008);
#3302=VERTEX_POINT('',#11010);
#3303=VERTEX_POINT('',#11014);
#3304=VERTEX_POINT('',#11016);
#3305=VERTEX_POINT('',#11020);
#3306=VERTEX_POINT('',#11021);
#3307=VERTEX_POINT('',#11023);
#3308=VERTEX_POINT('',#11025);
#3309=VERTEX_POINT('',#11027);
#3310=VERTEX_POINT('',#11029);
#3311=VERTEX_POINT('',#11031);
#3312=VERTEX_POINT('',#11033);
#3313=VERTEX_POINT('',#11036);
#3314=VERTEX_POINT('',#11037);
#3315=VERTEX_POINT('',#11039);
#3316=VERTEX_POINT('',#11041);
#3317=VERTEX_POINT('',#11043);
#3318=VERTEX_POINT('',#11045);
#3319=VERTEX_POINT('',#11047);
#3320=VERTEX_POINT('',#11049);
#3321=VERTEX_POINT('',#11127);
#3322=VERTEX_POINT('',#11131);
#3323=VERTEX_POINT('',#11132);
#3324=VERTEX_POINT('',#11134);
#3325=VERTEX_POINT('',#11139);
#3326=VERTEX_POINT('',#11141);
#3327=VERTEX_POINT('',#11143);
#3328=VERTEX_POINT('',#11150);
#3329=VERTEX_POINT('',#11151);
#3330=VERTEX_POINT('',#11153);
#3331=VERTEX_POINT('',#11155);
#3332=VERTEX_POINT('',#11159);
#3333=VERTEX_POINT('',#11161);
#3334=VERTEX_POINT('',#11163);
#3335=VERTEX_POINT('',#11165);
#3336=VERTEX_POINT('',#11167);
#3337=VERTEX_POINT('',#11169);
#3338=VERTEX_POINT('',#11171);
#3339=VERTEX_POINT('',#11173);
#3340=VERTEX_POINT('',#11175);
#3341=VERTEX_POINT('',#11177);
#3342=VERTEX_POINT('',#11179);
#3343=VERTEX_POINT('',#11181);
#3344=VERTEX_POINT('',#11185);
#3345=VERTEX_POINT('',#11187);
#3346=VERTEX_POINT('',#11191);
#3347=VERTEX_POINT('',#11193);
#3348=VERTEX_POINT('',#11197);
#3349=VERTEX_POINT('',#11199);
#3350=VERTEX_POINT('',#11203);
#3351=VERTEX_POINT('',#11205);
#3352=VERTEX_POINT('',#11209);
#3353=VERTEX_POINT('',#11211);
#3354=VERTEX_POINT('',#11215);
#3355=VERTEX_POINT('',#11217);
#3356=VERTEX_POINT('',#11221);
#3357=VERTEX_POINT('',#11223);
#3358=VERTEX_POINT('',#11227);
#3359=VERTEX_POINT('',#11232);
#3360=VERTEX_POINT('',#11237);
#3361=VERTEX_POINT('',#11239);
#3362=VERTEX_POINT('',#11241);
#3363=VERTEX_POINT('',#11243);
#3364=VERTEX_POINT('',#11245);
#3365=VERTEX_POINT('',#11247);
#3366=VERTEX_POINT('',#11249);
#3367=VERTEX_POINT('',#11251);
#3368=VERTEX_POINT('',#11256);
#3369=VERTEX_POINT('',#11258);
#3370=VERTEX_POINT('',#11262);
#3371=VERTEX_POINT('',#11263);
#3372=VERTEX_POINT('',#11265);
#3373=VERTEX_POINT('',#11267);
#3374=VERTEX_POINT('',#11269);
#3375=VERTEX_POINT('',#11271);
#3376=VERTEX_POINT('',#11273);
#3377=VERTEX_POINT('',#11275);
#3378=VERTEX_POINT('',#11277);
#3379=VERTEX_POINT('',#11279);
#3380=VERTEX_POINT('',#11281);
#3381=VERTEX_POINT('',#11283);
#3382=VERTEX_POINT('',#11285);
#3383=VERTEX_POINT('',#11287);
#3384=VERTEX_POINT('',#11289);
#3385=VERTEX_POINT('',#11291);
#3386=VERTEX_POINT('',#11293);
#3387=VERTEX_POINT('',#11295);
#3388=VERTEX_POINT('',#11297);
#3389=VERTEX_POINT('',#11299);
#3390=VERTEX_POINT('',#11301);
#3391=VERTEX_POINT('',#11303);
#3392=VERTEX_POINT('',#11305);
#3393=VERTEX_POINT('',#11307);
#3394=VERTEX_POINT('',#11309);
#3395=VERTEX_POINT('',#11311);
#3396=VERTEX_POINT('',#11315);
#3397=VERTEX_POINT('',#11317);
#3398=VERTEX_POINT('',#11319);
#3399=VERTEX_POINT('',#11321);
#3400=VERTEX_POINT('',#11323);
#3401=VERTEX_POINT('',#11325);
#3402=VERTEX_POINT('',#11327);
#3403=VERTEX_POINT('',#11329);
#3404=VERTEX_POINT('',#11331);
#3405=VERTEX_POINT('',#11333);
#3406=VERTEX_POINT('',#11335);
#3407=VERTEX_POINT('',#11337);
#3408=VERTEX_POINT('',#11339);
#3409=VERTEX_POINT('',#11341);
#3410=VERTEX_POINT('',#11343);
#3411=VERTEX_POINT('',#11345);
#3412=VERTEX_POINT('',#11347);
#3413=VERTEX_POINT('',#11349);
#3414=VERTEX_POINT('',#11351);
#3415=VERTEX_POINT('',#11353);
#3416=VERTEX_POINT('',#11355);
#3417=VERTEX_POINT('',#11357);
#3418=VERTEX_POINT('',#11359);
#3419=VERTEX_POINT('',#11362);
#3420=VERTEX_POINT('',#11364);
#3421=VERTEX_POINT('',#11367);
#3422=VERTEX_POINT('',#11371);
#3423=VERTEX_POINT('',#11375);
#3424=VERTEX_POINT('',#11379);
#3425=VERTEX_POINT('',#11383);
#3426=VERTEX_POINT('',#11419);
#3427=VERTEX_POINT('',#11420);
#3428=VERTEX_POINT('',#11422);
#3429=VERTEX_POINT('',#11424);
#3430=VERTEX_POINT('',#11428);
#3431=VERTEX_POINT('',#11429);
#3432=VERTEX_POINT('',#11458);
#3433=VERTEX_POINT('',#11459);
#3434=VERTEX_POINT('',#11464);
#3435=VERTEX_POINT('',#11465);
#3436=VERTEX_POINT('',#11494);
#3437=VERTEX_POINT('',#11495);
#3438=VERTEX_POINT('',#11500);
#3439=VERTEX_POINT('',#11502);
#3440=VERTEX_POINT('',#11517);
#3441=VERTEX_POINT('',#11553);
#3442=VERTEX_POINT('',#11589);
#3443=VERTEX_POINT('',#11591);
#3444=VERTEX_POINT('',#11598);
#3445=VERTEX_POINT('',#11600);
#3446=VERTEX_POINT('',#11604);
#3447=VERTEX_POINT('',#11608);
#3448=VERTEX_POINT('',#11612);
#3449=VERTEX_POINT('',#11616);
#3450=VERTEX_POINT('',#11620);
#3451=VERTEX_POINT('',#11624);
#3452=VERTEX_POINT('',#11626);
#3453=VERTEX_POINT('',#11630);
#3454=VERTEX_POINT('',#11634);
#3455=VERTEX_POINT('',#11638);
#3456=VERTEX_POINT('',#11642);
#3457=VERTEX_POINT('',#11646);
#3458=VERTEX_POINT('',#11647);
#3459=VERTEX_POINT('',#11652);
#3460=VERTEX_POINT('',#11653);
#3461=VERTEX_POINT('',#11666);
#3462=VERTEX_POINT('',#11667);
#3463=VERTEX_POINT('',#11669);
#3464=VERTEX_POINT('',#11671);
#3465=VERTEX_POINT('',#11673);
#3466=VERTEX_POINT('',#11675);
#3467=VERTEX_POINT('',#11677);
#3468=VERTEX_POINT('',#11679);
#3469=VERTEX_POINT('',#11692);
#3470=VERTEX_POINT('',#11693);
#3471=VERTEX_POINT('',#11710);
#3472=VERTEX_POINT('',#11714);
#3473=VERTEX_POINT('',#11725);
#3474=VERTEX_POINT('',#11749);
#3475=VERTEX_POINT('',#11751);
#3476=VERTEX_POINT('',#11755);
#3477=VERTEX_POINT('',#11757);
#3478=VERTEX_POINT('',#11763);
#3479=VERTEX_POINT('',#11768);
#3480=VERTEX_POINT('',#11770);
#3481=VERTEX_POINT('',#11774);
#3482=VERTEX_POINT('',#11776);
#3483=VERTEX_POINT('',#11787);
#3484=VERTEX_POINT('',#11788);
#3485=VERTEX_POINT('',#11790);
#3486=VERTEX_POINT('',#11792);
#3487=VERTEX_POINT('',#11796);
#3488=VERTEX_POINT('',#11798);
#3489=VERTEX_POINT('',#11800);
#3490=VERTEX_POINT('',#11804);
#3491=VERTEX_POINT('',#11806);
#3492=VERTEX_POINT('',#11808);
#3493=VERTEX_POINT('',#11814);
#3494=VERTEX_POINT('',#11815);
#3495=VERTEX_POINT('',#11817);
#3496=VERTEX_POINT('',#11819);
#3497=VERTEX_POINT('',#11823);
#3498=VERTEX_POINT('',#11825);
#3499=VERTEX_POINT('',#11829);
#3500=VERTEX_POINT('',#11831);
#3501=VERTEX_POINT('',#11833);
#3502=VERTEX_POINT('',#11837);
#3503=VERTEX_POINT('',#11839);
#3504=VERTEX_POINT('',#11841);
#3505=VERTEX_POINT('',#11847);
#3506=VERTEX_POINT('',#11849);
#3507=VERTEX_POINT('',#11852);
#3508=VERTEX_POINT('',#11854);
#3509=VERTEX_POINT('',#11857);
#3510=VERTEX_POINT('',#11858);
#3511=VERTEX_POINT('',#11860);
#3512=VERTEX_POINT('',#11862);
#3513=VERTEX_POINT('',#11864);
#3514=VERTEX_POINT('',#11866);
#3515=VERTEX_POINT('',#11868);
#3516=VERTEX_POINT('',#11870);
#3517=VERTEX_POINT('',#11873);
#3518=VERTEX_POINT('',#11874);
#3519=VERTEX_POINT('',#11876);
#3520=VERTEX_POINT('',#11878);
#3521=VERTEX_POINT('',#11880);
#3522=VERTEX_POINT('',#11882);
#3523=VERTEX_POINT('',#11884);
#3524=VERTEX_POINT('',#11886);
#3525=VERTEX_POINT('',#11890);
#3526=VERTEX_POINT('',#11894);
#3527=VERTEX_POINT('',#11896);
#3528=VERTEX_POINT('',#11898);
#3529=VERTEX_POINT('',#11900);
#3530=VERTEX_POINT('',#11902);
#3531=VERTEX_POINT('',#11904);
#3532=VERTEX_POINT('',#11906);
#3533=VERTEX_POINT('',#11908);
#3534=VERTEX_POINT('',#11911);
#3535=VERTEX_POINT('',#11912);
#3536=VERTEX_POINT('',#11914);
#3537=VERTEX_POINT('',#11916);
#3538=VERTEX_POINT('',#11918);
#3539=VERTEX_POINT('',#11920);
#3540=VERTEX_POINT('',#11922);
#3541=VERTEX_POINT('',#11924);
#3542=VERTEX_POINT('',#11927);
#3543=VERTEX_POINT('',#11928);
#3544=VERTEX_POINT('',#11930);
#3545=VERTEX_POINT('',#11932);
#3546=VERTEX_POINT('',#11934);
#3547=VERTEX_POINT('',#11936);
#3548=VERTEX_POINT('',#11938);
#3549=VERTEX_POINT('',#11940);
#3550=VERTEX_POINT('',#11944);
#3551=VERTEX_POINT('',#11948);
#3552=VERTEX_POINT('',#11952);
#3553=VERTEX_POINT('',#11953);
#3554=VERTEX_POINT('',#11955);
#3555=VERTEX_POINT('',#11957);
#3556=VERTEX_POINT('',#11959);
#3557=VERTEX_POINT('',#11961);
#3558=VERTEX_POINT('',#11963);
#3559=VERTEX_POINT('',#11965);
#3560=VERTEX_POINT('',#11967);
#3561=VERTEX_POINT('',#11969);
#3562=VERTEX_POINT('',#11971);
#3563=VERTEX_POINT('',#11973);
#3564=VERTEX_POINT('',#11975);
#3565=VERTEX_POINT('',#11977);
#3566=VERTEX_POINT('',#11979);
#3567=VERTEX_POINT('',#11981);
#3568=VERTEX_POINT('',#11985);
#3569=VERTEX_POINT('',#11989);
#3570=VERTEX_POINT('',#11991);
#3571=VERTEX_POINT('',#11997);
#3572=VERTEX_POINT('',#12008);
#3573=VERTEX_POINT('',#12012);
#3574=VERTEX_POINT('',#12016);
#3575=VERTEX_POINT('',#12018);
#3576=VERTEX_POINT('',#12022);
#3577=VERTEX_POINT('',#12026);
#3578=VERTEX_POINT('',#12030);
#3579=VERTEX_POINT('',#12034);
#3580=VERTEX_POINT('',#12038);
#3581=VERTEX_POINT('',#12040);
#3582=VERTEX_POINT('',#12044);
#3583=VERTEX_POINT('',#12048);
#3584=VERTEX_POINT('',#12052);
#3585=VERTEX_POINT('',#12056);
#3586=VERTEX_POINT('',#12066);
#3587=VERTEX_POINT('',#12101);
#3588=VERTEX_POINT('',#12113);
#3589=VERTEX_POINT('',#12115);
#3590=VERTEX_POINT('',#12119);
#3591=VERTEX_POINT('',#12121);
#3592=VERTEX_POINT('',#12125);
#3593=VERTEX_POINT('',#12129);
#3594=VERTEX_POINT('',#12131);
#3595=VERTEX_POINT('',#12135);
#3596=VERTEX_POINT('',#12145);
#3597=VERTEX_POINT('',#12147);
#3598=VERTEX_POINT('',#12158);
#3599=VERTEX_POINT('',#12159);
#3600=VERTEX_POINT('',#12164);
#3601=VERTEX_POINT('',#12168);
#3602=VERTEX_POINT('',#12175);
#3603=VERTEX_POINT('',#12176);
#3604=VERTEX_POINT('',#12178);
#3605=VERTEX_POINT('',#12180);
#3606=VERTEX_POINT('',#12184);
#3607=VERTEX_POINT('',#12186);
#3608=VERTEX_POINT('',#12198);
#3609=VERTEX_POINT('',#12202);
#3610=VERTEX_POINT('',#12203);
#3611=VERTEX_POINT('',#12208);
#3612=VERTEX_POINT('',#12212);
#3613=VERTEX_POINT('',#12213);
#3614=VERTEX_POINT('',#12215);
#3615=VERTEX_POINT('',#12217);
#3616=VERTEX_POINT('',#12221);
#3617=VERTEX_POINT('',#12228);
#3618=VERTEX_POINT('',#12230);
#3619=VERTEX_POINT('',#12234);
#3620=VERTEX_POINT('',#12235);
#3621=VERTEX_POINT('',#12240);
#3622=VERTEX_POINT('',#12251);
#3623=VERTEX_POINT('',#12258);
#3624=VERTEX_POINT('',#12263);
#3625=VERTEX_POINT('',#12267);
#3626=VERTEX_POINT('',#12278);
#3627=VERTEX_POINT('',#12280);
#3628=VERTEX_POINT('',#12287);
#3629=VERTEX_POINT('',#12332);
#3630=VERTEX_POINT('',#12336);
#3631=VERTEX_POINT('',#12337);
#3632=VERTEX_POINT('',#12340);
#3633=VERTEX_POINT('',#12342);
#3634=VERTEX_POINT('',#12346);
#3635=VERTEX_POINT('',#12376);
#3636=VERTEX_POINT('',#12381);
#3637=VERTEX_POINT('',#12393);
#3638=VERTEX_POINT('',#12396);
#3639=VERTEX_POINT('',#12401);
#3640=VERTEX_POINT('',#12403);
#3641=VERTEX_POINT('',#12407);
#3642=VERTEX_POINT('',#12415);
#3643=VERTEX_POINT('',#12420);
#3644=VERTEX_POINT('',#12424);
#3645=VERTEX_POINT('',#12427);
#3646=VERTEX_POINT('',#12431);
#3647=VERTEX_POINT('',#12434);
#3648=VERTEX_POINT('',#12439);
#3649=VERTEX_POINT('',#12440);
#3650=VERTEX_POINT('',#12443);
#3651=VERTEX_POINT('',#12445);
#3652=VERTEX_POINT('',#12449);
#3653=VERTEX_POINT('',#12451);
#3654=VERTEX_POINT('',#12455);
#3655=VERTEX_POINT('',#12457);
#3656=VERTEX_POINT('',#12460);
#3657=VERTEX_POINT('',#12464);
#3658=VERTEX_POINT('',#12465);
#3659=VERTEX_POINT('',#12467);
#3660=VERTEX_POINT('',#12470);
#3661=VERTEX_POINT('',#12474);
#3662=VERTEX_POINT('',#12476);
#3663=VERTEX_POINT('',#12478);
#3664=VERTEX_POINT('',#12483);
#3665=VERTEX_POINT('',#12489);
#3666=VERTEX_POINT('',#12493);
#3667=VERTEX_POINT('',#12496);
#3668=VERTEX_POINT('',#12498);
#3669=VERTEX_POINT('',#12510);
#3670=VERTEX_POINT('',#12520);
#3671=VERTEX_POINT('',#12539);
#3672=VERTEX_POINT('',#12547);
#3673=VERTEX_POINT('',#12583);
#3674=VERTEX_POINT('',#12593);
#3675=VERTEX_POINT('',#12604);
#3676=VERTEX_POINT('',#12608);
#3677=VERTEX_POINT('',#12618);
#3678=VERTEX_POINT('',#12664);
#3679=VERTEX_POINT('',#12730);
#3680=VERTEX_POINT('',#12731);
#3681=VERTEX_POINT('',#12733);
#3682=VERTEX_POINT('',#12735);
#3683=VERTEX_POINT('',#12737);
#3684=VERTEX_POINT('',#12739);
#3685=VERTEX_POINT('',#12741);
#3686=VERTEX_POINT('',#12743);
#3687=VERTEX_POINT('',#12763);
#3688=VERTEX_POINT('',#12764);
#3689=VERTEX_POINT('',#12766);
#3690=VERTEX_POINT('',#12768);
#3691=VERTEX_POINT('',#12770);
#3692=VERTEX_POINT('',#12772);
#3693=VERTEX_POINT('',#12774);
#3694=VERTEX_POINT('',#12776);
#3695=VERTEX_POINT('',#12796);
#3696=VERTEX_POINT('',#12797);
#3697=VERTEX_POINT('',#12799);
#3698=VERTEX_POINT('',#12801);
#3699=VERTEX_POINT('',#12803);
#3700=VERTEX_POINT('',#12805);
#3701=VERTEX_POINT('',#12807);
#3702=VERTEX_POINT('',#12809);
#3703=VERTEX_POINT('',#12829);
#3704=VERTEX_POINT('',#12830);
#3705=VERTEX_POINT('',#12832);
#3706=VERTEX_POINT('',#12834);
#3707=VERTEX_POINT('',#12836);
#3708=VERTEX_POINT('',#12838);
#3709=VERTEX_POINT('',#12840);
#3710=VERTEX_POINT('',#12842);
#3711=VERTEX_POINT('',#12915);
#3712=EDGE_CURVE('',#3122,#3122,#2902,.T.);
#3713=EDGE_CURVE('',#3122,#3123,#2903,.T.);
#3714=EDGE_CURVE('',#3123,#3124,#2904,.T.);
#3715=EDGE_CURVE('',#3124,#3123,#2905,.T.);
#3716=EDGE_CURVE('',#3125,#3126,#326,.T.);
#3717=EDGE_CURVE('',#3127,#3125,#327,.T.);
#3718=EDGE_CURVE('',#3128,#3127,#328,.T.);
#3719=EDGE_CURVE('',#3129,#3128,#329,.T.);
#3720=EDGE_CURVE('',#3130,#3129,#330,.T.);
#3721=EDGE_CURVE('',#3130,#3131,#240,.T.);
#3722=EDGE_CURVE('',#3132,#3131,#331,.T.);
#3723=EDGE_CURVE('',#3133,#3132,#332,.T.);
#3724=EDGE_CURVE('',#3134,#3133,#333,.T.);
#3725=EDGE_CURVE('',#3135,#3134,#334,.T.);
#3726=EDGE_CURVE('',#3136,#3135,#335,.T.);
#3727=EDGE_CURVE('',#3137,#3136,#336,.T.);
#3728=EDGE_CURVE('',#3138,#3137,#337,.T.);
#3729=EDGE_CURVE('',#3139,#3138,#338,.T.);
#3730=EDGE_CURVE('',#3140,#3139,#339,.T.);
#3731=EDGE_CURVE('',#3141,#3140,#235,.T.);
#3732=EDGE_CURVE('',#3142,#3141,#340,.T.);
#3733=EDGE_CURVE('',#3143,#3142,#341,.T.);
#3734=EDGE_CURVE('',#3144,#3143,#342,.T.);
#3735=EDGE_CURVE('',#3145,#3144,#343,.T.);
#3736=EDGE_CURVE('',#3146,#3145,#344,.T.);
#3737=EDGE_CURVE('',#3147,#3146,#345,.T.);
#3738=EDGE_CURVE('',#3148,#3147,#346,.T.);
#3739=EDGE_CURVE('',#3149,#3148,#347,.T.);
#3740=EDGE_CURVE('',#3150,#3149,#348,.T.);
#3741=EDGE_CURVE('',#3151,#3150,#349,.T.);
#3742=EDGE_CURVE('',#3152,#3151,#350,.T.);
#3743=EDGE_CURVE('',#3153,#3152,#351,.T.);
#3744=EDGE_CURVE('',#3154,#3153,#352,.T.);
#3745=EDGE_CURVE('',#3155,#3154,#353,.T.);
#3746=EDGE_CURVE('',#3156,#3155,#354,.T.);
#3747=EDGE_CURVE('',#3157,#3156,#355,.T.);
#3748=EDGE_CURVE('',#3158,#3157,#356,.T.);
#3749=EDGE_CURVE('',#3159,#3158,#357,.T.);
#3750=EDGE_CURVE('',#3160,#3159,#358,.T.);
#3751=EDGE_CURVE('',#3161,#3160,#359,.T.);
#3752=EDGE_CURVE('',#3162,#3161,#360,.T.);
#3753=EDGE_CURVE('',#3163,#3162,#361,.T.);
#3754=EDGE_CURVE('',#3126,#3163,#241,.T.);
#3755=EDGE_CURVE('',#3164,#3164,#2906,.T.);
#3756=EDGE_CURVE('',#3165,#3165,#2907,.T.);
#3757=EDGE_CURVE('',#3124,#3166,#362,.T.);
#3758=EDGE_CURVE('',#3166,#3166,#2908,.T.);
#3759=EDGE_CURVE('',#3164,#3167,#2909,.T.);
#3760=EDGE_CURVE('',#3167,#3168,#2910,.T.);
#3761=EDGE_CURVE('',#3168,#3167,#2911,.T.);
#3762=EDGE_CURVE('',#3168,#3169,#363,.T.);
#3763=EDGE_CURVE('',#3169,#3169,#2912,.T.);
#3764=EDGE_CURVE('',#3165,#3170,#2913,.T.);
#3765=EDGE_CURVE('',#3170,#3171,#2914,.T.);
#3766=EDGE_CURVE('',#3171,#3170,#2915,.T.);
#3767=EDGE_CURVE('',#3171,#3172,#364,.T.);
#3768=EDGE_CURVE('',#3172,#3172,#2916,.T.);
#3769=EDGE_CURVE('',#3173,#3173,#2917,.T.);
#3770=EDGE_CURVE('',#3173,#3174,#365,.T.);
#3771=EDGE_CURVE('',#3174,#3174,#2918,.T.);
#3772=EDGE_CURVE('',#3175,#3176,#366,.T.);
#3773=EDGE_CURVE('',#3175,#3177,#367,.T.);
#3774=EDGE_CURVE('',#3178,#3177,#368,.T.);
#3775=EDGE_CURVE('',#3179,#3178,#369,.T.);
#3776=EDGE_CURVE('',#3179,#3180,#370,.T.);
#3777=EDGE_CURVE('',#3180,#3181,#371,.T.);
#3778=EDGE_CURVE('',#3181,#3182,#372,.T.);
#3779=EDGE_CURVE('',#3182,#3183,#2919,.T.);
#3780=EDGE_CURVE('',#3183,#3184,#373,.T.);
#3781=EDGE_CURVE('',#3185,#3184,#374,.T.);
#3782=EDGE_CURVE('',#3186,#3185,#375,.T.);
#3783=EDGE_CURVE('',#3187,#3186,#376,.T.);
#3784=EDGE_CURVE('',#3187,#3176,#43,.T.);
#3785=EDGE_CURVE('',#3188,#3188,#2920,.T.);
#3786=EDGE_CURVE('',#3189,#3189,#2921,.T.);
#3787=EDGE_CURVE('',#3190,#3190,#2922,.T.);
#3788=EDGE_CURVE('',#3191,#3192,#377,.T.);
#3789=EDGE_CURVE('',#3193,#3191,#2923,.T.);
#3790=EDGE_CURVE('',#3194,#3193,#378,.T.);
#3791=EDGE_CURVE('',#3195,#3194,#2924,.T.);
#3792=EDGE_CURVE('',#3196,#3195,#379,.T.);
#3793=EDGE_CURVE('',#3197,#3196,#2925,.T.);
#3794=EDGE_CURVE('',#3198,#3197,#380,.T.);
#3795=EDGE_CURVE('',#3192,#3198,#2926,.T.);
#3796=EDGE_CURVE('',#3199,#3199,#2927,.T.);
#3797=EDGE_CURVE('',#3200,#3200,#2928,.T.);
#3798=EDGE_CURVE('',#3201,#3201,#2929,.T.);
#3799=EDGE_CURVE('',#3201,#3174,#381,.T.);
#3800=EDGE_CURVE('',#3188,#3202,#382,.T.);
#3801=EDGE_CURVE('',#3202,#3202,#2930,.T.);
#3802=EDGE_CURVE('',#3203,#3203,#2931,.T.);
#3803=EDGE_CURVE('',#3203,#3202,#383,.T.);
#3804=EDGE_CURVE('',#3200,#3204,#384,.T.);
#3805=EDGE_CURVE('',#3204,#3204,#2932,.T.);
#3806=EDGE_CURVE('',#3205,#3205,#2933,.T.);
#3807=EDGE_CURVE('',#3205,#3204,#385,.T.);
#3808=EDGE_CURVE('',#3128,#3206,#44,.T.);
#3809=EDGE_CURVE('',#3206,#3207,#386,.T.);
#3810=EDGE_CURVE('',#3207,#3129,#45,.T.);
#3811=EDGE_CURVE('',#3127,#3208,#46,.T.);
#3812=EDGE_CURVE('',#3208,#3206,#387,.T.);
#3813=EDGE_CURVE('',#3209,#3208,#388,.T.);
#3814=EDGE_CURVE('',#3125,#3209,#47,.T.);
#3815=EDGE_CURVE('',#3207,#3210,#389,.T.);
#3816=EDGE_CURVE('',#3210,#3130,#2934,.T.);
#3817=EDGE_CURVE('',#3210,#3211,#2935,.T.);
#3818=EDGE_CURVE('',#3211,#3130,#2936,.T.);
#3819=EDGE_CURVE('',#3126,#3212,#2937,.T.);
#3820=EDGE_CURVE('',#3212,#3209,#390,.T.);
#3821=EDGE_CURVE('',#3212,#3213,#2938,.T.);
#3822=EDGE_CURVE('',#3213,#3211,#242,.T.);
#3823=EDGE_CURVE('',#3210,#3212,#243,.T.);
#3824=EDGE_CURVE('',#3126,#3213,#2939,.T.);
#3825=EDGE_CURVE('',#3211,#3214,#244,.T.);
#3826=EDGE_CURVE('',#3214,#3131,#245,.T.);
#3827=EDGE_CURVE('',#3207,#3215,#391,.T.);
#3828=EDGE_CURVE('',#3215,#3216,#392,.T.);
#3829=EDGE_CURVE('',#3209,#3216,#393,.T.);
#3830=EDGE_CURVE('',#3206,#3217,#394,.T.);
#3831=EDGE_CURVE('',#3217,#3215,#395,.T.);
#3832=EDGE_CURVE('',#3163,#3218,#246,.T.);
#3833=EDGE_CURVE('',#3218,#3213,#247,.T.);
#3834=EDGE_CURVE('',#3214,#3218,#2940,.T.);
#3835=EDGE_CURVE('',#3162,#3219,#396,.T.);
#3836=EDGE_CURVE('',#3219,#3220,#397,.T.);
#3837=EDGE_CURVE('',#3220,#3221,#398,.T.);
#3838=EDGE_CURVE('',#3221,#3222,#399,.T.);
#3839=EDGE_CURVE('',#3222,#3175,#400,.T.);
#3840=EDGE_CURVE('',#3176,#3223,#236,.T.);
#3841=EDGE_CURVE('',#3223,#3224,#401,.T.);
#3842=EDGE_CURVE('',#3224,#3225,#402,.T.);
#3843=EDGE_CURVE('',#3225,#3132,#403,.T.);
#3844=EDGE_CURVE('',#3189,#3226,#404,.T.);
#3845=EDGE_CURVE('',#3226,#3226,#2941,.T.);
#3846=EDGE_CURVE('',#3226,#3227,#405,.T.);
#3847=EDGE_CURVE('',#3227,#3227,#2942,.T.);
#3848=EDGE_CURVE('',#3199,#3228,#406,.T.);
#3849=EDGE_CURVE('',#3228,#3228,#2943,.T.);
#3850=EDGE_CURVE('',#3228,#3229,#407,.T.);
#3851=EDGE_CURVE('',#3229,#3229,#2944,.T.);
#3852=EDGE_CURVE('',#3190,#3230,#408,.T.);
#3853=EDGE_CURVE('',#3230,#3230,#2945,.T.);
#3854=EDGE_CURVE('',#3230,#3231,#409,.T.);
#3855=EDGE_CURVE('',#3231,#3231,#2946,.T.);
#3856=EDGE_CURVE('',#3192,#3232,#2947,.T.);
#3857=EDGE_CURVE('',#3232,#3233,#410,.T.);
#3858=EDGE_CURVE('',#3233,#3191,#2948,.T.);
#3859=EDGE_CURVE('',#3234,#3193,#2949,.T.);
#3860=EDGE_CURVE('',#3233,#3234,#2950,.T.);
#3861=EDGE_CURVE('',#3235,#3194,#2951,.T.);
#3862=EDGE_CURVE('',#3234,#3235,#411,.T.);
#3863=EDGE_CURVE('',#3236,#3195,#2952,.T.);
#3864=EDGE_CURVE('',#3235,#3236,#2953,.T.);
#3865=EDGE_CURVE('',#3237,#3196,#2954,.T.);
#3866=EDGE_CURVE('',#3236,#3237,#412,.T.);
#3867=EDGE_CURVE('',#3238,#3197,#2955,.T.);
#3868=EDGE_CURVE('',#3237,#3238,#2956,.T.);
#3869=EDGE_CURVE('',#3239,#3198,#2957,.T.);
#3870=EDGE_CURVE('',#3238,#3239,#413,.T.);
#3871=EDGE_CURVE('',#3239,#3232,#2958,.T.);
#3872=EDGE_CURVE('',#3240,#3235,#414,.T.);
#3873=EDGE_CURVE('',#3241,#3240,#2959,.T.);
#3874=EDGE_CURVE('',#3241,#3236,#415,.T.);
#3875=EDGE_CURVE('',#3242,#3234,#416,.T.);
#3876=EDGE_CURVE('',#3240,#3242,#417,.T.);
#3877=EDGE_CURVE('',#3243,#3233,#418,.T.);
#3878=EDGE_CURVE('',#3242,#3243,#2960,.T.);
#3879=EDGE_CURVE('',#3244,#3232,#419,.T.);
#3880=EDGE_CURVE('',#3243,#3244,#420,.T.);
#3881=EDGE_CURVE('',#3244,#3245,#2961,.T.);
#3882=EDGE_CURVE('',#3245,#3246,#421,.T.);
#3883=EDGE_CURVE('',#3246,#3243,#2962,.T.);
#3884=EDGE_CURVE('',#3247,#3242,#2963,.T.);
#3885=EDGE_CURVE('',#3246,#3247,#2964,.T.);
#3886=EDGE_CURVE('',#3248,#3240,#2965,.T.);
#3887=EDGE_CURVE('',#3247,#3248,#422,.T.);
#3888=EDGE_CURVE('',#3249,#3241,#2966,.T.);
#3889=EDGE_CURVE('',#3248,#3249,#2967,.T.);
#3890=EDGE_CURVE('',#3250,#3251,#2968,.T.);
#3891=EDGE_CURVE('',#3251,#3241,#423,.T.);
#3892=EDGE_CURVE('',#3249,#3250,#424,.T.);
#3893=EDGE_CURVE('',#3252,#3253,#2969,.T.);
#3894=EDGE_CURVE('',#3253,#3251,#2970,.T.);
#3895=EDGE_CURVE('',#3250,#3252,#2971,.T.);
#3896=EDGE_CURVE('',#3254,#3255,#2972,.T.);
#3897=EDGE_CURVE('',#3255,#3253,#425,.T.);
#3898=EDGE_CURVE('',#3252,#3254,#426,.T.);
#3899=EDGE_CURVE('',#3244,#3255,#2973,.T.);
#3900=EDGE_CURVE('',#3254,#3245,#2974,.T.);
#3901=EDGE_CURVE('',#3251,#3237,#427,.T.);
#3902=EDGE_CURVE('',#3253,#3238,#428,.T.);
#3903=EDGE_CURVE('',#3255,#3239,#429,.T.);
#3904=EDGE_CURVE('',#3256,#3217,#430,.T.);
#3905=EDGE_CURVE('',#3216,#3256,#431,.T.);
#3906=EDGE_CURVE('',#3157,#3178,#248,.T.);
#3907=EDGE_CURVE('',#3177,#3158,#432,.T.);
#3908=EDGE_CURVE('',#3184,#3257,#433,.T.);
#3909=EDGE_CURVE('',#3257,#3258,#249,.T.);
#3910=EDGE_CURVE('',#3258,#3185,#250,.T.);
#3911=EDGE_CURVE('',#3155,#3179,#251,.T.);
#3912=EDGE_CURVE('',#3178,#3156,#252,.T.);
#3913=EDGE_CURVE('',#3154,#3259,#434,.T.);
#3914=EDGE_CURVE('',#3259,#3179,#253,.T.);
#3915=EDGE_CURVE('',#3177,#3260,#435,.T.);
#3916=EDGE_CURVE('',#3159,#3260,#436,.T.);
#3917=EDGE_CURVE('',#3144,#3261,#254,.T.);
#3918=EDGE_CURVE('',#3261,#3145,#437,.T.);
#3919=EDGE_CURVE('',#3222,#3260,#255,.T.);
#3920=EDGE_CURVE('',#3262,#3257,#438,.T.);
#3921=EDGE_CURVE('',#3184,#3262,#439,.T.);
#3922=EDGE_CURVE('',#3149,#3263,#440,.T.);
#3923=EDGE_CURVE('',#3263,#3150,#256,.T.);
#3924=EDGE_CURVE('',#3146,#3264,#441,.T.);
#3925=EDGE_CURVE('',#3264,#3147,#257,.T.);
#3926=EDGE_CURVE('',#3259,#3265,#442,.T.);
#3927=EDGE_CURVE('',#3265,#3180,#443,.T.);
#3928=EDGE_CURVE('',#3264,#3261,#2975,.T.);
#3929=EDGE_CURVE('',#3261,#3266,#2976,.T.);
#3930=EDGE_CURVE('',#3266,#3267,#2977,.T.);
#3931=EDGE_CURVE('',#3267,#3268,#2978,.T.);
#3932=EDGE_CURVE('',#3269,#3268,#2979,.T.);
#3933=EDGE_CURVE('',#3268,#3270,#2980,.T.);
#3934=EDGE_CURVE('',#3270,#3262,#2981,.T.);
#3935=EDGE_CURVE('',#3262,#3271,#2982,.T.);
#3936=EDGE_CURVE('',#3271,#3183,#2983,.T.);
#3937=EDGE_CURVE('',#3182,#3272,#2984,.T.);
#3938=EDGE_CURVE('',#3272,#3273,#2985,.T.);
#3939=EDGE_CURVE('',#3273,#3274,#258,.T.);
#3940=EDGE_CURVE('',#3274,#3275,#2986,.T.);
#3941=EDGE_CURVE('',#3275,#3276,#2987,.T.);
#3942=EDGE_CURVE('',#3276,#3263,#2988,.T.);
#3943=EDGE_CURVE('',#3263,#3277,#2989,.T.);
#3944=EDGE_CURVE('',#3277,#3264,#2990,.T.);
#3945=EDGE_CURVE('',#3141,#3257,#48,.T.);
#3946=EDGE_CURVE('',#3257,#3267,#259,.T.);
#3947=EDGE_CURVE('',#3267,#3142,#444,.T.);
#3948=EDGE_CURVE('',#3152,#3275,#445,.T.);
#3949=EDGE_CURVE('',#3275,#3259,#260,.T.);
#3950=EDGE_CURVE('',#3259,#3153,#446,.T.);
#3951=EDGE_CURVE('',#3260,#3221,#447,.T.);
#3952=EDGE_CURVE('',#3184,#3271,#448,.T.);
#3953=EDGE_CURVE('',#3257,#3270,#449,.T.);
#3954=EDGE_CURVE('',#3151,#3276,#450,.T.);
#3955=EDGE_CURVE('',#3274,#3259,#237,.T.);
#3956=EDGE_CURVE('',#3277,#3148,#451,.T.);
#3957=EDGE_CURVE('',#3181,#3272,#452,.T.);
#3958=EDGE_CURVE('',#3180,#3181,#49,.T.);
#3959=EDGE_CURVE('',#3266,#3143,#453,.T.);
#3960=EDGE_CURVE('',#3273,#3181,#454,.T.);
#3961=EDGE_CURVE('',#3260,#3160,#455,.T.);
#3962=EDGE_CURVE('',#3278,#3134,#456,.T.);
#3963=EDGE_CURVE('',#3278,#3135,#457,.T.);
#3964=EDGE_CURVE('',#3278,#3187,#50,.T.);
#3965=EDGE_CURVE('',#3136,#3187,#458,.T.);
#3966=EDGE_CURVE('',#3186,#3137,#261,.T.);
#3967=EDGE_CURVE('',#3138,#3186,#262,.T.);
#3968=EDGE_CURVE('',#3185,#3139,#263,.T.);
#3969=EDGE_CURVE('',#3258,#3140,#51,.T.);
#3970=EDGE_CURVE('',#3208,#3256,#459,.T.);
#3971=EDGE_CURVE('',#3161,#3219,#460,.T.);
#3972=EDGE_CURVE('',#3220,#3260,#461,.T.);
#3973=EDGE_CURVE('',#3223,#3278,#52,.T.);
#3974=EDGE_CURVE('',#3278,#3224,#462,.T.);
#3975=EDGE_CURVE('',#3225,#3133,#463,.T.);
#3976=EDGE_CURVE('',#3279,#3279,#2991,.T.);
#3977=EDGE_CURVE('',#3279,#3280,#464,.T.);
#3978=EDGE_CURVE('',#3280,#3280,#2992,.T.);
#3979=EDGE_CURVE('',#3281,#3282,#465,.T.);
#3980=EDGE_CURVE('',#3283,#3281,#466,.T.);
#3981=EDGE_CURVE('',#3284,#3283,#467,.T.);
#3982=EDGE_CURVE('',#3282,#3284,#468,.T.);
#3983=EDGE_CURVE('',#3285,#3285,#2993,.T.);
#3984=EDGE_CURVE('',#3285,#3279,#469,.T.);
#3985=EDGE_CURVE('',#3286,#3287,#470,.T.);
#3986=EDGE_CURVE('',#3287,#3288,#471,.T.);
#3987=EDGE_CURVE('',#3288,#3289,#472,.T.);
#3988=EDGE_CURVE('',#3289,#3286,#473,.T.);
#3989=EDGE_CURVE('',#3287,#3290,#474,.T.);
#3990=EDGE_CURVE('',#3290,#3291,#475,.T.);
#3991=EDGE_CURVE('',#3291,#3288,#476,.T.);
#3992=EDGE_CURVE('',#3292,#3291,#477,.T.);
#3993=EDGE_CURVE('',#3290,#3293,#478,.T.);
#3994=EDGE_CURVE('',#3293,#3292,#479,.T.);
#3995=EDGE_CURVE('',#3293,#3286,#480,.T.);
#3996=EDGE_CURVE('',#3289,#3292,#481,.T.);
#3997=EDGE_CURVE('',#3289,#3281,#482,.T.);
#3998=EDGE_CURVE('',#3292,#3282,#483,.T.);
#3999=EDGE_CURVE('',#3288,#3283,#484,.T.);
#4000=EDGE_CURVE('',#3294,#3295,#53,.T.);
#4001=EDGE_CURVE('',#3295,#3296,#485,.T.);
#4002=EDGE_CURVE('',#3296,#3297,#486,.T.);
#4003=EDGE_CURVE('',#3297,#3298,#487,.T.);
#4004=EDGE_CURVE('',#3298,#3299,#54,.T.);
#4005=EDGE_CURVE('',#3299,#3294,#488,.T.);
#4006=EDGE_CURVE('',#3291,#3284,#489,.T.);
#4007=EDGE_CURVE('',#3300,#3300,#2994,.T.);
#4008=EDGE_CURVE('',#3300,#3301,#2995,.T.);
#4009=EDGE_CURVE('',#3301,#3302,#2996,.T.);
#4010=EDGE_CURVE('',#3302,#3301,#2997,.T.);
#4011=EDGE_CURVE('',#3302,#3303,#490,.T.);
#4012=EDGE_CURVE('',#3304,#3303,#55,.T.);
#4013=EDGE_CURVE('',#3303,#3304,#56,.T.);
#4014=EDGE_CURVE('',#3305,#3306,#491,.T.);
#4015=EDGE_CURVE('',#3306,#3307,#492,.T.);
#4016=EDGE_CURVE('',#3308,#3307,#493,.T.);
#4017=EDGE_CURVE('',#3309,#3308,#494,.T.);
#4018=EDGE_CURVE('',#3309,#3310,#495,.T.);
#4019=EDGE_CURVE('',#3310,#3311,#496,.T.);
#4020=EDGE_CURVE('',#3311,#3312,#497,.T.);
#4021=EDGE_CURVE('',#3312,#3305,#498,.T.);
#4022=EDGE_CURVE('',#3313,#3314,#499,.T.);
#4023=EDGE_CURVE('',#3314,#3315,#2998,.T.);
#4024=EDGE_CURVE('',#3315,#3316,#500,.T.);
#4025=EDGE_CURVE('',#3316,#3317,#2999,.T.);
#4026=EDGE_CURVE('',#3317,#3318,#501,.T.);
#4027=EDGE_CURVE('',#3318,#3319,#3000,.T.);
#4028=EDGE_CURVE('',#3319,#3320,#502,.T.);
#4029=EDGE_CURVE('',#3320,#3313,#3001,.T.);
#4030=EDGE_CURVE('',#3321,#3304,#3002,.T.);
#4031=EDGE_CURVE('',#3321,#3321,#57,.T.);
#4032=EDGE_CURVE('',#3322,#3323,#58,.T.);
#4033=EDGE_CURVE('',#3324,#3322,#264,.T.);
#4034=EDGE_CURVE('',#3325,#3324,#503,.T.);
#4035=EDGE_CURVE('',#3325,#3326,#504,.T.);
#4036=EDGE_CURVE('',#3327,#3326,#265,.T.);
#4037=EDGE_CURVE('',#3323,#3327,#505,.T.);
#4038=EDGE_CURVE('',#3328,#3329,#59,.F.);
#4039=EDGE_CURVE('',#3329,#3330,#506,.T.);
#4040=EDGE_CURVE('',#3330,#3331,#60,.F.);
#4041=EDGE_CURVE('',#3331,#3328,#507,.T.);
#4042=EDGE_CURVE('',#3330,#3332,#508,.T.);
#4043=EDGE_CURVE('',#3329,#3333,#509,.T.);
#4044=EDGE_CURVE('',#3334,#3333,#510,.T.);
#4045=EDGE_CURVE('',#3335,#3334,#511,.T.);
#4046=EDGE_CURVE('',#3336,#3335,#512,.T.);
#4047=EDGE_CURVE('',#3336,#3337,#513,.T.);
#4048=EDGE_CURVE('',#3338,#3337,#514,.T.);
#4049=EDGE_CURVE('',#3339,#3338,#515,.T.);
#4050=EDGE_CURVE('',#3339,#3340,#516,.T.);
#4051=EDGE_CURVE('',#3340,#3341,#517,.T.);
#4052=EDGE_CURVE('',#3342,#3341,#518,.T.);
#4053=EDGE_CURVE('',#3342,#3343,#519,.T.);
#4054=EDGE_CURVE('',#3332,#3343,#520,.T.);
#4055=EDGE_CURVE('',#3337,#3344,#521,.F.);
#4056=EDGE_CURVE('',#3344,#3345,#522,.T.);
#4057=EDGE_CURVE('',#3345,#3338,#523,.T.);
#4058=EDGE_CURVE('',#3345,#3346,#3003,.T.);
#4059=EDGE_CURVE('',#3346,#3347,#524,.T.);
#4060=EDGE_CURVE('',#3347,#3338,#3004,.T.);
#4061=EDGE_CURVE('',#3346,#3348,#525,.T.);
#4062=EDGE_CURVE('',#3348,#3349,#526,.T.);
#4063=EDGE_CURVE('',#3349,#3347,#527,.T.);
#4064=EDGE_CURVE('',#3348,#3350,#3005,.T.);
#4065=EDGE_CURVE('',#3350,#3351,#528,.T.);
#4066=EDGE_CURVE('',#3351,#3349,#3006,.T.);
#4067=EDGE_CURVE('',#3350,#3352,#529,.T.);
#4068=EDGE_CURVE('',#3352,#3353,#530,.T.);
#4069=EDGE_CURVE('',#3353,#3351,#531,.T.);
#4070=EDGE_CURVE('',#3352,#3354,#3007,.T.);
#4071=EDGE_CURVE('',#3354,#3355,#532,.T.);
#4072=EDGE_CURVE('',#3355,#3353,#3008,.T.);
#4073=EDGE_CURVE('',#3354,#3356,#533,.T.);
#4074=EDGE_CURVE('',#3356,#3357,#534,.T.);
#4075=EDGE_CURVE('',#3357,#3355,#535,.T.);
#4076=EDGE_CURVE('',#3356,#3358,#3009,.T.);
#4077=EDGE_CURVE('',#3358,#3341,#536,.T.);
#4078=EDGE_CURVE('',#3341,#3357,#3010,.T.);
#4079=EDGE_CURVE('',#3359,#3342,#537,.F.);
#4080=EDGE_CURVE('',#3358,#3359,#538,.T.);
#4081=EDGE_CURVE('',#3344,#3311,#539,.T.);
#4082=EDGE_CURVE('',#3360,#3310,#3011,.T.);
#4083=EDGE_CURVE('',#3361,#3360,#540,.T.);
#4084=EDGE_CURVE('',#3361,#3362,#541,.T.);
#4085=EDGE_CURVE('',#3363,#3362,#542,.T.);
#4086=EDGE_CURVE('',#3364,#3363,#3012,.T.);
#4087=EDGE_CURVE('',#3365,#3364,#543,.T.);
#4088=EDGE_CURVE('',#3366,#3365,#3013,.T.);
#4089=EDGE_CURVE('',#3367,#3366,#544,.T.);
#4090=EDGE_CURVE('',#3307,#3367,#3014,.T.);
#4091=EDGE_CURVE('',#3306,#3359,#545,.T.);
#4092=EDGE_CURVE('',#3368,#3368,#3015,.T.);
#4093=EDGE_CURVE('',#3368,#3369,#546,.T.);
#4094=EDGE_CURVE('',#3369,#3369,#3016,.T.);
#4095=EDGE_CURVE('',#3370,#3371,#547,.T.);
#4096=EDGE_CURVE('',#3370,#3372,#61,.T.);
#4097=EDGE_CURVE('',#3373,#3372,#548,.T.);
#4098=EDGE_CURVE('',#3373,#3374,#549,.T.);
#4099=EDGE_CURVE('',#3374,#3375,#550,.T.);
#4100=EDGE_CURVE('',#3375,#3376,#551,.T.);
#4101=EDGE_CURVE('',#3376,#3377,#552,.T.);
#4102=EDGE_CURVE('',#3377,#3378,#553,.T.);
#4103=EDGE_CURVE('',#3378,#3379,#554,.T.);
#4104=EDGE_CURVE('',#3379,#3380,#555,.T.);
#4105=EDGE_CURVE('',#3380,#3381,#556,.T.);
#4106=EDGE_CURVE('',#3381,#3382,#557,.T.);
#4107=EDGE_CURVE('',#3382,#3383,#558,.T.);
#4108=EDGE_CURVE('',#3383,#3384,#559,.T.);
#4109=EDGE_CURVE('',#3384,#3385,#560,.T.);
#4110=EDGE_CURVE('',#3385,#3386,#561,.T.);
#4111=EDGE_CURVE('',#3386,#3387,#562,.T.);
#4112=EDGE_CURVE('',#3387,#3388,#563,.T.);
#4113=EDGE_CURVE('',#3388,#3389,#564,.T.);
#4114=EDGE_CURVE('',#3389,#3390,#565,.T.);
#4115=EDGE_CURVE('',#3390,#3391,#566,.T.);
#4116=EDGE_CURVE('',#3391,#3392,#567,.T.);
#4117=EDGE_CURVE('',#3392,#3393,#568,.T.);
#4118=EDGE_CURVE('',#3393,#3394,#569,.T.);
#4119=EDGE_CURVE('',#3394,#3395,#238,.T.);
#4120=EDGE_CURVE('',#3395,#3396,#570,.T.);
#4121=EDGE_CURVE('',#3396,#3397,#571,.T.);
#4122=EDGE_CURVE('',#3397,#3398,#572,.T.);
#4123=EDGE_CURVE('',#3398,#3399,#573,.T.);
#4124=EDGE_CURVE('',#3399,#3400,#574,.T.);
#4125=EDGE_CURVE('',#3400,#3401,#575,.T.);
#4126=EDGE_CURVE('',#3401,#3402,#576,.T.);
#4127=EDGE_CURVE('',#3402,#3403,#577,.T.);
#4128=EDGE_CURVE('',#3404,#3403,#578,.T.);
#4129=EDGE_CURVE('',#3404,#3405,#62,.T.);
#4130=EDGE_CURVE('',#3406,#3405,#579,.T.);
#4131=EDGE_CURVE('',#3407,#3406,#3017,.T.);
#4132=EDGE_CURVE('',#3408,#3407,#580,.T.);
#4133=EDGE_CURVE('',#3409,#3408,#3018,.T.);
#4134=EDGE_CURVE('',#3410,#3409,#581,.T.);
#4135=EDGE_CURVE('',#3411,#3410,#582,.T.);
#4136=EDGE_CURVE('',#3412,#3411,#3019,.T.);
#4137=EDGE_CURVE('',#3413,#3412,#583,.T.);
#4138=EDGE_CURVE('',#3414,#3413,#3020,.T.);
#4139=EDGE_CURVE('',#3415,#3414,#584,.T.);
#4140=EDGE_CURVE('',#3416,#3415,#585,.T.);
#4141=EDGE_CURVE('',#3417,#3416,#3021,.T.);
#4142=EDGE_CURVE('',#3418,#3417,#586,.T.);
#4143=EDGE_CURVE('',#3371,#3418,#3022,.T.);
#4144=EDGE_CURVE('',#3419,#3419,#3023,.T.);
#4145=EDGE_CURVE('',#3420,#3420,#3024,.T.);
#4146=EDGE_CURVE('',#3421,#3421,#3025,.T.);
#4147=EDGE_CURVE('',#3421,#3369,#587,.T.);
#4148=EDGE_CURVE('',#3419,#3422,#588,.T.);
#4149=EDGE_CURVE('',#3422,#3422,#3026,.T.);
#4150=EDGE_CURVE('',#3423,#3423,#3027,.T.);
#4151=EDGE_CURVE('',#3423,#3422,#589,.T.);
#4152=EDGE_CURVE('',#3420,#3424,#590,.T.);
#4153=EDGE_CURVE('',#3424,#3424,#3028,.T.);
#4154=EDGE_CURVE('',#3425,#3425,#3029,.T.);
#4155=EDGE_CURVE('',#3425,#3424,#591,.T.);
#4156=EDGE_CURVE('',#3426,#3427,#3030,.T.);
#4157=EDGE_CURVE('',#3427,#3428,#63,.T.);
#4158=EDGE_CURVE('',#3428,#3429,#3031,.T.);
#4159=EDGE_CURVE('',#3429,#3426,#64,.T.);
#4160=EDGE_CURVE('',#3430,#3431,#3032,.T.);
#4161=EDGE_CURVE('',#3431,#3429,#592,.T.);
#4162=EDGE_CURVE('',#3428,#3430,#593,.T.);
#4163=EDGE_CURVE('',#3432,#3433,#3033,.T.);
#4164=EDGE_CURVE('',#3433,#3431,#65,.T.);
#4165=EDGE_CURVE('',#3430,#3432,#66,.T.);
#4166=EDGE_CURVE('',#3434,#3435,#3034,.T.);
#4167=EDGE_CURVE('',#3435,#3433,#594,.T.);
#4168=EDGE_CURVE('',#3432,#3434,#595,.T.);
#4169=EDGE_CURVE('',#3436,#3437,#3035,.T.);
#4170=EDGE_CURVE('',#3437,#3435,#67,.T.);
#4171=EDGE_CURVE('',#3434,#3436,#68,.T.);
#4172=EDGE_CURVE('',#3438,#3437,#596,.T.);
#4173=EDGE_CURVE('',#3436,#3439,#597,.T.);
#4174=EDGE_CURVE('',#3439,#3438,#266,.T.);
#4175=EDGE_CURVE('',#3439,#3440,#598,.T.);
#4176=EDGE_CURVE('',#3440,#3323,#3036,.T.);
#4177=EDGE_CURVE('',#3327,#3438,#239,.T.);
#4178=EDGE_CURVE('',#3441,#3322,#267,.T.);
#4179=EDGE_CURVE('',#3440,#3441,#69,.T.);
#4180=EDGE_CURVE('',#3441,#3442,#70,.T.);
#4181=EDGE_CURVE('',#3442,#3443,#3037,.T.);
#4182=EDGE_CURVE('',#3443,#3322,#71,.T.);
#4183=EDGE_CURVE('',#3426,#3443,#599,.T.);
#4184=EDGE_CURVE('',#3442,#3427,#600,.T.);
#4185=EDGE_CURVE('',#3444,#3434,#601,.T.);
#4186=EDGE_CURVE('',#3445,#3444,#3038,.T.);
#4187=EDGE_CURVE('',#3445,#3436,#602,.T.);
#4188=EDGE_CURVE('',#3446,#3432,#603,.T.);
#4189=EDGE_CURVE('',#3444,#3446,#604,.T.);
#4190=EDGE_CURVE('',#3447,#3430,#605,.T.);
#4191=EDGE_CURVE('',#3446,#3447,#3039,.T.);
#4192=EDGE_CURVE('',#3448,#3428,#606,.T.);
#4193=EDGE_CURVE('',#3447,#3448,#607,.T.);
#4194=EDGE_CURVE('',#3449,#3427,#608,.T.);
#4195=EDGE_CURVE('',#3448,#3449,#3040,.T.);
#4196=EDGE_CURVE('',#3326,#3450,#609,.T.);
#4197=EDGE_CURVE('',#3450,#3324,#610,.T.);
#4198=EDGE_CURVE('',#3449,#3451,#3041,.T.);
#4199=EDGE_CURVE('',#3451,#3452,#3042,.T.);
#4200=EDGE_CURVE('',#3452,#3448,#3043,.T.);
#4201=EDGE_CURVE('',#3453,#3447,#3044,.T.);
#4202=EDGE_CURVE('',#3452,#3453,#611,.T.);
#4203=EDGE_CURVE('',#3454,#3446,#3045,.T.);
#4204=EDGE_CURVE('',#3453,#3454,#3046,.T.);
#4205=EDGE_CURVE('',#3455,#3444,#3047,.T.);
#4206=EDGE_CURVE('',#3454,#3455,#612,.T.);
#4207=EDGE_CURVE('',#3456,#3445,#3048,.T.);
#4208=EDGE_CURVE('',#3455,#3456,#3049,.T.);
#4209=EDGE_CURVE('',#3457,#3458,#3050,.T.);
#4210=EDGE_CURVE('',#3458,#3445,#613,.T.);
#4211=EDGE_CURVE('',#3456,#3457,#614,.T.);
#4212=EDGE_CURVE('',#3459,#3460,#3051,.T.);
#4213=EDGE_CURVE('',#3460,#3458,#3052,.T.);
#4214=EDGE_CURVE('',#3457,#3459,#3053,.T.);
#4215=EDGE_CURVE('',#3449,#3460,#615,.T.);
#4216=EDGE_CURVE('',#3459,#3451,#616,.T.);
#4217=EDGE_CURVE('',#3458,#3440,#617,.T.);
#4218=EDGE_CURVE('',#3460,#3442,#618,.T.);
#4219=EDGE_CURVE('',#3461,#3462,#3054,.T.);
#4220=EDGE_CURVE('',#3462,#3463,#619,.T.);
#4221=EDGE_CURVE('',#3463,#3464,#3055,.T.);
#4222=EDGE_CURVE('',#3464,#3465,#620,.T.);
#4223=EDGE_CURVE('',#3465,#3466,#3056,.T.);
#4224=EDGE_CURVE('',#3466,#3467,#621,.T.);
#4225=EDGE_CURVE('',#3467,#3468,#3057,.T.);
#4226=EDGE_CURVE('',#3468,#3461,#622,.T.);
#4227=EDGE_CURVE('',#3319,#3465,#623,.T.);
#4228=EDGE_CURVE('',#3318,#3466,#624,.T.);
#4229=EDGE_CURVE('',#3320,#3464,#625,.T.);
#4230=EDGE_CURVE('',#3313,#3463,#626,.T.);
#4231=EDGE_CURVE('',#3314,#3462,#627,.T.);
#4232=EDGE_CURVE('',#3469,#3470,#268,.T.);
#4233=EDGE_CURVE('',#3470,#3332,#269,.T.);
#4234=EDGE_CURVE('',#3343,#3471,#3058,.T.);
#4235=EDGE_CURVE('',#3471,#3469,#628,.T.);
#4236=EDGE_CURVE('',#3334,#3472,#270,.F.);
#4237=EDGE_CURVE('',#3333,#3473,#271,.T.);
#4238=EDGE_CURVE('',#3473,#3472,#629,.T.);
#4239=EDGE_CURVE('',#3317,#3467,#630,.T.);
#4240=EDGE_CURVE('',#3316,#3468,#631,.T.);
#4241=EDGE_CURVE('',#3315,#3461,#632,.T.);
#4242=EDGE_CURVE('',#3331,#3328,#3059,.T.);
#4243=EDGE_CURVE('',#3362,#3474,#633,.T.);
#4244=EDGE_CURVE('',#3475,#3361,#634,.T.);
#4245=EDGE_CURVE('',#3474,#3475,#635,.T.);
#4246=EDGE_CURVE('',#3476,#3360,#636,.T.);
#4247=EDGE_CURVE('',#3477,#3476,#637,.T.);
#4248=EDGE_CURVE('',#3361,#3477,#638,.T.);
#4249=EDGE_CURVE('',#3476,#3309,#3060,.T.);
#4250=EDGE_CURVE('',#3470,#3478,#639,.T.);
#4251=EDGE_CURVE('',#3478,#3478,#3061,.T.);
#4252=EDGE_CURVE('',#3473,#3469,#3062,.T.);
#4253=EDGE_CURVE('',#3335,#3479,#3063,.T.);
#4254=EDGE_CURVE('',#3480,#3472,#3064,.T.);
#4255=EDGE_CURVE('',#3479,#3480,#640,.T.);
#4256=EDGE_CURVE('',#3481,#3479,#641,.T.);
#4257=EDGE_CURVE('',#3482,#3480,#642,.T.);
#4258=EDGE_CURVE('',#3481,#3482,#643,.T.);
#4259=EDGE_CURVE('',#3305,#3481,#644,.T.);
#4260=EDGE_CURVE('',#3471,#3482,#645,.T.);
#4261=EDGE_CURVE('',#3336,#3312,#646,.T.);
#4262=EDGE_CURVE('',#3483,#3484,#647,.T.);
#4263=EDGE_CURVE('',#3485,#3483,#648,.T.);
#4264=EDGE_CURVE('',#3485,#3486,#649,.T.);
#4265=EDGE_CURVE('',#3486,#3484,#650,.T.);
#4266=EDGE_CURVE('',#3484,#3487,#651,.T.);
#4267=EDGE_CURVE('',#3488,#3486,#652,.T.);
#4268=EDGE_CURVE('',#3489,#3488,#653,.T.);
#4269=EDGE_CURVE('',#3487,#3489,#654,.T.);
#4270=EDGE_CURVE('',#3490,#3483,#655,.T.);
#4271=EDGE_CURVE('',#3491,#3490,#656,.T.);
#4272=EDGE_CURVE('',#3492,#3491,#657,.T.);
#4273=EDGE_CURVE('',#3492,#3485,#658,.T.);
#4274=EDGE_CURVE('',#3488,#3492,#659,.T.);
#4275=EDGE_CURVE('',#3493,#3494,#660,.T.);
#4276=EDGE_CURVE('',#3495,#3493,#661,.T.);
#4277=EDGE_CURVE('',#3496,#3495,#662,.T.);
#4278=EDGE_CURVE('',#3496,#3494,#663,.T.);
#4279=EDGE_CURVE('',#3494,#3497,#664,.T.);
#4280=EDGE_CURVE('',#3496,#3498,#665,.T.);
#4281=EDGE_CURVE('',#3498,#3497,#666,.T.);
#4282=EDGE_CURVE('',#3497,#3499,#667,.T.);
#4283=EDGE_CURVE('',#3498,#3500,#668,.T.);
#4284=EDGE_CURVE('',#3501,#3500,#669,.T.);
#4285=EDGE_CURVE('',#3499,#3501,#670,.T.);
#4286=EDGE_CURVE('',#3502,#3493,#671,.T.);
#4287=EDGE_CURVE('',#3503,#3502,#672,.T.);
#4288=EDGE_CURVE('',#3504,#3503,#673,.T.);
#4289=EDGE_CURVE('',#3495,#3504,#674,.T.);
#4290=EDGE_CURVE('',#3500,#3504,#675,.T.);
#4291=EDGE_CURVE('',#3505,#3487,#676,.T.);
#4292=EDGE_CURVE('',#3506,#3505,#677,.T.);
#4293=EDGE_CURVE('',#3340,#3506,#3065,.T.);
#4294=EDGE_CURVE('',#3507,#3339,#3066,.T.);
#4295=EDGE_CURVE('',#3508,#3507,#678,.T.);
#4296=EDGE_CURVE('',#3490,#3508,#679,.T.);
#4297=EDGE_CURVE('',#3509,#3510,#680,.T.);
#4298=EDGE_CURVE('',#3510,#3511,#3067,.T.);
#4299=EDGE_CURVE('',#3511,#3512,#681,.T.);
#4300=EDGE_CURVE('',#3512,#3513,#3068,.T.);
#4301=EDGE_CURVE('',#3513,#3514,#682,.T.);
#4302=EDGE_CURVE('',#3514,#3515,#3069,.T.);
#4303=EDGE_CURVE('',#3515,#3516,#683,.T.);
#4304=EDGE_CURVE('',#3516,#3509,#3070,.T.);
#4305=EDGE_CURVE('',#3517,#3518,#684,.T.);
#4306=EDGE_CURVE('',#3518,#3519,#3071,.T.);
#4307=EDGE_CURVE('',#3519,#3520,#685,.T.);
#4308=EDGE_CURVE('',#3520,#3521,#3072,.T.);
#4309=EDGE_CURVE('',#3521,#3522,#686,.T.);
#4310=EDGE_CURVE('',#3522,#3523,#3073,.T.);
#4311=EDGE_CURVE('',#3523,#3524,#687,.T.);
#4312=EDGE_CURVE('',#3524,#3517,#3074,.T.);
#4313=EDGE_CURVE('',#3489,#3525,#688,.T.);
#4314=EDGE_CURVE('',#3525,#3505,#689,.F.);
#4315=EDGE_CURVE('',#3526,#3499,#690,.T.);
#4316=EDGE_CURVE('',#3527,#3526,#691,.T.);
#4317=EDGE_CURVE('',#3528,#3527,#692,.T.);
#4318=EDGE_CURVE('',#3529,#3528,#3075,.T.);
#4319=EDGE_CURVE('',#3530,#3529,#693,.T.);
#4320=EDGE_CURVE('',#3531,#3530,#3076,.T.);
#4321=EDGE_CURVE('',#3532,#3531,#694,.T.);
#4322=EDGE_CURVE('',#3533,#3532,#695,.T.);
#4323=EDGE_CURVE('',#3502,#3533,#696,.T.);
#4324=EDGE_CURVE('',#3534,#3535,#697,.T.);
#4325=EDGE_CURVE('',#3535,#3536,#3077,.T.);
#4326=EDGE_CURVE('',#3536,#3537,#698,.T.);
#4327=EDGE_CURVE('',#3537,#3538,#3078,.T.);
#4328=EDGE_CURVE('',#3538,#3539,#699,.T.);
#4329=EDGE_CURVE('',#3539,#3540,#3079,.T.);
#4330=EDGE_CURVE('',#3540,#3541,#700,.T.);
#4331=EDGE_CURVE('',#3541,#3534,#3080,.T.);
#4332=EDGE_CURVE('',#3542,#3543,#701,.T.);
#4333=EDGE_CURVE('',#3543,#3544,#3081,.T.);
#4334=EDGE_CURVE('',#3544,#3545,#702,.T.);
#4335=EDGE_CURVE('',#3545,#3546,#3082,.T.);
#4336=EDGE_CURVE('',#3546,#3547,#703,.T.);
#4337=EDGE_CURVE('',#3547,#3548,#3083,.T.);
#4338=EDGE_CURVE('',#3548,#3549,#704,.T.);
#4339=EDGE_CURVE('',#3549,#3542,#3084,.T.);
#4340=EDGE_CURVE('',#3501,#3550,#705,.T.);
#4341=EDGE_CURVE('',#3550,#3526,#706,.T.);
#4342=EDGE_CURVE('',#3551,#3551,#3085,.T.);
#4343=EDGE_CURVE('',#3551,#3285,#707,.T.);
#4344=EDGE_CURVE('',#3552,#3553,#708,.T.);
#4345=EDGE_CURVE('',#3553,#3554,#709,.T.);
#4346=EDGE_CURVE('',#3554,#3555,#710,.T.);
#4347=EDGE_CURVE('',#3555,#3556,#711,.T.);
#4348=EDGE_CURVE('',#3556,#3557,#712,.T.);
#4349=EDGE_CURVE('',#3557,#3558,#713,.T.);
#4350=EDGE_CURVE('',#3558,#3559,#714,.T.);
#4351=EDGE_CURVE('',#3559,#3560,#715,.T.);
#4352=EDGE_CURVE('',#3560,#3561,#716,.T.);
#4353=EDGE_CURVE('',#3561,#3562,#72,.T.);
#4354=EDGE_CURVE('',#3562,#3563,#717,.T.);
#4355=EDGE_CURVE('',#3563,#3564,#718,.T.);
#4356=EDGE_CURVE('',#3564,#3565,#719,.T.);
#4357=EDGE_CURVE('',#3565,#3566,#73,.T.);
#4358=EDGE_CURVE('',#3566,#3567,#720,.T.);
#4359=EDGE_CURVE('',#3567,#3552,#721,.T.);
#4360=EDGE_CURVE('',#3508,#3568,#722,.F.);
#4361=EDGE_CURVE('',#3568,#3491,#723,.T.);
#4362=EDGE_CURVE('',#3569,#3533,#724,.T.);
#4363=EDGE_CURVE('',#3532,#3570,#725,.F.);
#4364=EDGE_CURVE('',#3570,#3569,#726,.T.);
#4365=EDGE_CURVE('',#3569,#3503,#727,.T.);
#4366=EDGE_CURVE('',#3550,#3571,#728,.T.);
#4367=EDGE_CURVE('',#3571,#3527,#729,.F.);
#4368=EDGE_CURVE('',#3476,#3416,#730,.T.);
#4369=EDGE_CURVE('',#3415,#3477,#731,.T.);
#4370=EDGE_CURVE('',#3309,#3417,#732,.T.);
#4371=EDGE_CURVE('',#3308,#3418,#733,.T.);
#4372=EDGE_CURVE('',#3572,#3371,#734,.T.);
#4373=EDGE_CURVE('',#3308,#3572,#3086,.T.);
#4374=EDGE_CURVE('',#3573,#3370,#74,.T.);
#4375=EDGE_CURVE('',#3572,#3573,#735,.T.);
#4376=EDGE_CURVE('',#3574,#3411,#736,.T.);
#4377=EDGE_CURVE('',#3410,#3575,#737,.T.);
#4378=EDGE_CURVE('',#3575,#3574,#738,.T.);
#4379=EDGE_CURVE('',#3574,#3576,#3087,.T.);
#4380=EDGE_CURVE('',#3576,#3412,#739,.T.);
#4381=EDGE_CURVE('',#3577,#3413,#740,.T.);
#4382=EDGE_CURVE('',#3576,#3577,#741,.T.);
#4383=EDGE_CURVE('',#3577,#3578,#3088,.T.);
#4384=EDGE_CURVE('',#3578,#3414,#742,.T.);
#4385=EDGE_CURVE('',#3579,#3415,#743,.T.);
#4386=EDGE_CURVE('',#3578,#3579,#744,.T.);
#4387=EDGE_CURVE('',#3580,#3410,#745,.T.);
#4388=EDGE_CURVE('',#3409,#3581,#746,.T.);
#4389=EDGE_CURVE('',#3581,#3580,#747,.T.);
#4390=EDGE_CURVE('',#3408,#3582,#748,.T.);
#4391=EDGE_CURVE('',#3582,#3581,#3089,.T.);
#4392=EDGE_CURVE('',#3407,#3583,#749,.T.);
#4393=EDGE_CURVE('',#3583,#3582,#750,.T.);
#4394=EDGE_CURVE('',#3406,#3584,#751,.T.);
#4395=EDGE_CURVE('',#3584,#3583,#3090,.T.);
#4396=EDGE_CURVE('',#3405,#3585,#75,.T.);
#4397=EDGE_CURVE('',#3585,#3584,#752,.T.);
#4398=EDGE_CURVE('',#3580,#3575,#3091,.T.);
#4399=EDGE_CURVE('',#3579,#3477,#3092,.T.);
#4400=EDGE_CURVE('',#3572,#3367,#753,.T.);
#4401=EDGE_CURVE('',#3579,#3586,#754,.T.);
#4402=EDGE_CURVE('',#3475,#3586,#76,.T.);
#4403=EDGE_CURVE('',#3298,#3578,#755,.T.);
#4404=EDGE_CURVE('',#3297,#3586,#756,.T.);
#4405=EDGE_CURVE('',#3577,#3299,#757,.T.);
#4406=EDGE_CURVE('',#3585,#3573,#3093,.T.);
#4407=EDGE_CURVE('',#3372,#3404,#3094,.T.);
#4408=EDGE_CURVE('',#3294,#3576,#758,.T.);
#4409=EDGE_CURVE('',#3584,#3366,#759,.T.);
#4410=EDGE_CURVE('',#3574,#3295,#760,.T.);
#4411=EDGE_CURVE('',#3587,#3575,#761,.T.);
#4412=EDGE_CURVE('',#3296,#3587,#762,.T.);
#4413=EDGE_CURVE('',#3580,#3362,#763,.T.);
#4414=EDGE_CURVE('',#3587,#3474,#77,.T.);
#4415=EDGE_CURVE('',#3581,#3363,#764,.T.);
#4416=EDGE_CURVE('',#3586,#3587,#765,.T.);
#4417=EDGE_CURVE('',#3588,#3373,#766,.T.);
#4418=EDGE_CURVE('',#3589,#3588,#767,.T.);
#4419=EDGE_CURVE('',#3589,#3374,#768,.T.);
#4420=EDGE_CURVE('',#3590,#3588,#769,.T.);
#4421=EDGE_CURVE('',#3591,#3590,#770,.T.);
#4422=EDGE_CURVE('',#3591,#3589,#771,.T.);
#4423=EDGE_CURVE('',#3592,#3590,#772,.T.);
#4424=EDGE_CURVE('',#3591,#3592,#773,.T.);
#4425=EDGE_CURVE('',#3593,#3592,#774,.T.);
#4426=EDGE_CURVE('',#3594,#3593,#775,.T.);
#4427=EDGE_CURVE('',#3594,#3591,#776,.T.);
#4428=EDGE_CURVE('',#3595,#3593,#777,.T.);
#4429=EDGE_CURVE('',#3594,#3595,#778,.T.);
#4430=EDGE_CURVE('',#3582,#3364,#779,.T.);
#4431=EDGE_CURVE('',#3583,#3365,#780,.T.);
#4432=EDGE_CURVE('',#3528,#3349,#781,.T.);
#4433=EDGE_CURVE('',#3571,#3596,#782,.T.);
#4434=EDGE_CURVE('',#3597,#3596,#783,.T.);
#4435=EDGE_CURVE('',#3568,#3597,#784,.T.);
#4436=EDGE_CURVE('',#3507,#3347,#785,.T.);
#4437=EDGE_CURVE('',#3529,#3351,#786,.T.);
#4438=EDGE_CURVE('',#3530,#3353,#787,.T.);
#4439=EDGE_CURVE('',#3531,#3355,#788,.T.);
#4440=EDGE_CURVE('',#3598,#3599,#272,.T.);
#4441=EDGE_CURVE('',#3599,#3600,#789,.T.);
#4442=EDGE_CURVE('',#3600,#3598,#790,.T.);
#4443=EDGE_CURVE('',#3600,#3601,#791,.T.);
#4444=EDGE_CURVE('',#3601,#3598,#273,.T.);
#4445=EDGE_CURVE('',#3602,#3603,#792,.T.);
#4446=EDGE_CURVE('',#3603,#3604,#793,.T.);
#4447=EDGE_CURVE('',#3604,#3605,#794,.T.);
#4448=EDGE_CURVE('',#3605,#3602,#795,.T.);
#4449=EDGE_CURVE('',#3604,#3606,#796,.T.);
#4450=EDGE_CURVE('',#3606,#3607,#274,.T.);
#4451=EDGE_CURVE('',#3607,#3604,#797,.T.);
#4452=EDGE_CURVE('',#3607,#3605,#275,.T.);
#4453=EDGE_CURVE('',#3608,#3606,#798,.T.);
#4454=EDGE_CURVE('',#3603,#3608,#799,.T.);
#4455=EDGE_CURVE('',#3609,#3610,#276,.T.);
#4456=EDGE_CURVE('',#3610,#3611,#800,.T.);
#4457=EDGE_CURVE('',#3611,#3609,#801,.T.);
#4458=EDGE_CURVE('',#3612,#3613,#802,.T.);
#4459=EDGE_CURVE('',#3613,#3614,#803,.T.);
#4460=EDGE_CURVE('',#3614,#3615,#804,.T.);
#4461=EDGE_CURVE('',#3615,#3612,#805,.T.);
#4462=EDGE_CURVE('',#3613,#3616,#277,.T.);
#4463=EDGE_CURVE('',#3616,#3614,#806,.T.);
#4464=EDGE_CURVE('',#3617,#3615,#807,.T.);
#4465=EDGE_CURVE('',#3614,#3618,#808,.T.);
#4466=EDGE_CURVE('',#3618,#3617,#809,.T.);
#4467=EDGE_CURVE('',#3619,#3620,#278,.T.);
#4468=EDGE_CURVE('',#3620,#3621,#810,.T.);
#4469=EDGE_CURVE('',#3621,#3619,#811,.T.);
#4470=EDGE_CURVE('',#3375,#3589,#812,.T.);
#4471=EDGE_CURVE('',#3589,#3326,#279,.T.);
#4472=EDGE_CURVE('',#3326,#3376,#813,.T.);
#4473=EDGE_CURVE('',#3610,#3622,#280,.T.);
#4474=EDGE_CURVE('',#3622,#3611,#814,.T.);
#4475=EDGE_CURVE('',#3324,#3623,#281,.T.);
#4476=EDGE_CURVE('',#3623,#3624,#815,.T.);
#4477=EDGE_CURVE('',#3624,#3324,#816,.T.);
#4478=EDGE_CURVE('',#3589,#3625,#282,.T.);
#4479=EDGE_CURVE('',#3625,#3450,#283,.T.);
#4480=EDGE_CURVE('',#3450,#3589,#817,.T.);
#4481=EDGE_CURVE('',#3621,#3626,#818,.T.);
#4482=EDGE_CURVE('',#3626,#3627,#284,.T.);
#4483=EDGE_CURVE('',#3627,#3621,#819,.T.);
#4484=EDGE_CURVE('',#3594,#3628,#820,.T.);
#4485=EDGE_CURVE('',#3628,#3625,#821,.T.);
#4486=EDGE_CURVE('',#3625,#3591,#822,.T.);
#4487=EDGE_CURVE('',#3621,#3628,#285,.T.);
#4488=EDGE_CURVE('',#3628,#3619,#286,.T.);
#4489=EDGE_CURVE('',#3620,#3622,#823,.T.);
#4490=EDGE_CURVE('',#3622,#3626,#824,.T.);
#4491=EDGE_CURVE('',#3626,#3620,#287,.T.);
#4492=EDGE_CURVE('',#3396,#3622,#288,.T.);
#4493=EDGE_CURVE('',#3622,#3397,#289,.T.);
#4494=EDGE_CURVE('',#3398,#3620,#290,.T.);
#4495=EDGE_CURVE('',#3620,#3399,#825,.T.);
#4496=EDGE_CURVE('',#3600,#3325,#826,.T.);
#4497=EDGE_CURVE('',#3324,#3601,#827,.T.);
#4498=EDGE_CURVE('',#3401,#3619,#828,.T.);
#4499=EDGE_CURVE('',#3402,#3619,#829,.T.);
#4500=EDGE_CURVE('',#3623,#3625,#830,.T.);
#4501=EDGE_CURVE('',#3628,#3627,#831,.T.);
#4502=EDGE_CURVE('',#3627,#3629,#832,.T.);
#4503=EDGE_CURVE('',#3629,#3556,#833,.T.);
#4504=EDGE_CURVE('',#3555,#3624,#834,.T.);
#4505=EDGE_CURVE('',#3630,#3631,#835,.T.);
#4506=EDGE_CURVE('',#3631,#3597,#836,.T.);
#4507=EDGE_CURVE('',#3596,#3632,#837,.T.);
#4508=EDGE_CURVE('',#3632,#3633,#838,.T.);
#4509=EDGE_CURVE('',#3633,#3630,#839,.T.);
#4510=EDGE_CURVE('',#3611,#3634,#78,.T.);
#4511=EDGE_CURVE('',#3634,#3609,#291,.T.);
#4512=EDGE_CURVE('',#3616,#3618,#292,.T.);
#4513=EDGE_CURVE('',#3400,#3620,#840,.T.);
#4514=EDGE_CURVE('',#3610,#3626,#841,.T.);
#4515=EDGE_CURVE('',#3450,#3623,#842,.T.);
#4516=EDGE_CURVE('',#3395,#3622,#79,.T.);
#4517=EDGE_CURVE('',#3626,#3629,#843,.T.);
#4518=EDGE_CURVE('',#3619,#3594,#844,.T.);
#4519=EDGE_CURVE('',#3635,#3624,#293,.T.);
#4520=EDGE_CURVE('',#3624,#3636,#294,.T.);
#4521=EDGE_CURVE('',#3636,#3635,#845,.T.);
#4522=EDGE_CURVE('',#3635,#3324,#295,.T.);
#4523=EDGE_CURVE('',#3634,#3637,#80,.T.);
#4524=EDGE_CURVE('',#3563,#3637,#846,.T.);
#4525=EDGE_CURVE('',#3563,#3638,#296,.T.);
#4526=EDGE_CURVE('',#3638,#3639,#3095,.T.);
#4527=EDGE_CURVE('',#3639,#3640,#3096,.T.);
#4528=EDGE_CURVE('',#3640,#3634,#847,.T.);
#4529=EDGE_CURVE('',#3640,#3641,#3097,.T.);
#4530=EDGE_CURVE('',#3641,#3638,#3098,.T.);
#4531=EDGE_CURVE('',#3562,#3634,#297,.T.);
#4532=EDGE_CURVE('',#3564,#3642,#298,.T.);
#4533=EDGE_CURVE('',#3642,#3643,#3099,.T.);
#4534=EDGE_CURVE('',#3643,#3565,#848,.T.);
#4535=EDGE_CURVE('',#3599,#3644,#849,.T.);
#4536=EDGE_CURVE('',#3644,#3642,#3100,.T.);
#4537=EDGE_CURVE('',#3645,#3564,#850,.T.);
#4538=EDGE_CURVE('',#3645,#3599,#851,.T.);
#4539=EDGE_CURVE('',#3646,#3636,#852,.T.);
#4540=EDGE_CURVE('',#3636,#3554,#853,.T.);
#4541=EDGE_CURVE('',#3554,#3647,#854,.T.);
#4542=EDGE_CURVE('',#3647,#3606,#855,.T.);
#4543=EDGE_CURVE('',#3606,#3646,#856,.T.);
#4544=EDGE_CURVE('',#3648,#3649,#81,.T.);
#4545=EDGE_CURVE('',#3649,#3566,#82,.T.);
#4546=EDGE_CURVE('',#3565,#3650,#83,.T.);
#4547=EDGE_CURVE('',#3650,#3651,#857,.T.);
#4548=EDGE_CURVE('',#3651,#3648,#84,.T.);
#4549=EDGE_CURVE('',#3646,#3652,#858,.T.);
#4550=EDGE_CURVE('',#3652,#3653,#859,.T.);
#4551=EDGE_CURVE('',#3653,#3635,#860,.T.);
#4552=EDGE_CURVE('',#3654,#3618,#861,.T.);
#4553=EDGE_CURVE('',#3618,#3655,#862,.T.);
#4554=EDGE_CURVE('',#3655,#3557,#863,.T.);
#4555=EDGE_CURVE('',#3557,#3656,#864,.T.);
#4556=EDGE_CURVE('',#3656,#3654,#85,.T.);
#4557=EDGE_CURVE('',#3657,#3658,#86,.T.);
#4558=EDGE_CURVE('',#3658,#3659,#865,.T.);
#4559=EDGE_CURVE('',#3659,#3562,#87,.T.);
#4560=EDGE_CURVE('',#3561,#3660,#88,.T.);
#4561=EDGE_CURVE('',#3660,#3657,#89,.T.);
#4562=EDGE_CURVE('',#3656,#3661,#90,.T.);
#4563=EDGE_CURVE('',#3661,#3662,#91,.T.);
#4564=EDGE_CURVE('',#3662,#3663,#866,.T.);
#4565=EDGE_CURVE('',#3663,#3654,#92,.T.);
#4566=EDGE_CURVE('',#3664,#3661,#867,.T.);
#4567=EDGE_CURVE('',#3661,#3556,#868,.T.);
#4568=EDGE_CURVE('',#3626,#3664,#869,.T.);
#4569=EDGE_CURVE('',#3599,#3650,#870,.T.);
#4570=EDGE_CURVE('',#3643,#3665,#3101,.T.);
#4571=EDGE_CURVE('',#3665,#3644,#3102,.T.);
#4572=EDGE_CURVE('',#3666,#3665,#3103,.T.);
#4573=EDGE_CURVE('',#3667,#3639,#3104,.T.);
#4574=EDGE_CURVE('',#3641,#3668,#3105,.T.);
#4575=EDGE_CURVE('',#3651,#3602,#871,.T.);
#4576=EDGE_CURVE('',#3605,#3648,#872,.T.);
#4577=EDGE_CURVE('',#3608,#3652,#873,.T.);
#4578=EDGE_CURVE('',#3608,#3598,#299,.T.);
#4579=EDGE_CURVE('',#3598,#3669,#874,.T.);
#4580=EDGE_CURVE('',#3669,#3608,#875,.T.);
#4581=EDGE_CURVE('',#3602,#3598,#300,.T.);
#4582=EDGE_CURVE('',#3598,#3603,#876,.T.);
#4583=EDGE_CURVE('',#3651,#3670,#301,.T.);
#4584=EDGE_CURVE('',#3670,#3602,#877,.T.);
#4585=EDGE_CURVE('',#3652,#3669,#302,.T.);
#4586=EDGE_CURVE('',#3669,#3653,#878,.T.);
#4587=EDGE_CURVE('',#3599,#3670,#879,.T.);
#4588=EDGE_CURVE('',#3670,#3650,#303,.T.);
#4589=EDGE_CURVE('',#3653,#3671,#304,.T.);
#4590=EDGE_CURVE('',#3671,#3635,#880,.T.);
#4591=EDGE_CURVE('',#3607,#3552,#881,.T.);
#4592=EDGE_CURVE('',#3552,#3672,#882,.T.);
#4593=EDGE_CURVE('',#3672,#3607,#883,.T.);
#4594=EDGE_CURVE('',#3607,#3647,#884,.T.);
#4595=EDGE_CURVE('',#3647,#3553,#885,.T.);
#4596=EDGE_CURVE('',#3553,#3607,#305,.T.);
#4597=EDGE_CURVE('',#3605,#3672,#886,.T.);
#4598=EDGE_CURVE('',#3672,#3648,#306,.T.);
#4599=EDGE_CURVE('',#3672,#3566,#887,.T.);
#4600=EDGE_CURVE('',#3649,#3672,#888,.T.);
#4601=EDGE_CURVE('',#3612,#3658,#889,.T.);
#4602=EDGE_CURVE('',#3657,#3613,#890,.T.);
#4603=EDGE_CURVE('',#3663,#3617,#891,.T.);
#4604=EDGE_CURVE('',#3617,#3609,#307,.T.);
#4605=EDGE_CURVE('',#3609,#3615,#892,.T.);
#4606=EDGE_CURVE('',#3609,#3612,#308,.T.);
#4607=EDGE_CURVE('',#3634,#3673,#893,.T.);
#4608=EDGE_CURVE('',#3673,#3609,#894,.T.);
#4609=EDGE_CURVE('',#3612,#3673,#895,.T.);
#4610=EDGE_CURVE('',#3673,#3658,#309,.T.);
#4611=EDGE_CURVE('',#3663,#3674,#310,.T.);
#4612=EDGE_CURVE('',#3674,#3617,#896,.T.);
#4613=EDGE_CURVE('',#3673,#3659,#311,.T.);
#4614=EDGE_CURVE('',#3659,#3675,#897,.T.);
#4615=EDGE_CURVE('',#3675,#3673,#898,.T.);
#4616=EDGE_CURVE('',#3674,#3676,#899,.T.);
#4617=EDGE_CURVE('',#3676,#3664,#312,.T.);
#4618=EDGE_CURVE('',#3664,#3674,#900,.T.);
#4619=EDGE_CURVE('',#3616,#3655,#901,.T.);
#4620=EDGE_CURVE('',#3616,#3677,#902,.T.);
#4621=EDGE_CURVE('',#3677,#3559,#903,.T.);
#4622=EDGE_CURVE('',#3559,#3616,#904,.T.);
#4623=EDGE_CURVE('',#3616,#3558,#313,.T.);
#4624=EDGE_CURVE('',#3558,#3655,#905,.T.);
#4625=EDGE_CURVE('',#3657,#3677,#314,.T.);
#4626=EDGE_CURVE('',#3677,#3613,#906,.T.);
#4627=EDGE_CURVE('',#3677,#3561,#907,.T.);
#4628=EDGE_CURVE('',#3560,#3677,#908,.T.);
#4629=EDGE_CURVE('',#3661,#3557,#315,.T.);
#4630=EDGE_CURVE('',#3555,#3636,#316,.T.);
#4631=EDGE_CURVE('',#3659,#3634,#909,.T.);
#4632=EDGE_CURVE('',#3670,#3598,#910,.T.);
#4633=EDGE_CURVE('',#3669,#3601,#317,.T.);
#4634=EDGE_CURVE('',#3601,#3671,#911,.T.);
#4635=EDGE_CURVE('',#3671,#3669,#912,.T.);
#4636=EDGE_CURVE('',#3651,#3678,#913,.T.);
#4637=EDGE_CURVE('',#3678,#3670,#914,.T.);
#4638=EDGE_CURVE('',#3678,#3650,#915,.T.);
#4639=EDGE_CURVE('',#3567,#3672,#916,.T.);
#4640=EDGE_CURVE('',#3674,#3609,#917,.T.);
#4641=EDGE_CURVE('',#3674,#3610,#318,.T.);
#4642=EDGE_CURVE('',#3664,#3610,#918,.T.);
#4643=EDGE_CURVE('',#3675,#3658,#919,.T.);
#4644=EDGE_CURVE('',#3663,#3676,#920,.T.);
#4645=EDGE_CURVE('',#3676,#3662,#921,.T.);
#4646=EDGE_CURVE('',#3662,#3664,#922,.T.);
#4647=EDGE_CURVE('',#3660,#3677,#923,.T.);
#4648=EDGE_CURVE('',#3671,#3324,#319,.T.);
#4649=EDGE_CURVE('',#3637,#3394,#93,.T.);
#4650=EDGE_CURVE('',#3506,#3357,#924,.T.);
#4651=EDGE_CURVE('',#3525,#3631,#925,.T.);
#4652=EDGE_CURVE('',#3570,#3630,#926,.T.);
#4653=EDGE_CURVE('',#3569,#3633,#927,.T.);
#4654=EDGE_CURVE('',#3550,#3632,#928,.T.);
#4655=EDGE_CURVE('',#3679,#3680,#3106,.T.);
#4656=EDGE_CURVE('',#3680,#3681,#929,.T.);
#4657=EDGE_CURVE('',#3681,#3682,#3107,.T.);
#4658=EDGE_CURVE('',#3682,#3683,#930,.T.);
#4659=EDGE_CURVE('',#3683,#3684,#3108,.T.);
#4660=EDGE_CURVE('',#3684,#3685,#931,.T.);
#4661=EDGE_CURVE('',#3685,#3686,#3109,.T.);
#4662=EDGE_CURVE('',#3686,#3679,#932,.T.);
#4663=EDGE_CURVE('',#3549,#3680,#933,.T.);
#4664=EDGE_CURVE('',#3542,#3679,#934,.T.);
#4665=EDGE_CURVE('',#3548,#3681,#935,.T.);
#4666=EDGE_CURVE('',#3547,#3682,#936,.T.);
#4667=EDGE_CURVE('',#3546,#3683,#937,.T.);
#4668=EDGE_CURVE('',#3543,#3686,#938,.T.);
#4669=EDGE_CURVE('',#3544,#3685,#939,.T.);
#4670=EDGE_CURVE('',#3545,#3684,#940,.T.);
#4671=EDGE_CURVE('',#3687,#3688,#3110,.T.);
#4672=EDGE_CURVE('',#3688,#3689,#941,.T.);
#4673=EDGE_CURVE('',#3689,#3690,#3111,.T.);
#4674=EDGE_CURVE('',#3690,#3691,#942,.T.);
#4675=EDGE_CURVE('',#3691,#3692,#3112,.T.);
#4676=EDGE_CURVE('',#3692,#3693,#943,.T.);
#4677=EDGE_CURVE('',#3693,#3694,#3113,.T.);
#4678=EDGE_CURVE('',#3694,#3687,#944,.T.);
#4679=EDGE_CURVE('',#3524,#3688,#945,.T.);
#4680=EDGE_CURVE('',#3517,#3687,#946,.T.);
#4681=EDGE_CURVE('',#3523,#3689,#947,.T.);
#4682=EDGE_CURVE('',#3522,#3690,#948,.T.);
#4683=EDGE_CURVE('',#3521,#3691,#949,.T.);
#4684=EDGE_CURVE('',#3518,#3694,#950,.T.);
#4685=EDGE_CURVE('',#3519,#3693,#951,.T.);
#4686=EDGE_CURVE('',#3520,#3692,#952,.T.);
#4687=EDGE_CURVE('',#3695,#3696,#3114,.T.);
#4688=EDGE_CURVE('',#3696,#3697,#953,.T.);
#4689=EDGE_CURVE('',#3697,#3698,#3115,.T.);
#4690=EDGE_CURVE('',#3698,#3699,#954,.T.);
#4691=EDGE_CURVE('',#3699,#3700,#3116,.T.);
#4692=EDGE_CURVE('',#3700,#3701,#955,.T.);
#4693=EDGE_CURVE('',#3701,#3702,#3117,.T.);
#4694=EDGE_CURVE('',#3702,#3695,#956,.T.);
#4695=EDGE_CURVE('',#3541,#3696,#957,.T.);
#4696=EDGE_CURVE('',#3534,#3695,#958,.T.);
#4697=EDGE_CURVE('',#3540,#3697,#959,.T.);
#4698=EDGE_CURVE('',#3539,#3698,#960,.T.);
#4699=EDGE_CURVE('',#3538,#3699,#961,.T.);
#4700=EDGE_CURVE('',#3535,#3702,#962,.T.);
#4701=EDGE_CURVE('',#3536,#3701,#963,.T.);
#4702=EDGE_CURVE('',#3537,#3700,#964,.T.);
#4703=EDGE_CURVE('',#3703,#3704,#3118,.T.);
#4704=EDGE_CURVE('',#3704,#3705,#965,.T.);
#4705=EDGE_CURVE('',#3705,#3706,#3119,.T.);
#4706=EDGE_CURVE('',#3706,#3707,#966,.T.);
#4707=EDGE_CURVE('',#3707,#3708,#3120,.T.);
#4708=EDGE_CURVE('',#3708,#3709,#967,.T.);
#4709=EDGE_CURVE('',#3709,#3710,#3121,.T.);
#4710=EDGE_CURVE('',#3710,#3703,#968,.T.);
#4711=EDGE_CURVE('',#3516,#3704,#969,.T.);
#4712=EDGE_CURVE('',#3509,#3703,#970,.T.);
#4713=EDGE_CURVE('',#3515,#3705,#971,.T.);
#4714=EDGE_CURVE('',#3514,#3706,#972,.T.);
#4715=EDGE_CURVE('',#3513,#3707,#973,.T.);
#4716=EDGE_CURVE('',#3510,#3710,#974,.T.);
#4717=EDGE_CURVE('',#3511,#3709,#975,.T.);
#4718=EDGE_CURVE('',#3512,#3708,#976,.T.);
#4719=EDGE_CURVE('',#3377,#3326,#977,.T.);
#4720=EDGE_CURVE('',#3326,#3378,#320,.T.);
#4721=EDGE_CURVE('',#3379,#3325,#321,.T.);
#4722=EDGE_CURVE('',#3325,#3380,#322,.T.);
#4723=EDGE_CURVE('',#3325,#3381,#978,.T.);
#4724=EDGE_CURVE('',#3382,#3645,#979,.T.);
#4725=EDGE_CURVE('',#3645,#3383,#980,.T.);
#4726=EDGE_CURVE('',#3645,#3384,#981,.T.);
#4727=EDGE_CURVE('',#3385,#3645,#323,.T.);
#4728=EDGE_CURVE('',#3564,#3386,#982,.T.);
#4729=EDGE_CURVE('',#3387,#3564,#983,.T.);
#4730=EDGE_CURVE('',#3388,#3564,#324,.T.);
#4731=EDGE_CURVE('',#3563,#3389,#984,.T.);
#4732=EDGE_CURVE('',#3390,#3563,#985,.T.);
#4733=EDGE_CURVE('',#3637,#3391,#325,.T.);
#4734=EDGE_CURVE('',#3392,#3637,#986,.T.);
#4735=EDGE_CURVE('',#3393,#3637,#987,.T.);
#4736=EDGE_CURVE('',#3403,#3711,#988,.T.);
#4737=EDGE_CURVE('',#3711,#3619,#989,.T.);
#4738=EDGE_CURVE('',#3711,#3595,#990,.T.);
#4739=ORIENTED_EDGE('',*,*,#3712,.T.);
#4740=ORIENTED_EDGE('',*,*,#3713,.T.);
#4741=ORIENTED_EDGE('',*,*,#3714,.T.);
#4742=ORIENTED_EDGE('',*,*,#3715,.T.);
#4743=ORIENTED_EDGE('',*,*,#3713,.F.);
#4744=ORIENTED_EDGE('',*,*,#3716,.F.);
#4745=ORIENTED_EDGE('',*,*,#3717,.F.);
#4746=ORIENTED_EDGE('',*,*,#3718,.F.);
#4747=ORIENTED_EDGE('',*,*,#3719,.F.);
#4748=ORIENTED_EDGE('',*,*,#3720,.F.);
#4749=ORIENTED_EDGE('',*,*,#3721,.T.);
#4750=ORIENTED_EDGE('',*,*,#3722,.F.);
#4751=ORIENTED_EDGE('',*,*,#3723,.F.);
#4752=ORIENTED_EDGE('',*,*,#3724,.F.);
#4753=ORIENTED_EDGE('',*,*,#3725,.F.);
#4754=ORIENTED_EDGE('',*,*,#3726,.F.);
#4755=ORIENTED_EDGE('',*,*,#3727,.F.);
#4756=ORIENTED_EDGE('',*,*,#3728,.F.);
#4757=ORIENTED_EDGE('',*,*,#3729,.F.);
#4758=ORIENTED_EDGE('',*,*,#3730,.F.);
#4759=ORIENTED_EDGE('',*,*,#3731,.F.);
#4760=ORIENTED_EDGE('',*,*,#3732,.F.);
#4761=ORIENTED_EDGE('',*,*,#3733,.F.);
#4762=ORIENTED_EDGE('',*,*,#3734,.F.);
#4763=ORIENTED_EDGE('',*,*,#3735,.F.);
#4764=ORIENTED_EDGE('',*,*,#3736,.F.);
#4765=ORIENTED_EDGE('',*,*,#3737,.F.);
#4766=ORIENTED_EDGE('',*,*,#3738,.F.);
#4767=ORIENTED_EDGE('',*,*,#3739,.F.);
#4768=ORIENTED_EDGE('',*,*,#3740,.F.);
#4769=ORIENTED_EDGE('',*,*,#3741,.F.);
#4770=ORIENTED_EDGE('',*,*,#3742,.F.);
#4771=ORIENTED_EDGE('',*,*,#3743,.F.);
#4772=ORIENTED_EDGE('',*,*,#3744,.F.);
#4773=ORIENTED_EDGE('',*,*,#3745,.F.);
#4774=ORIENTED_EDGE('',*,*,#3746,.F.);
#4775=ORIENTED_EDGE('',*,*,#3747,.F.);
#4776=ORIENTED_EDGE('',*,*,#3748,.F.);
#4777=ORIENTED_EDGE('',*,*,#3749,.F.);
#4778=ORIENTED_EDGE('',*,*,#3750,.F.);
#4779=ORIENTED_EDGE('',*,*,#3751,.F.);
#4780=ORIENTED_EDGE('',*,*,#3752,.F.);
#4781=ORIENTED_EDGE('',*,*,#3753,.F.);
#4782=ORIENTED_EDGE('',*,*,#3754,.F.);
#4783=ORIENTED_EDGE('',*,*,#3755,.F.);
#4784=ORIENTED_EDGE('',*,*,#3756,.F.);
#4785=ORIENTED_EDGE('',*,*,#3712,.F.);
#4786=ORIENTED_EDGE('',*,*,#3715,.F.);
#4787=ORIENTED_EDGE('',*,*,#3757,.T.);
#4788=ORIENTED_EDGE('',*,*,#3758,.T.);
#4789=ORIENTED_EDGE('',*,*,#3757,.F.);
#4790=ORIENTED_EDGE('',*,*,#3714,.F.);
#4791=ORIENTED_EDGE('',*,*,#3755,.T.);
#4792=ORIENTED_EDGE('',*,*,#3759,.T.);
#4793=ORIENTED_EDGE('',*,*,#3760,.T.);
#4794=ORIENTED_EDGE('',*,*,#3761,.T.);
#4795=ORIENTED_EDGE('',*,*,#3759,.F.);
#4796=ORIENTED_EDGE('',*,*,#3761,.F.);
#4797=ORIENTED_EDGE('',*,*,#3762,.T.);
#4798=ORIENTED_EDGE('',*,*,#3763,.T.);
#4799=ORIENTED_EDGE('',*,*,#3762,.F.);
#4800=ORIENTED_EDGE('',*,*,#3760,.F.);
#4801=ORIENTED_EDGE('',*,*,#3756,.T.);
#4802=ORIENTED_EDGE('',*,*,#3764,.T.);
#4803=ORIENTED_EDGE('',*,*,#3765,.T.);
#4804=ORIENTED_EDGE('',*,*,#3766,.T.);
#4805=ORIENTED_EDGE('',*,*,#3764,.F.);
#4806=ORIENTED_EDGE('',*,*,#3766,.F.);
#4807=ORIENTED_EDGE('',*,*,#3767,.T.);
#4808=ORIENTED_EDGE('',*,*,#3768,.T.);
#4809=ORIENTED_EDGE('',*,*,#3767,.F.);
#4810=ORIENTED_EDGE('',*,*,#3765,.F.);
#4811=ORIENTED_EDGE('',*,*,#3769,.T.);
#4812=ORIENTED_EDGE('',*,*,#3770,.T.);
#4813=ORIENTED_EDGE('',*,*,#3771,.T.);
#4814=ORIENTED_EDGE('',*,*,#3770,.F.);
#4815=ORIENTED_EDGE('',*,*,#3772,.F.);
#4816=ORIENTED_EDGE('',*,*,#3773,.T.);
#4817=ORIENTED_EDGE('',*,*,#3774,.F.);
#4818=ORIENTED_EDGE('',*,*,#3775,.F.);
#4819=ORIENTED_EDGE('',*,*,#3776,.T.);
#4820=ORIENTED_EDGE('',*,*,#3777,.T.);
#4821=ORIENTED_EDGE('',*,*,#3778,.T.);
#4822=ORIENTED_EDGE('',*,*,#3779,.T.);
#4823=ORIENTED_EDGE('',*,*,#3780,.T.);
#4824=ORIENTED_EDGE('',*,*,#3781,.F.);
#4825=ORIENTED_EDGE('',*,*,#3782,.F.);
#4826=ORIENTED_EDGE('',*,*,#3783,.F.);
#4827=ORIENTED_EDGE('',*,*,#3784,.T.);
#4828=ORIENTED_EDGE('',*,*,#3785,.F.);
#4829=ORIENTED_EDGE('',*,*,#3786,.F.);
#4830=ORIENTED_EDGE('',*,*,#3787,.F.);
#4831=ORIENTED_EDGE('',*,*,#3788,.F.);
#4832=ORIENTED_EDGE('',*,*,#3789,.F.);
#4833=ORIENTED_EDGE('',*,*,#3790,.F.);
#4834=ORIENTED_EDGE('',*,*,#3791,.F.);
#4835=ORIENTED_EDGE('',*,*,#3792,.F.);
#4836=ORIENTED_EDGE('',*,*,#3793,.F.);
#4837=ORIENTED_EDGE('',*,*,#3794,.F.);
#4838=ORIENTED_EDGE('',*,*,#3795,.F.);
#4839=ORIENTED_EDGE('',*,*,#3796,.F.);
#4840=ORIENTED_EDGE('',*,*,#3797,.F.);
#4841=ORIENTED_EDGE('',*,*,#3769,.F.);
#4842=ORIENTED_EDGE('',*,*,#3798,.F.);
#4843=ORIENTED_EDGE('',*,*,#3799,.T.);
#4844=ORIENTED_EDGE('',*,*,#3771,.F.);
#4845=ORIENTED_EDGE('',*,*,#3799,.F.);
#4846=ORIENTED_EDGE('',*,*,#3785,.T.);
#4847=ORIENTED_EDGE('',*,*,#3800,.T.);
#4848=ORIENTED_EDGE('',*,*,#3801,.T.);
#4849=ORIENTED_EDGE('',*,*,#3800,.F.);
#4850=ORIENTED_EDGE('',*,*,#3802,.F.);
#4851=ORIENTED_EDGE('',*,*,#3803,.T.);
#4852=ORIENTED_EDGE('',*,*,#3801,.F.);
#4853=ORIENTED_EDGE('',*,*,#3803,.F.);
#4854=ORIENTED_EDGE('',*,*,#3797,.T.);
#4855=ORIENTED_EDGE('',*,*,#3804,.T.);
#4856=ORIENTED_EDGE('',*,*,#3805,.T.);
#4857=ORIENTED_EDGE('',*,*,#3804,.F.);
#4858=ORIENTED_EDGE('',*,*,#3806,.F.);
#4859=ORIENTED_EDGE('',*,*,#3807,.T.);
#4860=ORIENTED_EDGE('',*,*,#3805,.F.);
#4861=ORIENTED_EDGE('',*,*,#3807,.F.);
#4862=ORIENTED_EDGE('',*,*,#3806,.T.);
#4863=ORIENTED_EDGE('',*,*,#3768,.F.);
#4864=ORIENTED_EDGE('',*,*,#3802,.T.);
#4865=ORIENTED_EDGE('',*,*,#3758,.F.);
#4866=ORIENTED_EDGE('',*,*,#3798,.T.);
#4867=ORIENTED_EDGE('',*,*,#3763,.F.);
#4868=ORIENTED_EDGE('',*,*,#3719,.T.);
#4869=ORIENTED_EDGE('',*,*,#3808,.T.);
#4870=ORIENTED_EDGE('',*,*,#3809,.T.);
#4871=ORIENTED_EDGE('',*,*,#3810,.T.);
#4872=ORIENTED_EDGE('',*,*,#3718,.T.);
#4873=ORIENTED_EDGE('',*,*,#3811,.T.);
#4874=ORIENTED_EDGE('',*,*,#3812,.T.);
#4875=ORIENTED_EDGE('',*,*,#3808,.F.);
#4876=ORIENTED_EDGE('',*,*,#3813,.T.);
#4877=ORIENTED_EDGE('',*,*,#3811,.F.);
#4878=ORIENTED_EDGE('',*,*,#3717,.T.);
#4879=ORIENTED_EDGE('',*,*,#3814,.T.);
#4880=ORIENTED_EDGE('',*,*,#3815,.T.);
#4881=ORIENTED_EDGE('',*,*,#3816,.T.);
#4882=ORIENTED_EDGE('',*,*,#3720,.T.);
#4883=ORIENTED_EDGE('',*,*,#3810,.F.);
#4884=ORIENTED_EDGE('',*,*,#3817,.T.);
#4885=ORIENTED_EDGE('',*,*,#3818,.T.);
#4886=ORIENTED_EDGE('',*,*,#3816,.F.);
#4887=ORIENTED_EDGE('',*,*,#3716,.T.);
#4888=ORIENTED_EDGE('',*,*,#3819,.T.);
#4889=ORIENTED_EDGE('',*,*,#3820,.T.);
#4890=ORIENTED_EDGE('',*,*,#3814,.F.);
#4891=ORIENTED_EDGE('',*,*,#3821,.T.);
#4892=ORIENTED_EDGE('',*,*,#3822,.T.);
#4893=ORIENTED_EDGE('',*,*,#3817,.F.);
#4894=ORIENTED_EDGE('',*,*,#3823,.T.);
#4895=ORIENTED_EDGE('',*,*,#3819,.F.);
#4896=ORIENTED_EDGE('',*,*,#3824,.T.);
#4897=ORIENTED_EDGE('',*,*,#3821,.F.);
#4898=ORIENTED_EDGE('',*,*,#3818,.F.);
#4899=ORIENTED_EDGE('',*,*,#3825,.T.);
#4900=ORIENTED_EDGE('',*,*,#3826,.T.);
#4901=ORIENTED_EDGE('',*,*,#3721,.F.);
#4902=ORIENTED_EDGE('',*,*,#3820,.F.);
#4903=ORIENTED_EDGE('',*,*,#3823,.F.);
#4904=ORIENTED_EDGE('',*,*,#3815,.F.);
#4905=ORIENTED_EDGE('',*,*,#3827,.T.);
#4906=ORIENTED_EDGE('',*,*,#3828,.T.);
#4907=ORIENTED_EDGE('',*,*,#3829,.F.);
#4908=ORIENTED_EDGE('',*,*,#3809,.F.);
#4909=ORIENTED_EDGE('',*,*,#3830,.T.);
#4910=ORIENTED_EDGE('',*,*,#3831,.T.);
#4911=ORIENTED_EDGE('',*,*,#3827,.F.);
#4912=ORIENTED_EDGE('',*,*,#3824,.F.);
#4913=ORIENTED_EDGE('',*,*,#3754,.T.);
#4914=ORIENTED_EDGE('',*,*,#3832,.T.);
#4915=ORIENTED_EDGE('',*,*,#3833,.T.);
#4916=ORIENTED_EDGE('',*,*,#3826,.F.);
#4917=ORIENTED_EDGE('',*,*,#3834,.T.);
#4918=ORIENTED_EDGE('',*,*,#3832,.F.);
#4919=ORIENTED_EDGE('',*,*,#3753,.T.);
#4920=ORIENTED_EDGE('',*,*,#3835,.T.);
#4921=ORIENTED_EDGE('',*,*,#3836,.T.);
#4922=ORIENTED_EDGE('',*,*,#3837,.T.);
#4923=ORIENTED_EDGE('',*,*,#3838,.T.);
#4924=ORIENTED_EDGE('',*,*,#3839,.T.);
#4925=ORIENTED_EDGE('',*,*,#3772,.T.);
#4926=ORIENTED_EDGE('',*,*,#3840,.T.);
#4927=ORIENTED_EDGE('',*,*,#3841,.T.);
#4928=ORIENTED_EDGE('',*,*,#3842,.T.);
#4929=ORIENTED_EDGE('',*,*,#3843,.T.);
#4930=ORIENTED_EDGE('',*,*,#3722,.T.);
#4931=ORIENTED_EDGE('',*,*,#3822,.F.);
#4932=ORIENTED_EDGE('',*,*,#3833,.F.);
#4933=ORIENTED_EDGE('',*,*,#3834,.F.);
#4934=ORIENTED_EDGE('',*,*,#3825,.F.);
#4935=ORIENTED_EDGE('',*,*,#3786,.T.);
#4936=ORIENTED_EDGE('',*,*,#3844,.T.);
#4937=ORIENTED_EDGE('',*,*,#3845,.T.);
#4938=ORIENTED_EDGE('',*,*,#3844,.F.);
#4939=ORIENTED_EDGE('',*,*,#3845,.F.);
#4940=ORIENTED_EDGE('',*,*,#3846,.T.);
#4941=ORIENTED_EDGE('',*,*,#3847,.T.);
#4942=ORIENTED_EDGE('',*,*,#3846,.F.);
#4943=ORIENTED_EDGE('',*,*,#3796,.T.);
#4944=ORIENTED_EDGE('',*,*,#3848,.T.);
#4945=ORIENTED_EDGE('',*,*,#3849,.T.);
#4946=ORIENTED_EDGE('',*,*,#3848,.F.);
#4947=ORIENTED_EDGE('',*,*,#3849,.F.);
#4948=ORIENTED_EDGE('',*,*,#3850,.T.);
#4949=ORIENTED_EDGE('',*,*,#3851,.T.);
#4950=ORIENTED_EDGE('',*,*,#3850,.F.);
#4951=ORIENTED_EDGE('',*,*,#3787,.T.);
#4952=ORIENTED_EDGE('',*,*,#3852,.T.);
#4953=ORIENTED_EDGE('',*,*,#3853,.T.);
#4954=ORIENTED_EDGE('',*,*,#3852,.F.);
#4955=ORIENTED_EDGE('',*,*,#3853,.F.);
#4956=ORIENTED_EDGE('',*,*,#3854,.T.);
#4957=ORIENTED_EDGE('',*,*,#3855,.T.);
#4958=ORIENTED_EDGE('',*,*,#3854,.F.);
#4959=ORIENTED_EDGE('',*,*,#3855,.F.);
#4960=ORIENTED_EDGE('',*,*,#3851,.F.);
#4961=ORIENTED_EDGE('',*,*,#3847,.F.);
#4962=ORIENTED_EDGE('',*,*,#3856,.T.);
#4963=ORIENTED_EDGE('',*,*,#3857,.T.);
#4964=ORIENTED_EDGE('',*,*,#3858,.T.);
#4965=ORIENTED_EDGE('',*,*,#3788,.T.);
#4966=ORIENTED_EDGE('',*,*,#3859,.T.);
#4967=ORIENTED_EDGE('',*,*,#3789,.T.);
#4968=ORIENTED_EDGE('',*,*,#3858,.F.);
#4969=ORIENTED_EDGE('',*,*,#3860,.T.);
#4970=ORIENTED_EDGE('',*,*,#3861,.T.);
#4971=ORIENTED_EDGE('',*,*,#3790,.T.);
#4972=ORIENTED_EDGE('',*,*,#3859,.F.);
#4973=ORIENTED_EDGE('',*,*,#3862,.T.);
#4974=ORIENTED_EDGE('',*,*,#3863,.T.);
#4975=ORIENTED_EDGE('',*,*,#3791,.T.);
#4976=ORIENTED_EDGE('',*,*,#3861,.F.);
#4977=ORIENTED_EDGE('',*,*,#3864,.T.);
#4978=ORIENTED_EDGE('',*,*,#3865,.T.);
#4979=ORIENTED_EDGE('',*,*,#3792,.T.);
#4980=ORIENTED_EDGE('',*,*,#3863,.F.);
#4981=ORIENTED_EDGE('',*,*,#3866,.T.);
#4982=ORIENTED_EDGE('',*,*,#3867,.T.);
#4983=ORIENTED_EDGE('',*,*,#3793,.T.);
#4984=ORIENTED_EDGE('',*,*,#3865,.F.);
#4985=ORIENTED_EDGE('',*,*,#3868,.T.);
#4986=ORIENTED_EDGE('',*,*,#3869,.T.);
#4987=ORIENTED_EDGE('',*,*,#3794,.T.);
#4988=ORIENTED_EDGE('',*,*,#3867,.F.);
#4989=ORIENTED_EDGE('',*,*,#3870,.T.);
#4990=ORIENTED_EDGE('',*,*,#3856,.F.);
#4991=ORIENTED_EDGE('',*,*,#3795,.T.);
#4992=ORIENTED_EDGE('',*,*,#3869,.F.);
#4993=ORIENTED_EDGE('',*,*,#3871,.T.);
#4994=ORIENTED_EDGE('',*,*,#3864,.F.);
#4995=ORIENTED_EDGE('',*,*,#3872,.F.);
#4996=ORIENTED_EDGE('',*,*,#3873,.F.);
#4997=ORIENTED_EDGE('',*,*,#3874,.T.);
#4998=ORIENTED_EDGE('',*,*,#3862,.F.);
#4999=ORIENTED_EDGE('',*,*,#3875,.F.);
#5000=ORIENTED_EDGE('',*,*,#3876,.F.);
#5001=ORIENTED_EDGE('',*,*,#3872,.T.);
#5002=ORIENTED_EDGE('',*,*,#3860,.F.);
#5003=ORIENTED_EDGE('',*,*,#3877,.F.);
#5004=ORIENTED_EDGE('',*,*,#3878,.F.);
#5005=ORIENTED_EDGE('',*,*,#3875,.T.);
#5006=ORIENTED_EDGE('',*,*,#3857,.F.);
#5007=ORIENTED_EDGE('',*,*,#3879,.F.);
#5008=ORIENTED_EDGE('',*,*,#3880,.F.);
#5009=ORIENTED_EDGE('',*,*,#3877,.T.);
#5010=ORIENTED_EDGE('',*,*,#3881,.T.);
#5011=ORIENTED_EDGE('',*,*,#3882,.T.);
#5012=ORIENTED_EDGE('',*,*,#3883,.T.);
#5013=ORIENTED_EDGE('',*,*,#3880,.T.);
#5014=ORIENTED_EDGE('',*,*,#3884,.T.);
#5015=ORIENTED_EDGE('',*,*,#3878,.T.);
#5016=ORIENTED_EDGE('',*,*,#3883,.F.);
#5017=ORIENTED_EDGE('',*,*,#3885,.T.);
#5018=ORIENTED_EDGE('',*,*,#3886,.T.);
#5019=ORIENTED_EDGE('',*,*,#3876,.T.);
#5020=ORIENTED_EDGE('',*,*,#3884,.F.);
#5021=ORIENTED_EDGE('',*,*,#3887,.T.);
#5022=ORIENTED_EDGE('',*,*,#3888,.T.);
#5023=ORIENTED_EDGE('',*,*,#3873,.T.);
#5024=ORIENTED_EDGE('',*,*,#3886,.F.);
#5025=ORIENTED_EDGE('',*,*,#3889,.T.);
#5026=ORIENTED_EDGE('',*,*,#3890,.T.);
#5027=ORIENTED_EDGE('',*,*,#3891,.T.);
#5028=ORIENTED_EDGE('',*,*,#3888,.F.);
#5029=ORIENTED_EDGE('',*,*,#3892,.T.);
#5030=ORIENTED_EDGE('',*,*,#3893,.T.);
#5031=ORIENTED_EDGE('',*,*,#3894,.T.);
#5032=ORIENTED_EDGE('',*,*,#3890,.F.);
#5033=ORIENTED_EDGE('',*,*,#3895,.T.);
#5034=ORIENTED_EDGE('',*,*,#3896,.T.);
#5035=ORIENTED_EDGE('',*,*,#3897,.T.);
#5036=ORIENTED_EDGE('',*,*,#3893,.F.);
#5037=ORIENTED_EDGE('',*,*,#3898,.T.);
#5038=ORIENTED_EDGE('',*,*,#3881,.F.);
#5039=ORIENTED_EDGE('',*,*,#3899,.T.);
#5040=ORIENTED_EDGE('',*,*,#3896,.F.);
#5041=ORIENTED_EDGE('',*,*,#3900,.T.);
#5042=ORIENTED_EDGE('',*,*,#3868,.F.);
#5043=ORIENTED_EDGE('',*,*,#3901,.F.);
#5044=ORIENTED_EDGE('',*,*,#3894,.F.);
#5045=ORIENTED_EDGE('',*,*,#3902,.T.);
#5046=ORIENTED_EDGE('',*,*,#3870,.F.);
#5047=ORIENTED_EDGE('',*,*,#3902,.F.);
#5048=ORIENTED_EDGE('',*,*,#3897,.F.);
#5049=ORIENTED_EDGE('',*,*,#3903,.T.);
#5050=ORIENTED_EDGE('',*,*,#3871,.F.);
#5051=ORIENTED_EDGE('',*,*,#3903,.F.);
#5052=ORIENTED_EDGE('',*,*,#3899,.F.);
#5053=ORIENTED_EDGE('',*,*,#3879,.T.);
#5054=ORIENTED_EDGE('',*,*,#3828,.F.);
#5055=ORIENTED_EDGE('',*,*,#3831,.F.);
#5056=ORIENTED_EDGE('',*,*,#3904,.F.);
#5057=ORIENTED_EDGE('',*,*,#3905,.F.);
#5058=ORIENTED_EDGE('',*,*,#3882,.F.);
#5059=ORIENTED_EDGE('',*,*,#3900,.F.);
#5060=ORIENTED_EDGE('',*,*,#3898,.F.);
#5061=ORIENTED_EDGE('',*,*,#3895,.F.);
#5062=ORIENTED_EDGE('',*,*,#3892,.F.);
#5063=ORIENTED_EDGE('',*,*,#3889,.F.);
#5064=ORIENTED_EDGE('',*,*,#3887,.F.);
#5065=ORIENTED_EDGE('',*,*,#3885,.F.);
#5066=ORIENTED_EDGE('',*,*,#3748,.T.);
#5067=ORIENTED_EDGE('',*,*,#3906,.T.);
#5068=ORIENTED_EDGE('',*,*,#3774,.T.);
#5069=ORIENTED_EDGE('',*,*,#3907,.T.);
#5070=ORIENTED_EDGE('',*,*,#3908,.T.);
#5071=ORIENTED_EDGE('',*,*,#3909,.T.);
#5072=ORIENTED_EDGE('',*,*,#3910,.T.);
#5073=ORIENTED_EDGE('',*,*,#3781,.T.);
#5074=ORIENTED_EDGE('',*,*,#3746,.T.);
#5075=ORIENTED_EDGE('',*,*,#3911,.T.);
#5076=ORIENTED_EDGE('',*,*,#3775,.T.);
#5077=ORIENTED_EDGE('',*,*,#3912,.T.);
#5078=ORIENTED_EDGE('',*,*,#3745,.T.);
#5079=ORIENTED_EDGE('',*,*,#3913,.T.);
#5080=ORIENTED_EDGE('',*,*,#3914,.T.);
#5081=ORIENTED_EDGE('',*,*,#3911,.F.);
#5082=ORIENTED_EDGE('',*,*,#3749,.T.);
#5083=ORIENTED_EDGE('',*,*,#3907,.F.);
#5084=ORIENTED_EDGE('',*,*,#3915,.T.);
#5085=ORIENTED_EDGE('',*,*,#3916,.F.);
#5086=ORIENTED_EDGE('',*,*,#3735,.T.);
#5087=ORIENTED_EDGE('',*,*,#3917,.T.);
#5088=ORIENTED_EDGE('',*,*,#3918,.T.);
#5089=ORIENTED_EDGE('',*,*,#3839,.F.);
#5090=ORIENTED_EDGE('',*,*,#3919,.T.);
#5091=ORIENTED_EDGE('',*,*,#3915,.F.);
#5092=ORIENTED_EDGE('',*,*,#3773,.F.);
#5093=ORIENTED_EDGE('',*,*,#3920,.T.);
#5094=ORIENTED_EDGE('',*,*,#3908,.F.);
#5095=ORIENTED_EDGE('',*,*,#3921,.T.);
#5096=ORIENTED_EDGE('',*,*,#3747,.T.);
#5097=ORIENTED_EDGE('',*,*,#3912,.F.);
#5098=ORIENTED_EDGE('',*,*,#3906,.F.);
#5099=ORIENTED_EDGE('',*,*,#3740,.T.);
#5100=ORIENTED_EDGE('',*,*,#3922,.T.);
#5101=ORIENTED_EDGE('',*,*,#3923,.T.);
#5102=ORIENTED_EDGE('',*,*,#3737,.T.);
#5103=ORIENTED_EDGE('',*,*,#3924,.T.);
#5104=ORIENTED_EDGE('',*,*,#3925,.T.);
#5105=ORIENTED_EDGE('',*,*,#3914,.F.);
#5106=ORIENTED_EDGE('',*,*,#3926,.T.);
#5107=ORIENTED_EDGE('',*,*,#3927,.T.);
#5108=ORIENTED_EDGE('',*,*,#3776,.F.);
#5109=ORIENTED_EDGE('',*,*,#3928,.T.);
#5110=ORIENTED_EDGE('',*,*,#3929,.T.);
#5111=ORIENTED_EDGE('',*,*,#3930,.T.);
#5112=ORIENTED_EDGE('',*,*,#3931,.T.);
#5113=ORIENTED_EDGE('',*,*,#3932,.F.);
#5114=ORIENTED_EDGE('',*,*,#3932,.T.);
#5115=ORIENTED_EDGE('',*,*,#3933,.T.);
#5116=ORIENTED_EDGE('',*,*,#3934,.T.);
#5117=ORIENTED_EDGE('',*,*,#3935,.T.);
#5118=ORIENTED_EDGE('',*,*,#3936,.T.);
#5119=ORIENTED_EDGE('',*,*,#3779,.F.);
#5120=ORIENTED_EDGE('',*,*,#3937,.T.);
#5121=ORIENTED_EDGE('',*,*,#3938,.T.);
#5122=ORIENTED_EDGE('',*,*,#3939,.T.);
#5123=ORIENTED_EDGE('',*,*,#3940,.T.);
#5124=ORIENTED_EDGE('',*,*,#3941,.T.);
#5125=ORIENTED_EDGE('',*,*,#3942,.T.);
#5126=ORIENTED_EDGE('',*,*,#3943,.T.);
#5127=ORIENTED_EDGE('',*,*,#3944,.T.);
#5128=ORIENTED_EDGE('',*,*,#3732,.T.);
#5129=ORIENTED_EDGE('',*,*,#3945,.T.);
#5130=ORIENTED_EDGE('',*,*,#3946,.T.);
#5131=ORIENTED_EDGE('',*,*,#3947,.T.);
#5132=ORIENTED_EDGE('',*,*,#3743,.T.);
#5133=ORIENTED_EDGE('',*,*,#3948,.T.);
#5134=ORIENTED_EDGE('',*,*,#3949,.T.);
#5135=ORIENTED_EDGE('',*,*,#3950,.T.);
#5136=ORIENTED_EDGE('',*,*,#3736,.T.);
#5137=ORIENTED_EDGE('',*,*,#3918,.F.);
#5138=ORIENTED_EDGE('',*,*,#3928,.F.);
#5139=ORIENTED_EDGE('',*,*,#3924,.F.);
#5140=ORIENTED_EDGE('',*,*,#3838,.F.);
#5141=ORIENTED_EDGE('',*,*,#3951,.F.);
#5142=ORIENTED_EDGE('',*,*,#3919,.F.);
#5143=ORIENTED_EDGE('',*,*,#3921,.F.);
#5144=ORIENTED_EDGE('',*,*,#3952,.T.);
#5145=ORIENTED_EDGE('',*,*,#3935,.F.);
#5146=ORIENTED_EDGE('',*,*,#3953,.T.);
#5147=ORIENTED_EDGE('',*,*,#3933,.F.);
#5148=ORIENTED_EDGE('',*,*,#3931,.F.);
#5149=ORIENTED_EDGE('',*,*,#3946,.F.);
#5150=ORIENTED_EDGE('',*,*,#3742,.T.);
#5151=ORIENTED_EDGE('',*,*,#3954,.T.);
#5152=ORIENTED_EDGE('',*,*,#3941,.F.);
#5153=ORIENTED_EDGE('',*,*,#3948,.F.);
#5154=ORIENTED_EDGE('',*,*,#3940,.F.);
#5155=ORIENTED_EDGE('',*,*,#3955,.T.);
#5156=ORIENTED_EDGE('',*,*,#3949,.F.);
#5157=ORIENTED_EDGE('',*,*,#3741,.T.);
#5158=ORIENTED_EDGE('',*,*,#3923,.F.);
#5159=ORIENTED_EDGE('',*,*,#3942,.F.);
#5160=ORIENTED_EDGE('',*,*,#3954,.F.);
#5161=ORIENTED_EDGE('',*,*,#3738,.T.);
#5162=ORIENTED_EDGE('',*,*,#3925,.F.);
#5163=ORIENTED_EDGE('',*,*,#3944,.F.);
#5164=ORIENTED_EDGE('',*,*,#3956,.T.);
#5165=ORIENTED_EDGE('',*,*,#3934,.F.);
#5166=ORIENTED_EDGE('',*,*,#3953,.F.);
#5167=ORIENTED_EDGE('',*,*,#3920,.F.);
#5168=ORIENTED_EDGE('',*,*,#3739,.T.);
#5169=ORIENTED_EDGE('',*,*,#3956,.F.);
#5170=ORIENTED_EDGE('',*,*,#3943,.F.);
#5171=ORIENTED_EDGE('',*,*,#3922,.F.);
#5172=ORIENTED_EDGE('',*,*,#3957,.T.);
#5173=ORIENTED_EDGE('',*,*,#3937,.F.);
#5174=ORIENTED_EDGE('',*,*,#3778,.F.);
#5175=ORIENTED_EDGE('',*,*,#3777,.F.);
#5176=ORIENTED_EDGE('',*,*,#3958,.T.);
#5177=ORIENTED_EDGE('',*,*,#3780,.F.);
#5178=ORIENTED_EDGE('',*,*,#3936,.F.);
#5179=ORIENTED_EDGE('',*,*,#3952,.F.);
#5180=ORIENTED_EDGE('',*,*,#3733,.T.);
#5181=ORIENTED_EDGE('',*,*,#3947,.F.);
#5182=ORIENTED_EDGE('',*,*,#3930,.F.);
#5183=ORIENTED_EDGE('',*,*,#3959,.T.);
#5184=ORIENTED_EDGE('',*,*,#3734,.T.);
#5185=ORIENTED_EDGE('',*,*,#3959,.F.);
#5186=ORIENTED_EDGE('',*,*,#3929,.F.);
#5187=ORIENTED_EDGE('',*,*,#3917,.F.);
#5188=ORIENTED_EDGE('',*,*,#3744,.T.);
#5189=ORIENTED_EDGE('',*,*,#3950,.F.);
#5190=ORIENTED_EDGE('',*,*,#3913,.F.);
#5191=ORIENTED_EDGE('',*,*,#3955,.F.);
#5192=ORIENTED_EDGE('',*,*,#3939,.F.);
#5193=ORIENTED_EDGE('',*,*,#3960,.T.);
#5194=ORIENTED_EDGE('',*,*,#3958,.F.);
#5195=ORIENTED_EDGE('',*,*,#3927,.F.);
#5196=ORIENTED_EDGE('',*,*,#3926,.F.);
#5197=ORIENTED_EDGE('',*,*,#3960,.F.);
#5198=ORIENTED_EDGE('',*,*,#3938,.F.);
#5199=ORIENTED_EDGE('',*,*,#3957,.F.);
#5200=ORIENTED_EDGE('',*,*,#3750,.T.);
#5201=ORIENTED_EDGE('',*,*,#3916,.T.);
#5202=ORIENTED_EDGE('',*,*,#3961,.T.);
#5203=ORIENTED_EDGE('',*,*,#3725,.T.);
#5204=ORIENTED_EDGE('',*,*,#3962,.F.);
#5205=ORIENTED_EDGE('',*,*,#3963,.T.);
#5206=ORIENTED_EDGE('',*,*,#3726,.T.);
#5207=ORIENTED_EDGE('',*,*,#3963,.F.);
#5208=ORIENTED_EDGE('',*,*,#3964,.T.);
#5209=ORIENTED_EDGE('',*,*,#3965,.F.);
#5210=ORIENTED_EDGE('',*,*,#3727,.T.);
#5211=ORIENTED_EDGE('',*,*,#3965,.T.);
#5212=ORIENTED_EDGE('',*,*,#3783,.T.);
#5213=ORIENTED_EDGE('',*,*,#3966,.T.);
#5214=ORIENTED_EDGE('',*,*,#3728,.T.);
#5215=ORIENTED_EDGE('',*,*,#3966,.F.);
#5216=ORIENTED_EDGE('',*,*,#3967,.F.);
#5217=ORIENTED_EDGE('',*,*,#3729,.T.);
#5218=ORIENTED_EDGE('',*,*,#3967,.T.);
#5219=ORIENTED_EDGE('',*,*,#3782,.T.);
#5220=ORIENTED_EDGE('',*,*,#3968,.T.);
#5221=ORIENTED_EDGE('',*,*,#3730,.T.);
#5222=ORIENTED_EDGE('',*,*,#3968,.F.);
#5223=ORIENTED_EDGE('',*,*,#3910,.F.);
#5224=ORIENTED_EDGE('',*,*,#3969,.T.);
#5225=ORIENTED_EDGE('',*,*,#3731,.T.);
#5226=ORIENTED_EDGE('',*,*,#3969,.F.);
#5227=ORIENTED_EDGE('',*,*,#3909,.F.);
#5228=ORIENTED_EDGE('',*,*,#3945,.F.);
#5229=ORIENTED_EDGE('',*,*,#3866,.F.);
#5230=ORIENTED_EDGE('',*,*,#3874,.F.);
#5231=ORIENTED_EDGE('',*,*,#3891,.F.);
#5232=ORIENTED_EDGE('',*,*,#3901,.T.);
#5233=ORIENTED_EDGE('',*,*,#3813,.F.);
#5234=ORIENTED_EDGE('',*,*,#3829,.T.);
#5235=ORIENTED_EDGE('',*,*,#3905,.T.);
#5236=ORIENTED_EDGE('',*,*,#3970,.F.);
#5237=ORIENTED_EDGE('',*,*,#3812,.F.);
#5238=ORIENTED_EDGE('',*,*,#3970,.T.);
#5239=ORIENTED_EDGE('',*,*,#3904,.T.);
#5240=ORIENTED_EDGE('',*,*,#3830,.F.);
#5241=ORIENTED_EDGE('',*,*,#3835,.F.);
#5242=ORIENTED_EDGE('',*,*,#3752,.T.);
#5243=ORIENTED_EDGE('',*,*,#3971,.T.);
#5244=ORIENTED_EDGE('',*,*,#3836,.F.);
#5245=ORIENTED_EDGE('',*,*,#3971,.F.);
#5246=ORIENTED_EDGE('',*,*,#3751,.T.);
#5247=ORIENTED_EDGE('',*,*,#3961,.F.);
#5248=ORIENTED_EDGE('',*,*,#3972,.F.);
#5249=ORIENTED_EDGE('',*,*,#3837,.F.);
#5250=ORIENTED_EDGE('',*,*,#3972,.T.);
#5251=ORIENTED_EDGE('',*,*,#3951,.T.);
#5252=ORIENTED_EDGE('',*,*,#3840,.F.);
#5253=ORIENTED_EDGE('',*,*,#3784,.F.);
#5254=ORIENTED_EDGE('',*,*,#3964,.F.);
#5255=ORIENTED_EDGE('',*,*,#3973,.F.);
#5256=ORIENTED_EDGE('',*,*,#3841,.F.);
#5257=ORIENTED_EDGE('',*,*,#3973,.T.);
#5258=ORIENTED_EDGE('',*,*,#3974,.T.);
#5259=ORIENTED_EDGE('',*,*,#3842,.F.);
#5260=ORIENTED_EDGE('',*,*,#3974,.F.);
#5261=ORIENTED_EDGE('',*,*,#3962,.T.);
#5262=ORIENTED_EDGE('',*,*,#3724,.T.);
#5263=ORIENTED_EDGE('',*,*,#3975,.F.);
#5264=ORIENTED_EDGE('',*,*,#3843,.F.);
#5265=ORIENTED_EDGE('',*,*,#3975,.T.);
#5266=ORIENTED_EDGE('',*,*,#3723,.T.);
#5267=ORIENTED_EDGE('',*,*,#3976,.T.);
#5268=ORIENTED_EDGE('',*,*,#3977,.T.);
#5269=ORIENTED_EDGE('',*,*,#3978,.T.);
#5270=ORIENTED_EDGE('',*,*,#3977,.F.);
#5271=ORIENTED_EDGE('',*,*,#3979,.F.);
#5272=ORIENTED_EDGE('',*,*,#3980,.F.);
#5273=ORIENTED_EDGE('',*,*,#3981,.F.);
#5274=ORIENTED_EDGE('',*,*,#3982,.F.);
#5275=ORIENTED_EDGE('',*,*,#3978,.F.);
#5276=ORIENTED_EDGE('',*,*,#3983,.F.);
#5277=ORIENTED_EDGE('',*,*,#3984,.T.);
#5278=ORIENTED_EDGE('',*,*,#3976,.F.);
#5279=ORIENTED_EDGE('',*,*,#3984,.F.);
#5280=ORIENTED_EDGE('',*,*,#3985,.T.);
#5281=ORIENTED_EDGE('',*,*,#3986,.T.);
#5282=ORIENTED_EDGE('',*,*,#3987,.T.);
#5283=ORIENTED_EDGE('',*,*,#3988,.T.);
#5284=ORIENTED_EDGE('',*,*,#3989,.T.);
#5285=ORIENTED_EDGE('',*,*,#3990,.T.);
#5286=ORIENTED_EDGE('',*,*,#3991,.T.);
#5287=ORIENTED_EDGE('',*,*,#3986,.F.);
#5288=ORIENTED_EDGE('',*,*,#3992,.T.);
#5289=ORIENTED_EDGE('',*,*,#3990,.F.);
#5290=ORIENTED_EDGE('',*,*,#3993,.T.);
#5291=ORIENTED_EDGE('',*,*,#3994,.T.);
#5292=ORIENTED_EDGE('',*,*,#3995,.T.);
#5293=ORIENTED_EDGE('',*,*,#3988,.F.);
#5294=ORIENTED_EDGE('',*,*,#3996,.T.);
#5295=ORIENTED_EDGE('',*,*,#3994,.F.);
#5296=ORIENTED_EDGE('',*,*,#3996,.F.);
#5297=ORIENTED_EDGE('',*,*,#3997,.T.);
#5298=ORIENTED_EDGE('',*,*,#3979,.T.);
#5299=ORIENTED_EDGE('',*,*,#3998,.F.);
#5300=ORIENTED_EDGE('',*,*,#3987,.F.);
#5301=ORIENTED_EDGE('',*,*,#3999,.T.);
#5302=ORIENTED_EDGE('',*,*,#3980,.T.);
#5303=ORIENTED_EDGE('',*,*,#3997,.F.);
#5304=ORIENTED_EDGE('',*,*,#4000,.T.);
#5305=ORIENTED_EDGE('',*,*,#4001,.T.);
#5306=ORIENTED_EDGE('',*,*,#4002,.T.);
#5307=ORIENTED_EDGE('',*,*,#4003,.T.);
#5308=ORIENTED_EDGE('',*,*,#4004,.T.);
#5309=ORIENTED_EDGE('',*,*,#4005,.T.);
#5310=ORIENTED_EDGE('',*,*,#3985,.F.);
#5311=ORIENTED_EDGE('',*,*,#3995,.F.);
#5312=ORIENTED_EDGE('',*,*,#3993,.F.);
#5313=ORIENTED_EDGE('',*,*,#3989,.F.);
#5314=ORIENTED_EDGE('',*,*,#3991,.F.);
#5315=ORIENTED_EDGE('',*,*,#4006,.T.);
#5316=ORIENTED_EDGE('',*,*,#3981,.T.);
#5317=ORIENTED_EDGE('',*,*,#3999,.F.);
#5318=ORIENTED_EDGE('',*,*,#3992,.F.);
#5319=ORIENTED_EDGE('',*,*,#3998,.T.);
#5320=ORIENTED_EDGE('',*,*,#3982,.T.);
#5321=ORIENTED_EDGE('',*,*,#4006,.F.);
#5322=ORIENTED_EDGE('',*,*,#4007,.T.);
#5323=ORIENTED_EDGE('',*,*,#4008,.T.);
#5324=ORIENTED_EDGE('',*,*,#4009,.T.);
#5325=ORIENTED_EDGE('',*,*,#4010,.T.);
#5326=ORIENTED_EDGE('',*,*,#4008,.F.);
#5327=ORIENTED_EDGE('',*,*,#4010,.F.);
#5328=ORIENTED_EDGE('',*,*,#4011,.T.);
#5329=ORIENTED_EDGE('',*,*,#4012,.F.);
#5330=ORIENTED_EDGE('',*,*,#4013,.F.);
#5331=ORIENTED_EDGE('',*,*,#4011,.F.);
#5332=ORIENTED_EDGE('',*,*,#4009,.F.);
#5333=ORIENTED_EDGE('',*,*,#4014,.T.);
#5334=ORIENTED_EDGE('',*,*,#4015,.T.);
#5335=ORIENTED_EDGE('',*,*,#4016,.F.);
#5336=ORIENTED_EDGE('',*,*,#4017,.F.);
#5337=ORIENTED_EDGE('',*,*,#4018,.T.);
#5338=ORIENTED_EDGE('',*,*,#4019,.T.);
#5339=ORIENTED_EDGE('',*,*,#4020,.T.);
#5340=ORIENTED_EDGE('',*,*,#4021,.T.);
#5341=ORIENTED_EDGE('',*,*,#4022,.T.);
#5342=ORIENTED_EDGE('',*,*,#4023,.T.);
#5343=ORIENTED_EDGE('',*,*,#4024,.T.);
#5344=ORIENTED_EDGE('',*,*,#4025,.T.);
#5345=ORIENTED_EDGE('',*,*,#4026,.T.);
#5346=ORIENTED_EDGE('',*,*,#4027,.T.);
#5347=ORIENTED_EDGE('',*,*,#4028,.T.);
#5348=ORIENTED_EDGE('',*,*,#4029,.T.);
#5349=ORIENTED_EDGE('',*,*,#4007,.F.);
#5350=ORIENTED_EDGE('',*,*,#4030,.T.);
#5351=ORIENTED_EDGE('',*,*,#4012,.T.);
#5352=ORIENTED_EDGE('',*,*,#4013,.T.);
#5353=ORIENTED_EDGE('',*,*,#4030,.F.);
#5354=ORIENTED_EDGE('',*,*,#4031,.T.);
#5355=ORIENTED_EDGE('',*,*,#4032,.F.);
#5356=ORIENTED_EDGE('',*,*,#4033,.F.);
#5357=ORIENTED_EDGE('',*,*,#4034,.F.);
#5358=ORIENTED_EDGE('',*,*,#4035,.T.);
#5359=ORIENTED_EDGE('',*,*,#4036,.F.);
#5360=ORIENTED_EDGE('',*,*,#4037,.F.);
#5361=ORIENTED_EDGE('',*,*,#4031,.F.);
#5362=ORIENTED_EDGE('',*,*,#4038,.T.);
#5363=ORIENTED_EDGE('',*,*,#4039,.T.);
#5364=ORIENTED_EDGE('',*,*,#4040,.T.);
#5365=ORIENTED_EDGE('',*,*,#4041,.T.);
#5366=ORIENTED_EDGE('',*,*,#4042,.F.);
#5367=ORIENTED_EDGE('',*,*,#4039,.F.);
#5368=ORIENTED_EDGE('',*,*,#4043,.T.);
#5369=ORIENTED_EDGE('',*,*,#4044,.F.);
#5370=ORIENTED_EDGE('',*,*,#4045,.F.);
#5371=ORIENTED_EDGE('',*,*,#4046,.F.);
#5372=ORIENTED_EDGE('',*,*,#4047,.T.);
#5373=ORIENTED_EDGE('',*,*,#4048,.F.);
#5374=ORIENTED_EDGE('',*,*,#4049,.F.);
#5375=ORIENTED_EDGE('',*,*,#4050,.T.);
#5376=ORIENTED_EDGE('',*,*,#4051,.T.);
#5377=ORIENTED_EDGE('',*,*,#4052,.F.);
#5378=ORIENTED_EDGE('',*,*,#4053,.T.);
#5379=ORIENTED_EDGE('',*,*,#4054,.F.);
#5380=ORIENTED_EDGE('',*,*,#4055,.T.);
#5381=ORIENTED_EDGE('',*,*,#4056,.T.);
#5382=ORIENTED_EDGE('',*,*,#4057,.T.);
#5383=ORIENTED_EDGE('',*,*,#4048,.T.);
#5384=ORIENTED_EDGE('',*,*,#4057,.F.);
#5385=ORIENTED_EDGE('',*,*,#4058,.T.);
#5386=ORIENTED_EDGE('',*,*,#4059,.T.);
#5387=ORIENTED_EDGE('',*,*,#4060,.T.);
#5388=ORIENTED_EDGE('',*,*,#4059,.F.);
#5389=ORIENTED_EDGE('',*,*,#4061,.T.);
#5390=ORIENTED_EDGE('',*,*,#4062,.T.);
#5391=ORIENTED_EDGE('',*,*,#4063,.T.);
#5392=ORIENTED_EDGE('',*,*,#4062,.F.);
#5393=ORIENTED_EDGE('',*,*,#4064,.T.);
#5394=ORIENTED_EDGE('',*,*,#4065,.T.);
#5395=ORIENTED_EDGE('',*,*,#4066,.T.);
#5396=ORIENTED_EDGE('',*,*,#4065,.F.);
#5397=ORIENTED_EDGE('',*,*,#4067,.T.);
#5398=ORIENTED_EDGE('',*,*,#4068,.T.);
#5399=ORIENTED_EDGE('',*,*,#4069,.T.);
#5400=ORIENTED_EDGE('',*,*,#4068,.F.);
#5401=ORIENTED_EDGE('',*,*,#4070,.T.);
#5402=ORIENTED_EDGE('',*,*,#4071,.T.);
#5403=ORIENTED_EDGE('',*,*,#4072,.T.);
#5404=ORIENTED_EDGE('',*,*,#4071,.F.);
#5405=ORIENTED_EDGE('',*,*,#4073,.T.);
#5406=ORIENTED_EDGE('',*,*,#4074,.T.);
#5407=ORIENTED_EDGE('',*,*,#4075,.T.);
#5408=ORIENTED_EDGE('',*,*,#4074,.F.);
#5409=ORIENTED_EDGE('',*,*,#4076,.T.);
#5410=ORIENTED_EDGE('',*,*,#4077,.T.);
#5411=ORIENTED_EDGE('',*,*,#4078,.T.);
#5412=ORIENTED_EDGE('',*,*,#4079,.T.);
#5413=ORIENTED_EDGE('',*,*,#4052,.T.);
#5414=ORIENTED_EDGE('',*,*,#4077,.F.);
#5415=ORIENTED_EDGE('',*,*,#4080,.T.);
#5416=ORIENTED_EDGE('',*,*,#4080,.F.);
#5417=ORIENTED_EDGE('',*,*,#4076,.F.);
#5418=ORIENTED_EDGE('',*,*,#4073,.F.);
#5419=ORIENTED_EDGE('',*,*,#4070,.F.);
#5420=ORIENTED_EDGE('',*,*,#4067,.F.);
#5421=ORIENTED_EDGE('',*,*,#4064,.F.);
#5422=ORIENTED_EDGE('',*,*,#4061,.F.);
#5423=ORIENTED_EDGE('',*,*,#4058,.F.);
#5424=ORIENTED_EDGE('',*,*,#4056,.F.);
#5425=ORIENTED_EDGE('',*,*,#4081,.T.);
#5426=ORIENTED_EDGE('',*,*,#4019,.F.);
#5427=ORIENTED_EDGE('',*,*,#4082,.F.);
#5428=ORIENTED_EDGE('',*,*,#4083,.F.);
#5429=ORIENTED_EDGE('',*,*,#4084,.T.);
#5430=ORIENTED_EDGE('',*,*,#4085,.F.);
#5431=ORIENTED_EDGE('',*,*,#4086,.F.);
#5432=ORIENTED_EDGE('',*,*,#4087,.F.);
#5433=ORIENTED_EDGE('',*,*,#4088,.F.);
#5434=ORIENTED_EDGE('',*,*,#4089,.F.);
#5435=ORIENTED_EDGE('',*,*,#4090,.F.);
#5436=ORIENTED_EDGE('',*,*,#4015,.F.);
#5437=ORIENTED_EDGE('',*,*,#4091,.T.);
#5438=ORIENTED_EDGE('',*,*,#4092,.T.);
#5439=ORIENTED_EDGE('',*,*,#4093,.T.);
#5440=ORIENTED_EDGE('',*,*,#4094,.T.);
#5441=ORIENTED_EDGE('',*,*,#4093,.F.);
#5442=ORIENTED_EDGE('',*,*,#4095,.F.);
#5443=ORIENTED_EDGE('',*,*,#4096,.T.);
#5444=ORIENTED_EDGE('',*,*,#4097,.F.);
#5445=ORIENTED_EDGE('',*,*,#4098,.T.);
#5446=ORIENTED_EDGE('',*,*,#4099,.T.);
#5447=ORIENTED_EDGE('',*,*,#4100,.T.);
#5448=ORIENTED_EDGE('',*,*,#4101,.T.);
#5449=ORIENTED_EDGE('',*,*,#4102,.T.);
#5450=ORIENTED_EDGE('',*,*,#4103,.T.);
#5451=ORIENTED_EDGE('',*,*,#4104,.T.);
#5452=ORIENTED_EDGE('',*,*,#4105,.T.);
#5453=ORIENTED_EDGE('',*,*,#4106,.T.);
#5454=ORIENTED_EDGE('',*,*,#4107,.T.);
#5455=ORIENTED_EDGE('',*,*,#4108,.T.);
#5456=ORIENTED_EDGE('',*,*,#4109,.T.);
#5457=ORIENTED_EDGE('',*,*,#4110,.T.);
#5458=ORIENTED_EDGE('',*,*,#4111,.T.);
#5459=ORIENTED_EDGE('',*,*,#4112,.T.);
#5460=ORIENTED_EDGE('',*,*,#4113,.T.);
#5461=ORIENTED_EDGE('',*,*,#4114,.T.);
#5462=ORIENTED_EDGE('',*,*,#4115,.T.);
#5463=ORIENTED_EDGE('',*,*,#4116,.T.);
#5464=ORIENTED_EDGE('',*,*,#4117,.T.);
#5465=ORIENTED_EDGE('',*,*,#4118,.T.);
#5466=ORIENTED_EDGE('',*,*,#4119,.T.);
#5467=ORIENTED_EDGE('',*,*,#4120,.T.);
#5468=ORIENTED_EDGE('',*,*,#4121,.T.);
#5469=ORIENTED_EDGE('',*,*,#4122,.T.);
#5470=ORIENTED_EDGE('',*,*,#4123,.T.);
#5471=ORIENTED_EDGE('',*,*,#4124,.T.);
#5472=ORIENTED_EDGE('',*,*,#4125,.T.);
#5473=ORIENTED_EDGE('',*,*,#4126,.T.);
#5474=ORIENTED_EDGE('',*,*,#4127,.T.);
#5475=ORIENTED_EDGE('',*,*,#4128,.F.);
#5476=ORIENTED_EDGE('',*,*,#4129,.T.);
#5477=ORIENTED_EDGE('',*,*,#4130,.F.);
#5478=ORIENTED_EDGE('',*,*,#4131,.F.);
#5479=ORIENTED_EDGE('',*,*,#4132,.F.);
#5480=ORIENTED_EDGE('',*,*,#4133,.F.);
#5481=ORIENTED_EDGE('',*,*,#4134,.F.);
#5482=ORIENTED_EDGE('',*,*,#4135,.F.);
#5483=ORIENTED_EDGE('',*,*,#4136,.F.);
#5484=ORIENTED_EDGE('',*,*,#4137,.F.);
#5485=ORIENTED_EDGE('',*,*,#4138,.F.);
#5486=ORIENTED_EDGE('',*,*,#4139,.F.);
#5487=ORIENTED_EDGE('',*,*,#4140,.F.);
#5488=ORIENTED_EDGE('',*,*,#4141,.F.);
#5489=ORIENTED_EDGE('',*,*,#4142,.F.);
#5490=ORIENTED_EDGE('',*,*,#4143,.F.);
#5491=ORIENTED_EDGE('',*,*,#4144,.F.);
#5492=ORIENTED_EDGE('',*,*,#4145,.F.);
#5493=ORIENTED_EDGE('',*,*,#4092,.F.);
#5494=ORIENTED_EDGE('',*,*,#4146,.T.);
#5495=ORIENTED_EDGE('',*,*,#4147,.T.);
#5496=ORIENTED_EDGE('',*,*,#4094,.F.);
#5497=ORIENTED_EDGE('',*,*,#4147,.F.);
#5498=ORIENTED_EDGE('',*,*,#4144,.T.);
#5499=ORIENTED_EDGE('',*,*,#4148,.T.);
#5500=ORIENTED_EDGE('',*,*,#4149,.T.);
#5501=ORIENTED_EDGE('',*,*,#4148,.F.);
#5502=ORIENTED_EDGE('',*,*,#4150,.T.);
#5503=ORIENTED_EDGE('',*,*,#4151,.T.);
#5504=ORIENTED_EDGE('',*,*,#4149,.F.);
#5505=ORIENTED_EDGE('',*,*,#4151,.F.);
#5506=ORIENTED_EDGE('',*,*,#4145,.T.);
#5507=ORIENTED_EDGE('',*,*,#4152,.T.);
#5508=ORIENTED_EDGE('',*,*,#4153,.T.);
#5509=ORIENTED_EDGE('',*,*,#4152,.F.);
#5510=ORIENTED_EDGE('',*,*,#4154,.T.);
#5511=ORIENTED_EDGE('',*,*,#4155,.T.);
#5512=ORIENTED_EDGE('',*,*,#4153,.F.);
#5513=ORIENTED_EDGE('',*,*,#4155,.F.);
#5514=ORIENTED_EDGE('',*,*,#4154,.F.);
#5515=ORIENTED_EDGE('',*,*,#4150,.F.);
#5516=ORIENTED_EDGE('',*,*,#4146,.F.);
#5517=ORIENTED_EDGE('',*,*,#4156,.T.);
#5518=ORIENTED_EDGE('',*,*,#4157,.T.);
#5519=ORIENTED_EDGE('',*,*,#4158,.T.);
#5520=ORIENTED_EDGE('',*,*,#4159,.T.);
#5521=ORIENTED_EDGE('',*,*,#4160,.T.);
#5522=ORIENTED_EDGE('',*,*,#4161,.T.);
#5523=ORIENTED_EDGE('',*,*,#4158,.F.);
#5524=ORIENTED_EDGE('',*,*,#4162,.T.);
#5525=ORIENTED_EDGE('',*,*,#4163,.T.);
#5526=ORIENTED_EDGE('',*,*,#4164,.T.);
#5527=ORIENTED_EDGE('',*,*,#4160,.F.);
#5528=ORIENTED_EDGE('',*,*,#4165,.T.);
#5529=ORIENTED_EDGE('',*,*,#4166,.T.);
#5530=ORIENTED_EDGE('',*,*,#4167,.T.);
#5531=ORIENTED_EDGE('',*,*,#4163,.F.);
#5532=ORIENTED_EDGE('',*,*,#4168,.T.);
#5533=ORIENTED_EDGE('',*,*,#4169,.T.);
#5534=ORIENTED_EDGE('',*,*,#4170,.T.);
#5535=ORIENTED_EDGE('',*,*,#4166,.F.);
#5536=ORIENTED_EDGE('',*,*,#4171,.T.);
#5537=ORIENTED_EDGE('',*,*,#4172,.T.);
#5538=ORIENTED_EDGE('',*,*,#4169,.F.);
#5539=ORIENTED_EDGE('',*,*,#4173,.T.);
#5540=ORIENTED_EDGE('',*,*,#4174,.T.);
#5541=ORIENTED_EDGE('',*,*,#4175,.T.);
#5542=ORIENTED_EDGE('',*,*,#4176,.T.);
#5543=ORIENTED_EDGE('',*,*,#4037,.T.);
#5544=ORIENTED_EDGE('',*,*,#4177,.T.);
#5545=ORIENTED_EDGE('',*,*,#4174,.F.);
#5546=ORIENTED_EDGE('',*,*,#4178,.T.);
#5547=ORIENTED_EDGE('',*,*,#4032,.T.);
#5548=ORIENTED_EDGE('',*,*,#4176,.F.);
#5549=ORIENTED_EDGE('',*,*,#4179,.T.);
#5550=ORIENTED_EDGE('',*,*,#4178,.F.);
#5551=ORIENTED_EDGE('',*,*,#4180,.T.);
#5552=ORIENTED_EDGE('',*,*,#4181,.T.);
#5553=ORIENTED_EDGE('',*,*,#4182,.T.);
#5554=ORIENTED_EDGE('',*,*,#4156,.F.);
#5555=ORIENTED_EDGE('',*,*,#4183,.T.);
#5556=ORIENTED_EDGE('',*,*,#4181,.F.);
#5557=ORIENTED_EDGE('',*,*,#4184,.T.);
#5558=ORIENTED_EDGE('',*,*,#4171,.F.);
#5559=ORIENTED_EDGE('',*,*,#4185,.F.);
#5560=ORIENTED_EDGE('',*,*,#4186,.F.);
#5561=ORIENTED_EDGE('',*,*,#4187,.T.);
#5562=ORIENTED_EDGE('',*,*,#4168,.F.);
#5563=ORIENTED_EDGE('',*,*,#4188,.F.);
#5564=ORIENTED_EDGE('',*,*,#4189,.F.);
#5565=ORIENTED_EDGE('',*,*,#4185,.T.);
#5566=ORIENTED_EDGE('',*,*,#4165,.F.);
#5567=ORIENTED_EDGE('',*,*,#4190,.F.);
#5568=ORIENTED_EDGE('',*,*,#4191,.F.);
#5569=ORIENTED_EDGE('',*,*,#4188,.T.);
#5570=ORIENTED_EDGE('',*,*,#4162,.F.);
#5571=ORIENTED_EDGE('',*,*,#4192,.F.);
#5572=ORIENTED_EDGE('',*,*,#4193,.F.);
#5573=ORIENTED_EDGE('',*,*,#4190,.T.);
#5574=ORIENTED_EDGE('',*,*,#4157,.F.);
#5575=ORIENTED_EDGE('',*,*,#4194,.F.);
#5576=ORIENTED_EDGE('',*,*,#4195,.F.);
#5577=ORIENTED_EDGE('',*,*,#4192,.T.);
#5578=ORIENTED_EDGE('',*,*,#4182,.F.);
#5579=ORIENTED_EDGE('',*,*,#4183,.F.);
#5580=ORIENTED_EDGE('',*,*,#4159,.F.);
#5581=ORIENTED_EDGE('',*,*,#4161,.F.);
#5582=ORIENTED_EDGE('',*,*,#4164,.F.);
#5583=ORIENTED_EDGE('',*,*,#4167,.F.);
#5584=ORIENTED_EDGE('',*,*,#4170,.F.);
#5585=ORIENTED_EDGE('',*,*,#4172,.F.);
#5586=ORIENTED_EDGE('',*,*,#4177,.F.);
#5587=ORIENTED_EDGE('',*,*,#4036,.T.);
#5588=ORIENTED_EDGE('',*,*,#4196,.T.);
#5589=ORIENTED_EDGE('',*,*,#4197,.T.);
#5590=ORIENTED_EDGE('',*,*,#4033,.T.);
#5591=ORIENTED_EDGE('',*,*,#4198,.T.);
#5592=ORIENTED_EDGE('',*,*,#4199,.T.);
#5593=ORIENTED_EDGE('',*,*,#4200,.T.);
#5594=ORIENTED_EDGE('',*,*,#4195,.T.);
#5595=ORIENTED_EDGE('',*,*,#4201,.T.);
#5596=ORIENTED_EDGE('',*,*,#4193,.T.);
#5597=ORIENTED_EDGE('',*,*,#4200,.F.);
#5598=ORIENTED_EDGE('',*,*,#4202,.T.);
#5599=ORIENTED_EDGE('',*,*,#4203,.T.);
#5600=ORIENTED_EDGE('',*,*,#4191,.T.);
#5601=ORIENTED_EDGE('',*,*,#4201,.F.);
#5602=ORIENTED_EDGE('',*,*,#4204,.T.);
#5603=ORIENTED_EDGE('',*,*,#4205,.T.);
#5604=ORIENTED_EDGE('',*,*,#4189,.T.);
#5605=ORIENTED_EDGE('',*,*,#4203,.F.);
#5606=ORIENTED_EDGE('',*,*,#4206,.T.);
#5607=ORIENTED_EDGE('',*,*,#4207,.T.);
#5608=ORIENTED_EDGE('',*,*,#4186,.T.);
#5609=ORIENTED_EDGE('',*,*,#4205,.F.);
#5610=ORIENTED_EDGE('',*,*,#4208,.T.);
#5611=ORIENTED_EDGE('',*,*,#4209,.T.);
#5612=ORIENTED_EDGE('',*,*,#4210,.T.);
#5613=ORIENTED_EDGE('',*,*,#4207,.F.);
#5614=ORIENTED_EDGE('',*,*,#4211,.T.);
#5615=ORIENTED_EDGE('',*,*,#4212,.T.);
#5616=ORIENTED_EDGE('',*,*,#4213,.T.);
#5617=ORIENTED_EDGE('',*,*,#4209,.F.);
#5618=ORIENTED_EDGE('',*,*,#4214,.T.);
#5619=ORIENTED_EDGE('',*,*,#4198,.F.);
#5620=ORIENTED_EDGE('',*,*,#4215,.T.);
#5621=ORIENTED_EDGE('',*,*,#4212,.F.);
#5622=ORIENTED_EDGE('',*,*,#4216,.T.);
#5623=ORIENTED_EDGE('',*,*,#4173,.F.);
#5624=ORIENTED_EDGE('',*,*,#4187,.F.);
#5625=ORIENTED_EDGE('',*,*,#4210,.F.);
#5626=ORIENTED_EDGE('',*,*,#4217,.T.);
#5627=ORIENTED_EDGE('',*,*,#4175,.F.);
#5628=ORIENTED_EDGE('',*,*,#4179,.F.);
#5629=ORIENTED_EDGE('',*,*,#4217,.F.);
#5630=ORIENTED_EDGE('',*,*,#4213,.F.);
#5631=ORIENTED_EDGE('',*,*,#4218,.T.);
#5632=ORIENTED_EDGE('',*,*,#4180,.F.);
#5633=ORIENTED_EDGE('',*,*,#4184,.F.);
#5634=ORIENTED_EDGE('',*,*,#4218,.F.);
#5635=ORIENTED_EDGE('',*,*,#4215,.F.);
#5636=ORIENTED_EDGE('',*,*,#4194,.T.);
#5637=ORIENTED_EDGE('',*,*,#4199,.F.);
#5638=ORIENTED_EDGE('',*,*,#4216,.F.);
#5639=ORIENTED_EDGE('',*,*,#4214,.F.);
#5640=ORIENTED_EDGE('',*,*,#4211,.F.);
#5641=ORIENTED_EDGE('',*,*,#4208,.F.);
#5642=ORIENTED_EDGE('',*,*,#4206,.F.);
#5643=ORIENTED_EDGE('',*,*,#4204,.F.);
#5644=ORIENTED_EDGE('',*,*,#4202,.F.);
#5645=ORIENTED_EDGE('',*,*,#4219,.T.);
#5646=ORIENTED_EDGE('',*,*,#4220,.T.);
#5647=ORIENTED_EDGE('',*,*,#4221,.T.);
#5648=ORIENTED_EDGE('',*,*,#4222,.T.);
#5649=ORIENTED_EDGE('',*,*,#4223,.T.);
#5650=ORIENTED_EDGE('',*,*,#4224,.T.);
#5651=ORIENTED_EDGE('',*,*,#4225,.T.);
#5652=ORIENTED_EDGE('',*,*,#4226,.T.);
#5653=ORIENTED_EDGE('',*,*,#4227,.F.);
#5654=ORIENTED_EDGE('',*,*,#4027,.F.);
#5655=ORIENTED_EDGE('',*,*,#4228,.T.);
#5656=ORIENTED_EDGE('',*,*,#4223,.F.);
#5657=ORIENTED_EDGE('',*,*,#4229,.F.);
#5658=ORIENTED_EDGE('',*,*,#4028,.F.);
#5659=ORIENTED_EDGE('',*,*,#4227,.T.);
#5660=ORIENTED_EDGE('',*,*,#4222,.F.);
#5661=ORIENTED_EDGE('',*,*,#4230,.F.);
#5662=ORIENTED_EDGE('',*,*,#4029,.F.);
#5663=ORIENTED_EDGE('',*,*,#4229,.T.);
#5664=ORIENTED_EDGE('',*,*,#4221,.F.);
#5665=ORIENTED_EDGE('',*,*,#4231,.F.);
#5666=ORIENTED_EDGE('',*,*,#4022,.F.);
#5667=ORIENTED_EDGE('',*,*,#4230,.T.);
#5668=ORIENTED_EDGE('',*,*,#4220,.F.);
#5669=ORIENTED_EDGE('',*,*,#4232,.T.);
#5670=ORIENTED_EDGE('',*,*,#4233,.T.);
#5671=ORIENTED_EDGE('',*,*,#4054,.T.);
#5672=ORIENTED_EDGE('',*,*,#4234,.T.);
#5673=ORIENTED_EDGE('',*,*,#4235,.T.);
#5674=ORIENTED_EDGE('',*,*,#4236,.F.);
#5675=ORIENTED_EDGE('',*,*,#4044,.T.);
#5676=ORIENTED_EDGE('',*,*,#4237,.T.);
#5677=ORIENTED_EDGE('',*,*,#4238,.T.);
#5678=ORIENTED_EDGE('',*,*,#4228,.F.);
#5679=ORIENTED_EDGE('',*,*,#4026,.F.);
#5680=ORIENTED_EDGE('',*,*,#4239,.T.);
#5681=ORIENTED_EDGE('',*,*,#4224,.F.);
#5682=ORIENTED_EDGE('',*,*,#4239,.F.);
#5683=ORIENTED_EDGE('',*,*,#4025,.F.);
#5684=ORIENTED_EDGE('',*,*,#4240,.T.);
#5685=ORIENTED_EDGE('',*,*,#4225,.F.);
#5686=ORIENTED_EDGE('',*,*,#4240,.F.);
#5687=ORIENTED_EDGE('',*,*,#4024,.F.);
#5688=ORIENTED_EDGE('',*,*,#4241,.T.);
#5689=ORIENTED_EDGE('',*,*,#4226,.F.);
#5690=ORIENTED_EDGE('',*,*,#4241,.F.);
#5691=ORIENTED_EDGE('',*,*,#4023,.F.);
#5692=ORIENTED_EDGE('',*,*,#4231,.T.);
#5693=ORIENTED_EDGE('',*,*,#4219,.F.);
#5694=ORIENTED_EDGE('',*,*,#4041,.F.);
#5695=ORIENTED_EDGE('',*,*,#4242,.T.);
#5696=ORIENTED_EDGE('',*,*,#4243,.F.);
#5697=ORIENTED_EDGE('',*,*,#4084,.F.);
#5698=ORIENTED_EDGE('',*,*,#4244,.F.);
#5699=ORIENTED_EDGE('',*,*,#4245,.F.);
#5700=ORIENTED_EDGE('',*,*,#4083,.T.);
#5701=ORIENTED_EDGE('',*,*,#4246,.F.);
#5702=ORIENTED_EDGE('',*,*,#4247,.F.);
#5703=ORIENTED_EDGE('',*,*,#4248,.F.);
#5704=ORIENTED_EDGE('',*,*,#4082,.T.);
#5705=ORIENTED_EDGE('',*,*,#4018,.F.);
#5706=ORIENTED_EDGE('',*,*,#4249,.F.);
#5707=ORIENTED_EDGE('',*,*,#4246,.T.);
#5708=ORIENTED_EDGE('',*,*,#4043,.F.);
#5709=ORIENTED_EDGE('',*,*,#4038,.F.);
#5710=ORIENTED_EDGE('',*,*,#4242,.F.);
#5711=ORIENTED_EDGE('',*,*,#4040,.F.);
#5712=ORIENTED_EDGE('',*,*,#4042,.T.);
#5713=ORIENTED_EDGE('',*,*,#4233,.F.);
#5714=ORIENTED_EDGE('',*,*,#4250,.T.);
#5715=ORIENTED_EDGE('',*,*,#4251,.F.);
#5716=ORIENTED_EDGE('',*,*,#4250,.F.);
#5717=ORIENTED_EDGE('',*,*,#4232,.F.);
#5718=ORIENTED_EDGE('',*,*,#4252,.F.);
#5719=ORIENTED_EDGE('',*,*,#4237,.F.);
#5720=ORIENTED_EDGE('',*,*,#4253,.F.);
#5721=ORIENTED_EDGE('',*,*,#4045,.T.);
#5722=ORIENTED_EDGE('',*,*,#4236,.T.);
#5723=ORIENTED_EDGE('',*,*,#4254,.F.);
#5724=ORIENTED_EDGE('',*,*,#4255,.F.);
#5725=ORIENTED_EDGE('',*,*,#4256,.T.);
#5726=ORIENTED_EDGE('',*,*,#4255,.T.);
#5727=ORIENTED_EDGE('',*,*,#4257,.F.);
#5728=ORIENTED_EDGE('',*,*,#4258,.F.);
#5729=ORIENTED_EDGE('',*,*,#4259,.T.);
#5730=ORIENTED_EDGE('',*,*,#4258,.T.);
#5731=ORIENTED_EDGE('',*,*,#4260,.F.);
#5732=ORIENTED_EDGE('',*,*,#4234,.F.);
#5733=ORIENTED_EDGE('',*,*,#4053,.F.);
#5734=ORIENTED_EDGE('',*,*,#4079,.F.);
#5735=ORIENTED_EDGE('',*,*,#4091,.F.);
#5736=ORIENTED_EDGE('',*,*,#4014,.F.);
#5737=ORIENTED_EDGE('',*,*,#4261,.T.);
#5738=ORIENTED_EDGE('',*,*,#4020,.F.);
#5739=ORIENTED_EDGE('',*,*,#4081,.F.);
#5740=ORIENTED_EDGE('',*,*,#4055,.F.);
#5741=ORIENTED_EDGE('',*,*,#4047,.F.);
#5742=ORIENTED_EDGE('',*,*,#4046,.T.);
#5743=ORIENTED_EDGE('',*,*,#4253,.T.);
#5744=ORIENTED_EDGE('',*,*,#4256,.F.);
#5745=ORIENTED_EDGE('',*,*,#4259,.F.);
#5746=ORIENTED_EDGE('',*,*,#4021,.F.);
#5747=ORIENTED_EDGE('',*,*,#4261,.F.);
#5748=ORIENTED_EDGE('',*,*,#4251,.T.);
#5749=ORIENTED_EDGE('',*,*,#4235,.F.);
#5750=ORIENTED_EDGE('',*,*,#4260,.T.);
#5751=ORIENTED_EDGE('',*,*,#4257,.T.);
#5752=ORIENTED_EDGE('',*,*,#4254,.T.);
#5753=ORIENTED_EDGE('',*,*,#4238,.F.);
#5754=ORIENTED_EDGE('',*,*,#4252,.T.);
#5755=ORIENTED_EDGE('',*,*,#4262,.F.);
#5756=ORIENTED_EDGE('',*,*,#4263,.F.);
#5757=ORIENTED_EDGE('',*,*,#4264,.T.);
#5758=ORIENTED_EDGE('',*,*,#4265,.T.);
#5759=ORIENTED_EDGE('',*,*,#4266,.F.);
#5760=ORIENTED_EDGE('',*,*,#4265,.F.);
#5761=ORIENTED_EDGE('',*,*,#4267,.F.);
#5762=ORIENTED_EDGE('',*,*,#4268,.F.);
#5763=ORIENTED_EDGE('',*,*,#4269,.F.);
#5764=ORIENTED_EDGE('',*,*,#4270,.F.);
#5765=ORIENTED_EDGE('',*,*,#4271,.F.);
#5766=ORIENTED_EDGE('',*,*,#4272,.F.);
#5767=ORIENTED_EDGE('',*,*,#4273,.T.);
#5768=ORIENTED_EDGE('',*,*,#4263,.T.);
#5769=ORIENTED_EDGE('',*,*,#4274,.F.);
#5770=ORIENTED_EDGE('',*,*,#4267,.T.);
#5771=ORIENTED_EDGE('',*,*,#4264,.F.);
#5772=ORIENTED_EDGE('',*,*,#4273,.F.);
#5773=ORIENTED_EDGE('',*,*,#4275,.F.);
#5774=ORIENTED_EDGE('',*,*,#4276,.F.);
#5775=ORIENTED_EDGE('',*,*,#4277,.F.);
#5776=ORIENTED_EDGE('',*,*,#4278,.T.);
#5777=ORIENTED_EDGE('',*,*,#4279,.F.);
#5778=ORIENTED_EDGE('',*,*,#4278,.F.);
#5779=ORIENTED_EDGE('',*,*,#4280,.T.);
#5780=ORIENTED_EDGE('',*,*,#4281,.T.);
#5781=ORIENTED_EDGE('',*,*,#4282,.F.);
#5782=ORIENTED_EDGE('',*,*,#4281,.F.);
#5783=ORIENTED_EDGE('',*,*,#4283,.T.);
#5784=ORIENTED_EDGE('',*,*,#4284,.F.);
#5785=ORIENTED_EDGE('',*,*,#4285,.F.);
#5786=ORIENTED_EDGE('',*,*,#4286,.F.);
#5787=ORIENTED_EDGE('',*,*,#4287,.F.);
#5788=ORIENTED_EDGE('',*,*,#4288,.F.);
#5789=ORIENTED_EDGE('',*,*,#4289,.F.);
#5790=ORIENTED_EDGE('',*,*,#4276,.T.);
#5791=ORIENTED_EDGE('',*,*,#4280,.F.);
#5792=ORIENTED_EDGE('',*,*,#4277,.T.);
#5793=ORIENTED_EDGE('',*,*,#4289,.T.);
#5794=ORIENTED_EDGE('',*,*,#4290,.F.);
#5795=ORIENTED_EDGE('',*,*,#4283,.F.);
#5796=ORIENTED_EDGE('',*,*,#4270,.T.);
#5797=ORIENTED_EDGE('',*,*,#4262,.T.);
#5798=ORIENTED_EDGE('',*,*,#4266,.T.);
#5799=ORIENTED_EDGE('',*,*,#4291,.F.);
#5800=ORIENTED_EDGE('',*,*,#4292,.F.);
#5801=ORIENTED_EDGE('',*,*,#4293,.F.);
#5802=ORIENTED_EDGE('',*,*,#4050,.F.);
#5803=ORIENTED_EDGE('',*,*,#4294,.F.);
#5804=ORIENTED_EDGE('',*,*,#4295,.F.);
#5805=ORIENTED_EDGE('',*,*,#4296,.F.);
#5806=ORIENTED_EDGE('',*,*,#4297,.T.);
#5807=ORIENTED_EDGE('',*,*,#4298,.T.);
#5808=ORIENTED_EDGE('',*,*,#4299,.T.);
#5809=ORIENTED_EDGE('',*,*,#4300,.T.);
#5810=ORIENTED_EDGE('',*,*,#4301,.T.);
#5811=ORIENTED_EDGE('',*,*,#4302,.T.);
#5812=ORIENTED_EDGE('',*,*,#4303,.T.);
#5813=ORIENTED_EDGE('',*,*,#4304,.T.);
#5814=ORIENTED_EDGE('',*,*,#4305,.T.);
#5815=ORIENTED_EDGE('',*,*,#4306,.T.);
#5816=ORIENTED_EDGE('',*,*,#4307,.T.);
#5817=ORIENTED_EDGE('',*,*,#4308,.T.);
#5818=ORIENTED_EDGE('',*,*,#4309,.T.);
#5819=ORIENTED_EDGE('',*,*,#4310,.T.);
#5820=ORIENTED_EDGE('',*,*,#4311,.T.);
#5821=ORIENTED_EDGE('',*,*,#4312,.T.);
#5822=ORIENTED_EDGE('',*,*,#4269,.T.);
#5823=ORIENTED_EDGE('',*,*,#4313,.T.);
#5824=ORIENTED_EDGE('',*,*,#4314,.T.);
#5825=ORIENTED_EDGE('',*,*,#4291,.T.);
#5826=ORIENTED_EDGE('',*,*,#4286,.T.);
#5827=ORIENTED_EDGE('',*,*,#4275,.T.);
#5828=ORIENTED_EDGE('',*,*,#4279,.T.);
#5829=ORIENTED_EDGE('',*,*,#4282,.T.);
#5830=ORIENTED_EDGE('',*,*,#4315,.F.);
#5831=ORIENTED_EDGE('',*,*,#4316,.F.);
#5832=ORIENTED_EDGE('',*,*,#4317,.F.);
#5833=ORIENTED_EDGE('',*,*,#4318,.F.);
#5834=ORIENTED_EDGE('',*,*,#4319,.F.);
#5835=ORIENTED_EDGE('',*,*,#4320,.F.);
#5836=ORIENTED_EDGE('',*,*,#4321,.F.);
#5837=ORIENTED_EDGE('',*,*,#4322,.F.);
#5838=ORIENTED_EDGE('',*,*,#4323,.F.);
#5839=ORIENTED_EDGE('',*,*,#4324,.T.);
#5840=ORIENTED_EDGE('',*,*,#4325,.T.);
#5841=ORIENTED_EDGE('',*,*,#4326,.T.);
#5842=ORIENTED_EDGE('',*,*,#4327,.T.);
#5843=ORIENTED_EDGE('',*,*,#4328,.T.);
#5844=ORIENTED_EDGE('',*,*,#4329,.T.);
#5845=ORIENTED_EDGE('',*,*,#4330,.T.);
#5846=ORIENTED_EDGE('',*,*,#4331,.T.);
#5847=ORIENTED_EDGE('',*,*,#4332,.T.);
#5848=ORIENTED_EDGE('',*,*,#4333,.T.);
#5849=ORIENTED_EDGE('',*,*,#4334,.T.);
#5850=ORIENTED_EDGE('',*,*,#4335,.T.);
#5851=ORIENTED_EDGE('',*,*,#4336,.T.);
#5852=ORIENTED_EDGE('',*,*,#4337,.T.);
#5853=ORIENTED_EDGE('',*,*,#4338,.T.);
#5854=ORIENTED_EDGE('',*,*,#4339,.T.);
#5855=ORIENTED_EDGE('',*,*,#4285,.T.);
#5856=ORIENTED_EDGE('',*,*,#4340,.T.);
#5857=ORIENTED_EDGE('',*,*,#4341,.T.);
#5858=ORIENTED_EDGE('',*,*,#4315,.T.);
#5859=ORIENTED_EDGE('',*,*,#4342,.T.);
#5860=ORIENTED_EDGE('',*,*,#4343,.T.);
#5861=ORIENTED_EDGE('',*,*,#3983,.T.);
#5862=ORIENTED_EDGE('',*,*,#4343,.F.);
#5863=ORIENTED_EDGE('',*,*,#4344,.T.);
#5864=ORIENTED_EDGE('',*,*,#4345,.T.);
#5865=ORIENTED_EDGE('',*,*,#4346,.T.);
#5866=ORIENTED_EDGE('',*,*,#4347,.T.);
#5867=ORIENTED_EDGE('',*,*,#4348,.T.);
#5868=ORIENTED_EDGE('',*,*,#4349,.T.);
#5869=ORIENTED_EDGE('',*,*,#4350,.T.);
#5870=ORIENTED_EDGE('',*,*,#4351,.T.);
#5871=ORIENTED_EDGE('',*,*,#4352,.T.);
#5872=ORIENTED_EDGE('',*,*,#4353,.T.);
#5873=ORIENTED_EDGE('',*,*,#4354,.T.);
#5874=ORIENTED_EDGE('',*,*,#4355,.T.);
#5875=ORIENTED_EDGE('',*,*,#4356,.T.);
#5876=ORIENTED_EDGE('',*,*,#4357,.T.);
#5877=ORIENTED_EDGE('',*,*,#4358,.T.);
#5878=ORIENTED_EDGE('',*,*,#4359,.T.);
#5879=ORIENTED_EDGE('',*,*,#4342,.F.);
#5880=ORIENTED_EDGE('',*,*,#4271,.T.);
#5881=ORIENTED_EDGE('',*,*,#4296,.T.);
#5882=ORIENTED_EDGE('',*,*,#4360,.T.);
#5883=ORIENTED_EDGE('',*,*,#4361,.T.);
#5884=ORIENTED_EDGE('',*,*,#4362,.T.);
#5885=ORIENTED_EDGE('',*,*,#4322,.T.);
#5886=ORIENTED_EDGE('',*,*,#4363,.T.);
#5887=ORIENTED_EDGE('',*,*,#4364,.T.);
#5888=ORIENTED_EDGE('',*,*,#4287,.T.);
#5889=ORIENTED_EDGE('',*,*,#4323,.T.);
#5890=ORIENTED_EDGE('',*,*,#4362,.F.);
#5891=ORIENTED_EDGE('',*,*,#4365,.T.);
#5892=ORIENTED_EDGE('',*,*,#4341,.F.);
#5893=ORIENTED_EDGE('',*,*,#4366,.T.);
#5894=ORIENTED_EDGE('',*,*,#4367,.T.);
#5895=ORIENTED_EDGE('',*,*,#4316,.T.);
#5896=ORIENTED_EDGE('',*,*,#4368,.T.);
#5897=ORIENTED_EDGE('',*,*,#4140,.T.);
#5898=ORIENTED_EDGE('',*,*,#4369,.T.);
#5899=ORIENTED_EDGE('',*,*,#4247,.T.);
#5900=ORIENTED_EDGE('',*,*,#4370,.T.);
#5901=ORIENTED_EDGE('',*,*,#4141,.T.);
#5902=ORIENTED_EDGE('',*,*,#4368,.F.);
#5903=ORIENTED_EDGE('',*,*,#4249,.T.);
#5904=ORIENTED_EDGE('',*,*,#4371,.T.);
#5905=ORIENTED_EDGE('',*,*,#4142,.T.);
#5906=ORIENTED_EDGE('',*,*,#4370,.F.);
#5907=ORIENTED_EDGE('',*,*,#4017,.T.);
#5908=ORIENTED_EDGE('',*,*,#4372,.T.);
#5909=ORIENTED_EDGE('',*,*,#4143,.T.);
#5910=ORIENTED_EDGE('',*,*,#4371,.F.);
#5911=ORIENTED_EDGE('',*,*,#4373,.T.);
#5912=ORIENTED_EDGE('',*,*,#4374,.T.);
#5913=ORIENTED_EDGE('',*,*,#4095,.T.);
#5914=ORIENTED_EDGE('',*,*,#4372,.F.);
#5915=ORIENTED_EDGE('',*,*,#4375,.T.);
#5916=ORIENTED_EDGE('',*,*,#4376,.T.);
#5917=ORIENTED_EDGE('',*,*,#4135,.T.);
#5918=ORIENTED_EDGE('',*,*,#4377,.T.);
#5919=ORIENTED_EDGE('',*,*,#4378,.T.);
#5920=ORIENTED_EDGE('',*,*,#4376,.F.);
#5921=ORIENTED_EDGE('',*,*,#4379,.T.);
#5922=ORIENTED_EDGE('',*,*,#4380,.T.);
#5923=ORIENTED_EDGE('',*,*,#4136,.T.);
#5924=ORIENTED_EDGE('',*,*,#4381,.T.);
#5925=ORIENTED_EDGE('',*,*,#4137,.T.);
#5926=ORIENTED_EDGE('',*,*,#4380,.F.);
#5927=ORIENTED_EDGE('',*,*,#4382,.T.);
#5928=ORIENTED_EDGE('',*,*,#4381,.F.);
#5929=ORIENTED_EDGE('',*,*,#4383,.T.);
#5930=ORIENTED_EDGE('',*,*,#4384,.T.);
#5931=ORIENTED_EDGE('',*,*,#4138,.T.);
#5932=ORIENTED_EDGE('',*,*,#4385,.T.);
#5933=ORIENTED_EDGE('',*,*,#4139,.T.);
#5934=ORIENTED_EDGE('',*,*,#4384,.F.);
#5935=ORIENTED_EDGE('',*,*,#4386,.T.);
#5936=ORIENTED_EDGE('',*,*,#4387,.T.);
#5937=ORIENTED_EDGE('',*,*,#4134,.T.);
#5938=ORIENTED_EDGE('',*,*,#4388,.T.);
#5939=ORIENTED_EDGE('',*,*,#4389,.T.);
#5940=ORIENTED_EDGE('',*,*,#4388,.F.);
#5941=ORIENTED_EDGE('',*,*,#4133,.T.);
#5942=ORIENTED_EDGE('',*,*,#4390,.T.);
#5943=ORIENTED_EDGE('',*,*,#4391,.T.);
#5944=ORIENTED_EDGE('',*,*,#4390,.F.);
#5945=ORIENTED_EDGE('',*,*,#4132,.T.);
#5946=ORIENTED_EDGE('',*,*,#4392,.T.);
#5947=ORIENTED_EDGE('',*,*,#4393,.T.);
#5948=ORIENTED_EDGE('',*,*,#4392,.F.);
#5949=ORIENTED_EDGE('',*,*,#4131,.T.);
#5950=ORIENTED_EDGE('',*,*,#4394,.T.);
#5951=ORIENTED_EDGE('',*,*,#4395,.T.);
#5952=ORIENTED_EDGE('',*,*,#4396,.T.);
#5953=ORIENTED_EDGE('',*,*,#4397,.T.);
#5954=ORIENTED_EDGE('',*,*,#4394,.F.);
#5955=ORIENTED_EDGE('',*,*,#4130,.T.);
#5956=ORIENTED_EDGE('',*,*,#4387,.F.);
#5957=ORIENTED_EDGE('',*,*,#4398,.T.);
#5958=ORIENTED_EDGE('',*,*,#4377,.F.);
#5959=ORIENTED_EDGE('',*,*,#4385,.F.);
#5960=ORIENTED_EDGE('',*,*,#4399,.T.);
#5961=ORIENTED_EDGE('',*,*,#4369,.F.);
#5962=ORIENTED_EDGE('',*,*,#4090,.T.);
#5963=ORIENTED_EDGE('',*,*,#4400,.F.);
#5964=ORIENTED_EDGE('',*,*,#4373,.F.);
#5965=ORIENTED_EDGE('',*,*,#4016,.T.);
#5966=ORIENTED_EDGE('',*,*,#4399,.F.);
#5967=ORIENTED_EDGE('',*,*,#4401,.T.);
#5968=ORIENTED_EDGE('',*,*,#4402,.F.);
#5969=ORIENTED_EDGE('',*,*,#4244,.T.);
#5970=ORIENTED_EDGE('',*,*,#4248,.T.);
#5971=ORIENTED_EDGE('',*,*,#4386,.F.);
#5972=ORIENTED_EDGE('',*,*,#4403,.F.);
#5973=ORIENTED_EDGE('',*,*,#4003,.F.);
#5974=ORIENTED_EDGE('',*,*,#4404,.T.);
#5975=ORIENTED_EDGE('',*,*,#4401,.F.);
#5976=ORIENTED_EDGE('',*,*,#4383,.F.);
#5977=ORIENTED_EDGE('',*,*,#4405,.T.);
#5978=ORIENTED_EDGE('',*,*,#4004,.F.);
#5979=ORIENTED_EDGE('',*,*,#4403,.T.);
#5980=ORIENTED_EDGE('',*,*,#4374,.F.);
#5981=ORIENTED_EDGE('',*,*,#4406,.F.);
#5982=ORIENTED_EDGE('',*,*,#4396,.F.);
#5983=ORIENTED_EDGE('',*,*,#4129,.F.);
#5984=ORIENTED_EDGE('',*,*,#4407,.F.);
#5985=ORIENTED_EDGE('',*,*,#4096,.F.);
#5986=ORIENTED_EDGE('',*,*,#4382,.F.);
#5987=ORIENTED_EDGE('',*,*,#4408,.F.);
#5988=ORIENTED_EDGE('',*,*,#4005,.F.);
#5989=ORIENTED_EDGE('',*,*,#4405,.F.);
#5990=ORIENTED_EDGE('',*,*,#4089,.T.);
#5991=ORIENTED_EDGE('',*,*,#4409,.F.);
#5992=ORIENTED_EDGE('',*,*,#4397,.F.);
#5993=ORIENTED_EDGE('',*,*,#4406,.T.);
#5994=ORIENTED_EDGE('',*,*,#4375,.F.);
#5995=ORIENTED_EDGE('',*,*,#4400,.T.);
#5996=ORIENTED_EDGE('',*,*,#4379,.F.);
#5997=ORIENTED_EDGE('',*,*,#4410,.T.);
#5998=ORIENTED_EDGE('',*,*,#4000,.F.);
#5999=ORIENTED_EDGE('',*,*,#4408,.T.);
#6000=ORIENTED_EDGE('',*,*,#4378,.F.);
#6001=ORIENTED_EDGE('',*,*,#4411,.F.);
#6002=ORIENTED_EDGE('',*,*,#4412,.F.);
#6003=ORIENTED_EDGE('',*,*,#4001,.F.);
#6004=ORIENTED_EDGE('',*,*,#4410,.F.);
#6005=ORIENTED_EDGE('',*,*,#4398,.F.);
#6006=ORIENTED_EDGE('',*,*,#4413,.T.);
#6007=ORIENTED_EDGE('',*,*,#4243,.T.);
#6008=ORIENTED_EDGE('',*,*,#4414,.F.);
#6009=ORIENTED_EDGE('',*,*,#4411,.T.);
#6010=ORIENTED_EDGE('',*,*,#4085,.T.);
#6011=ORIENTED_EDGE('',*,*,#4413,.F.);
#6012=ORIENTED_EDGE('',*,*,#4389,.F.);
#6013=ORIENTED_EDGE('',*,*,#4415,.T.);
#6014=ORIENTED_EDGE('',*,*,#4416,.T.);
#6015=ORIENTED_EDGE('',*,*,#4414,.T.);
#6016=ORIENTED_EDGE('',*,*,#4245,.T.);
#6017=ORIENTED_EDGE('',*,*,#4402,.T.);
#6018=ORIENTED_EDGE('',*,*,#4416,.F.);
#6019=ORIENTED_EDGE('',*,*,#4404,.F.);
#6020=ORIENTED_EDGE('',*,*,#4002,.F.);
#6021=ORIENTED_EDGE('',*,*,#4412,.T.);
#6022=ORIENTED_EDGE('',*,*,#4417,.F.);
#6023=ORIENTED_EDGE('',*,*,#4418,.F.);
#6024=ORIENTED_EDGE('',*,*,#4419,.T.);
#6025=ORIENTED_EDGE('',*,*,#4098,.F.);
#6026=ORIENTED_EDGE('',*,*,#4420,.F.);
#6027=ORIENTED_EDGE('',*,*,#4421,.F.);
#6028=ORIENTED_EDGE('',*,*,#4422,.T.);
#6029=ORIENTED_EDGE('',*,*,#4418,.T.);
#6030=ORIENTED_EDGE('',*,*,#4423,.F.);
#6031=ORIENTED_EDGE('',*,*,#4424,.F.);
#6032=ORIENTED_EDGE('',*,*,#4421,.T.);
#6033=ORIENTED_EDGE('',*,*,#4425,.F.);
#6034=ORIENTED_EDGE('',*,*,#4426,.F.);
#6035=ORIENTED_EDGE('',*,*,#4427,.T.);
#6036=ORIENTED_EDGE('',*,*,#4424,.T.);
#6037=ORIENTED_EDGE('',*,*,#4428,.F.);
#6038=ORIENTED_EDGE('',*,*,#4429,.F.);
#6039=ORIENTED_EDGE('',*,*,#4426,.T.);
#6040=ORIENTED_EDGE('',*,*,#4086,.T.);
#6041=ORIENTED_EDGE('',*,*,#4415,.F.);
#6042=ORIENTED_EDGE('',*,*,#4391,.F.);
#6043=ORIENTED_EDGE('',*,*,#4430,.T.);
#6044=ORIENTED_EDGE('',*,*,#4087,.T.);
#6045=ORIENTED_EDGE('',*,*,#4430,.F.);
#6046=ORIENTED_EDGE('',*,*,#4393,.F.);
#6047=ORIENTED_EDGE('',*,*,#4431,.T.);
#6048=ORIENTED_EDGE('',*,*,#4088,.T.);
#6049=ORIENTED_EDGE('',*,*,#4431,.F.);
#6050=ORIENTED_EDGE('',*,*,#4395,.F.);
#6051=ORIENTED_EDGE('',*,*,#4409,.T.);
#6052=ORIENTED_EDGE('',*,*,#4063,.F.);
#6053=ORIENTED_EDGE('',*,*,#4432,.F.);
#6054=ORIENTED_EDGE('',*,*,#4317,.T.);
#6055=ORIENTED_EDGE('',*,*,#4367,.F.);
#6056=ORIENTED_EDGE('',*,*,#4433,.T.);
#6057=ORIENTED_EDGE('',*,*,#4434,.F.);
#6058=ORIENTED_EDGE('',*,*,#4435,.F.);
#6059=ORIENTED_EDGE('',*,*,#4360,.F.);
#6060=ORIENTED_EDGE('',*,*,#4295,.T.);
#6061=ORIENTED_EDGE('',*,*,#4436,.T.);
#6062=ORIENTED_EDGE('',*,*,#4066,.F.);
#6063=ORIENTED_EDGE('',*,*,#4437,.F.);
#6064=ORIENTED_EDGE('',*,*,#4318,.T.);
#6065=ORIENTED_EDGE('',*,*,#4432,.T.);
#6066=ORIENTED_EDGE('',*,*,#4069,.F.);
#6067=ORIENTED_EDGE('',*,*,#4438,.F.);
#6068=ORIENTED_EDGE('',*,*,#4319,.T.);
#6069=ORIENTED_EDGE('',*,*,#4437,.T.);
#6070=ORIENTED_EDGE('',*,*,#4072,.F.);
#6071=ORIENTED_EDGE('',*,*,#4439,.F.);
#6072=ORIENTED_EDGE('',*,*,#4320,.T.);
#6073=ORIENTED_EDGE('',*,*,#4438,.T.);
#6074=ORIENTED_EDGE('',*,*,#4440,.T.);
#6075=ORIENTED_EDGE('',*,*,#4441,.T.);
#6076=ORIENTED_EDGE('',*,*,#4442,.T.);
#6077=ORIENTED_EDGE('',*,*,#4442,.F.);
#6078=ORIENTED_EDGE('',*,*,#4443,.T.);
#6079=ORIENTED_EDGE('',*,*,#4444,.T.);
#6080=ORIENTED_EDGE('',*,*,#4445,.T.);
#6081=ORIENTED_EDGE('',*,*,#4446,.T.);
#6082=ORIENTED_EDGE('',*,*,#4447,.T.);
#6083=ORIENTED_EDGE('',*,*,#4448,.T.);
#6084=ORIENTED_EDGE('',*,*,#4449,.T.);
#6085=ORIENTED_EDGE('',*,*,#4450,.T.);
#6086=ORIENTED_EDGE('',*,*,#4451,.T.);
#6087=ORIENTED_EDGE('',*,*,#4447,.F.);
#6088=ORIENTED_EDGE('',*,*,#4451,.F.);
#6089=ORIENTED_EDGE('',*,*,#4452,.T.);
#6090=ORIENTED_EDGE('',*,*,#4453,.T.);
#6091=ORIENTED_EDGE('',*,*,#4449,.F.);
#6092=ORIENTED_EDGE('',*,*,#4446,.F.);
#6093=ORIENTED_EDGE('',*,*,#4454,.T.);
#6094=ORIENTED_EDGE('',*,*,#4455,.T.);
#6095=ORIENTED_EDGE('',*,*,#4456,.T.);
#6096=ORIENTED_EDGE('',*,*,#4457,.T.);
#6097=ORIENTED_EDGE('',*,*,#4458,.T.);
#6098=ORIENTED_EDGE('',*,*,#4459,.T.);
#6099=ORIENTED_EDGE('',*,*,#4460,.T.);
#6100=ORIENTED_EDGE('',*,*,#4461,.T.);
#6101=ORIENTED_EDGE('',*,*,#4462,.T.);
#6102=ORIENTED_EDGE('',*,*,#4463,.T.);
#6103=ORIENTED_EDGE('',*,*,#4459,.F.);
#6104=ORIENTED_EDGE('',*,*,#4464,.T.);
#6105=ORIENTED_EDGE('',*,*,#4460,.F.);
#6106=ORIENTED_EDGE('',*,*,#4465,.T.);
#6107=ORIENTED_EDGE('',*,*,#4466,.T.);
#6108=ORIENTED_EDGE('',*,*,#4467,.T.);
#6109=ORIENTED_EDGE('',*,*,#4468,.T.);
#6110=ORIENTED_EDGE('',*,*,#4469,.T.);
#6111=ORIENTED_EDGE('',*,*,#4100,.F.);
#6112=ORIENTED_EDGE('',*,*,#4470,.T.);
#6113=ORIENTED_EDGE('',*,*,#4471,.T.);
#6114=ORIENTED_EDGE('',*,*,#4472,.T.);
#6115=ORIENTED_EDGE('',*,*,#4473,.T.);
#6116=ORIENTED_EDGE('',*,*,#4474,.T.);
#6117=ORIENTED_EDGE('',*,*,#4456,.F.);
#6118=ORIENTED_EDGE('',*,*,#4475,.T.);
#6119=ORIENTED_EDGE('',*,*,#4476,.T.);
#6120=ORIENTED_EDGE('',*,*,#4477,.T.);
#6121=ORIENTED_EDGE('',*,*,#4478,.T.);
#6122=ORIENTED_EDGE('',*,*,#4479,.T.);
#6123=ORIENTED_EDGE('',*,*,#4480,.T.);
#6124=ORIENTED_EDGE('',*,*,#4481,.T.);
#6125=ORIENTED_EDGE('',*,*,#4482,.T.);
#6126=ORIENTED_EDGE('',*,*,#4483,.T.);
#6127=ORIENTED_EDGE('',*,*,#4484,.T.);
#6128=ORIENTED_EDGE('',*,*,#4485,.T.);
#6129=ORIENTED_EDGE('',*,*,#4486,.T.);
#6130=ORIENTED_EDGE('',*,*,#4427,.F.);
#6131=ORIENTED_EDGE('',*,*,#4469,.F.);
#6132=ORIENTED_EDGE('',*,*,#4487,.T.);
#6133=ORIENTED_EDGE('',*,*,#4488,.T.);
#6134=ORIENTED_EDGE('',*,*,#4489,.T.);
#6135=ORIENTED_EDGE('',*,*,#4490,.T.);
#6136=ORIENTED_EDGE('',*,*,#4491,.T.);
#6137=ORIENTED_EDGE('',*,*,#4121,.F.);
#6138=ORIENTED_EDGE('',*,*,#4492,.T.);
#6139=ORIENTED_EDGE('',*,*,#4493,.T.);
#6140=ORIENTED_EDGE('',*,*,#4123,.F.);
#6141=ORIENTED_EDGE('',*,*,#4494,.T.);
#6142=ORIENTED_EDGE('',*,*,#4495,.T.);
#6143=ORIENTED_EDGE('',*,*,#4099,.F.);
#6144=ORIENTED_EDGE('',*,*,#4419,.F.);
#6145=ORIENTED_EDGE('',*,*,#4470,.F.);
#6146=ORIENTED_EDGE('',*,*,#4496,.T.);
#6147=ORIENTED_EDGE('',*,*,#4034,.T.);
#6148=ORIENTED_EDGE('',*,*,#4497,.T.);
#6149=ORIENTED_EDGE('',*,*,#4443,.F.);
#6150=ORIENTED_EDGE('',*,*,#4126,.F.);
#6151=ORIENTED_EDGE('',*,*,#4498,.T.);
#6152=ORIENTED_EDGE('',*,*,#4499,.F.);
#6153=ORIENTED_EDGE('',*,*,#4500,.T.);
#6154=ORIENTED_EDGE('',*,*,#4485,.F.);
#6155=ORIENTED_EDGE('',*,*,#4501,.T.);
#6156=ORIENTED_EDGE('',*,*,#4502,.T.);
#6157=ORIENTED_EDGE('',*,*,#4503,.T.);
#6158=ORIENTED_EDGE('',*,*,#4347,.F.);
#6159=ORIENTED_EDGE('',*,*,#4504,.T.);
#6160=ORIENTED_EDGE('',*,*,#4476,.F.);
#6161=ORIENTED_EDGE('',*,*,#4505,.T.);
#6162=ORIENTED_EDGE('',*,*,#4506,.T.);
#6163=ORIENTED_EDGE('',*,*,#4434,.T.);
#6164=ORIENTED_EDGE('',*,*,#4507,.T.);
#6165=ORIENTED_EDGE('',*,*,#4508,.T.);
#6166=ORIENTED_EDGE('',*,*,#4509,.T.);
#6167=ORIENTED_EDGE('',*,*,#4457,.F.);
#6168=ORIENTED_EDGE('',*,*,#4510,.T.);
#6169=ORIENTED_EDGE('',*,*,#4511,.T.);
#6170=ORIENTED_EDGE('',*,*,#4465,.F.);
#6171=ORIENTED_EDGE('',*,*,#4463,.F.);
#6172=ORIENTED_EDGE('',*,*,#4512,.T.);
#6173=ORIENTED_EDGE('',*,*,#4125,.F.);
#6174=ORIENTED_EDGE('',*,*,#4513,.T.);
#6175=ORIENTED_EDGE('',*,*,#4467,.F.);
#6176=ORIENTED_EDGE('',*,*,#4498,.F.);
#6177=ORIENTED_EDGE('',*,*,#4480,.F.);
#6178=ORIENTED_EDGE('',*,*,#4196,.F.);
#6179=ORIENTED_EDGE('',*,*,#4471,.F.);
#6180=ORIENTED_EDGE('',*,*,#4514,.T.);
#6181=ORIENTED_EDGE('',*,*,#4490,.F.);
#6182=ORIENTED_EDGE('',*,*,#4473,.F.);
#6183=ORIENTED_EDGE('',*,*,#4197,.F.);
#6184=ORIENTED_EDGE('',*,*,#4515,.T.);
#6185=ORIENTED_EDGE('',*,*,#4475,.F.);
#6186=ORIENTED_EDGE('',*,*,#4120,.F.);
#6187=ORIENTED_EDGE('',*,*,#4516,.T.);
#6188=ORIENTED_EDGE('',*,*,#4492,.F.);
#6189=ORIENTED_EDGE('',*,*,#4422,.F.);
#6190=ORIENTED_EDGE('',*,*,#4486,.F.);
#6191=ORIENTED_EDGE('',*,*,#4478,.F.);
#6192=ORIENTED_EDGE('',*,*,#4515,.F.);
#6193=ORIENTED_EDGE('',*,*,#4479,.F.);
#6194=ORIENTED_EDGE('',*,*,#4500,.F.);
#6195=ORIENTED_EDGE('',*,*,#4517,.T.);
#6196=ORIENTED_EDGE('',*,*,#4502,.F.);
#6197=ORIENTED_EDGE('',*,*,#4482,.F.);
#6198=ORIENTED_EDGE('',*,*,#4483,.F.);
#6199=ORIENTED_EDGE('',*,*,#4501,.F.);
#6200=ORIENTED_EDGE('',*,*,#4487,.F.);
#6201=ORIENTED_EDGE('',*,*,#4488,.F.);
#6202=ORIENTED_EDGE('',*,*,#4484,.F.);
#6203=ORIENTED_EDGE('',*,*,#4518,.F.);
#6204=ORIENTED_EDGE('',*,*,#4491,.F.);
#6205=ORIENTED_EDGE('',*,*,#4481,.F.);
#6206=ORIENTED_EDGE('',*,*,#4468,.F.);
#6207=ORIENTED_EDGE('',*,*,#4122,.F.);
#6208=ORIENTED_EDGE('',*,*,#4493,.F.);
#6209=ORIENTED_EDGE('',*,*,#4489,.F.);
#6210=ORIENTED_EDGE('',*,*,#4494,.F.);
#6211=ORIENTED_EDGE('',*,*,#4519,.T.);
#6212=ORIENTED_EDGE('',*,*,#4520,.T.);
#6213=ORIENTED_EDGE('',*,*,#4521,.T.);
#6214=ORIENTED_EDGE('',*,*,#4522,.T.);
#6215=ORIENTED_EDGE('',*,*,#4477,.F.);
#6216=ORIENTED_EDGE('',*,*,#4519,.F.);
#6217=ORIENTED_EDGE('',*,*,#4523,.T.);
#6218=ORIENTED_EDGE('',*,*,#4524,.F.);
#6219=ORIENTED_EDGE('',*,*,#4525,.T.);
#6220=ORIENTED_EDGE('',*,*,#4526,.T.);
#6221=ORIENTED_EDGE('',*,*,#4527,.T.);
#6222=ORIENTED_EDGE('',*,*,#4528,.T.);
#6223=ORIENTED_EDGE('',*,*,#4528,.F.);
#6224=ORIENTED_EDGE('',*,*,#4529,.T.);
#6225=ORIENTED_EDGE('',*,*,#4530,.T.);
#6226=ORIENTED_EDGE('',*,*,#4525,.F.);
#6227=ORIENTED_EDGE('',*,*,#4354,.F.);
#6228=ORIENTED_EDGE('',*,*,#4531,.T.);
#6229=ORIENTED_EDGE('',*,*,#4356,.F.);
#6230=ORIENTED_EDGE('',*,*,#4532,.T.);
#6231=ORIENTED_EDGE('',*,*,#4533,.T.);
#6232=ORIENTED_EDGE('',*,*,#4534,.T.);
#6233=ORIENTED_EDGE('',*,*,#4535,.T.);
#6234=ORIENTED_EDGE('',*,*,#4536,.T.);
#6235=ORIENTED_EDGE('',*,*,#4532,.F.);
#6236=ORIENTED_EDGE('',*,*,#4537,.F.);
#6237=ORIENTED_EDGE('',*,*,#4538,.T.);
#6238=ORIENTED_EDGE('',*,*,#4539,.T.);
#6239=ORIENTED_EDGE('',*,*,#4540,.T.);
#6240=ORIENTED_EDGE('',*,*,#4541,.T.);
#6241=ORIENTED_EDGE('',*,*,#4542,.T.);
#6242=ORIENTED_EDGE('',*,*,#4543,.T.);
#6243=ORIENTED_EDGE('',*,*,#4544,.T.);
#6244=ORIENTED_EDGE('',*,*,#4545,.T.);
#6245=ORIENTED_EDGE('',*,*,#4357,.F.);
#6246=ORIENTED_EDGE('',*,*,#4546,.T.);
#6247=ORIENTED_EDGE('',*,*,#4547,.T.);
#6248=ORIENTED_EDGE('',*,*,#4548,.T.);
#6249=ORIENTED_EDGE('',*,*,#4549,.T.);
#6250=ORIENTED_EDGE('',*,*,#4550,.T.);
#6251=ORIENTED_EDGE('',*,*,#4551,.T.);
#6252=ORIENTED_EDGE('',*,*,#4521,.F.);
#6253=ORIENTED_EDGE('',*,*,#4539,.F.);
#6254=ORIENTED_EDGE('',*,*,#4552,.T.);
#6255=ORIENTED_EDGE('',*,*,#4553,.T.);
#6256=ORIENTED_EDGE('',*,*,#4554,.T.);
#6257=ORIENTED_EDGE('',*,*,#4555,.T.);
#6258=ORIENTED_EDGE('',*,*,#4556,.T.);
#6259=ORIENTED_EDGE('',*,*,#4557,.T.);
#6260=ORIENTED_EDGE('',*,*,#4558,.T.);
#6261=ORIENTED_EDGE('',*,*,#4559,.T.);
#6262=ORIENTED_EDGE('',*,*,#4353,.F.);
#6263=ORIENTED_EDGE('',*,*,#4560,.T.);
#6264=ORIENTED_EDGE('',*,*,#4561,.T.);
#6265=ORIENTED_EDGE('',*,*,#4556,.F.);
#6266=ORIENTED_EDGE('',*,*,#4562,.T.);
#6267=ORIENTED_EDGE('',*,*,#4563,.T.);
#6268=ORIENTED_EDGE('',*,*,#4564,.T.);
#6269=ORIENTED_EDGE('',*,*,#4565,.T.);
#6270=ORIENTED_EDGE('',*,*,#4124,.F.);
#6271=ORIENTED_EDGE('',*,*,#4495,.F.);
#6272=ORIENTED_EDGE('',*,*,#4513,.F.);
#6273=ORIENTED_EDGE('',*,*,#4566,.T.);
#6274=ORIENTED_EDGE('',*,*,#4567,.T.);
#6275=ORIENTED_EDGE('',*,*,#4503,.F.);
#6276=ORIENTED_EDGE('',*,*,#4517,.F.);
#6277=ORIENTED_EDGE('',*,*,#4568,.T.);
#6278=ORIENTED_EDGE('',*,*,#4569,.T.);
#6279=ORIENTED_EDGE('',*,*,#4546,.F.);
#6280=ORIENTED_EDGE('',*,*,#4534,.F.);
#6281=ORIENTED_EDGE('',*,*,#4570,.T.);
#6282=ORIENTED_EDGE('',*,*,#4571,.T.);
#6283=ORIENTED_EDGE('',*,*,#4535,.F.);
#6284=ORIENTED_EDGE('',*,*,#4533,.F.);
#6285=ORIENTED_EDGE('',*,*,#4536,.F.);
#6286=ORIENTED_EDGE('',*,*,#4571,.F.);
#6287=ORIENTED_EDGE('',*,*,#4572,.F.);
#6288=ORIENTED_EDGE('',*,*,#4572,.T.);
#6289=ORIENTED_EDGE('',*,*,#4570,.F.);
#6290=ORIENTED_EDGE('',*,*,#4529,.F.);
#6291=ORIENTED_EDGE('',*,*,#4527,.F.);
#6292=ORIENTED_EDGE('',*,*,#4573,.F.);
#6293=ORIENTED_EDGE('',*,*,#4573,.T.);
#6294=ORIENTED_EDGE('',*,*,#4526,.F.);
#6295=ORIENTED_EDGE('',*,*,#4530,.F.);
#6296=ORIENTED_EDGE('',*,*,#4574,.T.);
#6297=ORIENTED_EDGE('',*,*,#4574,.F.);
#6298=ORIENTED_EDGE('',*,*,#4548,.F.);
#6299=ORIENTED_EDGE('',*,*,#4575,.T.);
#6300=ORIENTED_EDGE('',*,*,#4448,.F.);
#6301=ORIENTED_EDGE('',*,*,#4576,.T.);
#6302=ORIENTED_EDGE('',*,*,#4543,.F.);
#6303=ORIENTED_EDGE('',*,*,#4453,.F.);
#6304=ORIENTED_EDGE('',*,*,#4577,.T.);
#6305=ORIENTED_EDGE('',*,*,#4549,.F.);
#6306=ORIENTED_EDGE('',*,*,#4578,.T.);
#6307=ORIENTED_EDGE('',*,*,#4579,.T.);
#6308=ORIENTED_EDGE('',*,*,#4580,.T.);
#6309=ORIENTED_EDGE('',*,*,#4581,.T.);
#6310=ORIENTED_EDGE('',*,*,#4582,.T.);
#6311=ORIENTED_EDGE('',*,*,#4445,.F.);
#6312=ORIENTED_EDGE('',*,*,#4575,.F.);
#6313=ORIENTED_EDGE('',*,*,#4583,.T.);
#6314=ORIENTED_EDGE('',*,*,#4584,.T.);
#6315=ORIENTED_EDGE('',*,*,#4585,.T.);
#6316=ORIENTED_EDGE('',*,*,#4586,.T.);
#6317=ORIENTED_EDGE('',*,*,#4550,.F.);
#6318=ORIENTED_EDGE('',*,*,#4587,.T.);
#6319=ORIENTED_EDGE('',*,*,#4588,.T.);
#6320=ORIENTED_EDGE('',*,*,#4569,.F.);
#6321=ORIENTED_EDGE('',*,*,#4589,.T.);
#6322=ORIENTED_EDGE('',*,*,#4590,.T.);
#6323=ORIENTED_EDGE('',*,*,#4551,.F.);
#6324=ORIENTED_EDGE('',*,*,#4591,.T.);
#6325=ORIENTED_EDGE('',*,*,#4592,.T.);
#6326=ORIENTED_EDGE('',*,*,#4593,.T.);
#6327=ORIENTED_EDGE('',*,*,#4594,.T.);
#6328=ORIENTED_EDGE('',*,*,#4595,.T.);
#6329=ORIENTED_EDGE('',*,*,#4596,.T.);
#6330=ORIENTED_EDGE('',*,*,#4576,.F.);
#6331=ORIENTED_EDGE('',*,*,#4597,.T.);
#6332=ORIENTED_EDGE('',*,*,#4598,.T.);
#6333=ORIENTED_EDGE('',*,*,#4599,.T.);
#6334=ORIENTED_EDGE('',*,*,#4545,.F.);
#6335=ORIENTED_EDGE('',*,*,#4600,.T.);
#6336=ORIENTED_EDGE('',*,*,#4601,.T.);
#6337=ORIENTED_EDGE('',*,*,#4557,.F.);
#6338=ORIENTED_EDGE('',*,*,#4602,.T.);
#6339=ORIENTED_EDGE('',*,*,#4458,.F.);
#6340=ORIENTED_EDGE('',*,*,#4565,.F.);
#6341=ORIENTED_EDGE('',*,*,#4603,.T.);
#6342=ORIENTED_EDGE('',*,*,#4466,.F.);
#6343=ORIENTED_EDGE('',*,*,#4552,.F.);
#6344=ORIENTED_EDGE('',*,*,#4604,.T.);
#6345=ORIENTED_EDGE('',*,*,#4605,.T.);
#6346=ORIENTED_EDGE('',*,*,#4464,.F.);
#6347=ORIENTED_EDGE('',*,*,#4461,.F.);
#6348=ORIENTED_EDGE('',*,*,#4605,.F.);
#6349=ORIENTED_EDGE('',*,*,#4606,.T.);
#6350=ORIENTED_EDGE('',*,*,#4511,.F.);
#6351=ORIENTED_EDGE('',*,*,#4607,.T.);
#6352=ORIENTED_EDGE('',*,*,#4608,.T.);
#6353=ORIENTED_EDGE('',*,*,#4609,.T.);
#6354=ORIENTED_EDGE('',*,*,#4610,.T.);
#6355=ORIENTED_EDGE('',*,*,#4601,.F.);
#6356=ORIENTED_EDGE('',*,*,#4603,.F.);
#6357=ORIENTED_EDGE('',*,*,#4611,.T.);
#6358=ORIENTED_EDGE('',*,*,#4612,.T.);
#6359=ORIENTED_EDGE('',*,*,#4613,.T.);
#6360=ORIENTED_EDGE('',*,*,#4614,.T.);
#6361=ORIENTED_EDGE('',*,*,#4615,.T.);
#6362=ORIENTED_EDGE('',*,*,#4616,.T.);
#6363=ORIENTED_EDGE('',*,*,#4617,.T.);
#6364=ORIENTED_EDGE('',*,*,#4618,.T.);
#6365=ORIENTED_EDGE('',*,*,#4512,.F.);
#6366=ORIENTED_EDGE('',*,*,#4619,.T.);
#6367=ORIENTED_EDGE('',*,*,#4553,.F.);
#6368=ORIENTED_EDGE('',*,*,#4620,.T.);
#6369=ORIENTED_EDGE('',*,*,#4621,.T.);
#6370=ORIENTED_EDGE('',*,*,#4622,.T.);
#6371=ORIENTED_EDGE('',*,*,#4623,.T.);
#6372=ORIENTED_EDGE('',*,*,#4624,.T.);
#6373=ORIENTED_EDGE('',*,*,#4619,.F.);
#6374=ORIENTED_EDGE('',*,*,#4625,.T.);
#6375=ORIENTED_EDGE('',*,*,#4626,.T.);
#6376=ORIENTED_EDGE('',*,*,#4602,.F.);
#6377=ORIENTED_EDGE('',*,*,#4627,.T.);
#6378=ORIENTED_EDGE('',*,*,#4352,.F.);
#6379=ORIENTED_EDGE('',*,*,#4628,.T.);
#6380=ORIENTED_EDGE('',*,*,#4348,.F.);
#6381=ORIENTED_EDGE('',*,*,#4567,.F.);
#6382=ORIENTED_EDGE('',*,*,#4629,.T.);
#6383=ORIENTED_EDGE('',*,*,#4520,.F.);
#6384=ORIENTED_EDGE('',*,*,#4504,.F.);
#6385=ORIENTED_EDGE('',*,*,#4630,.T.);
#6386=ORIENTED_EDGE('',*,*,#4595,.F.);
#6387=ORIENTED_EDGE('',*,*,#4541,.F.);
#6388=ORIENTED_EDGE('',*,*,#4345,.F.);
#6389=ORIENTED_EDGE('',*,*,#4624,.F.);
#6390=ORIENTED_EDGE('',*,*,#4349,.F.);
#6391=ORIENTED_EDGE('',*,*,#4554,.F.);
#6392=ORIENTED_EDGE('',*,*,#4531,.F.);
#6393=ORIENTED_EDGE('',*,*,#4559,.F.);
#6394=ORIENTED_EDGE('',*,*,#4631,.T.);
#6395=ORIENTED_EDGE('',*,*,#4454,.F.);
#6396=ORIENTED_EDGE('',*,*,#4582,.F.);
#6397=ORIENTED_EDGE('',*,*,#4578,.F.);
#6398=ORIENTED_EDGE('',*,*,#4584,.F.);
#6399=ORIENTED_EDGE('',*,*,#4632,.T.);
#6400=ORIENTED_EDGE('',*,*,#4581,.F.);
#6401=ORIENTED_EDGE('',*,*,#4632,.F.);
#6402=ORIENTED_EDGE('',*,*,#4587,.F.);
#6403=ORIENTED_EDGE('',*,*,#4440,.F.);
#6404=ORIENTED_EDGE('',*,*,#4633,.T.);
#6405=ORIENTED_EDGE('',*,*,#4634,.T.);
#6406=ORIENTED_EDGE('',*,*,#4635,.T.);
#6407=ORIENTED_EDGE('',*,*,#4444,.F.);
#6408=ORIENTED_EDGE('',*,*,#4633,.F.);
#6409=ORIENTED_EDGE('',*,*,#4579,.F.);
#6410=ORIENTED_EDGE('',*,*,#4636,.T.);
#6411=ORIENTED_EDGE('',*,*,#4637,.T.);
#6412=ORIENTED_EDGE('',*,*,#4583,.F.);
#6413=ORIENTED_EDGE('',*,*,#4580,.F.);
#6414=ORIENTED_EDGE('',*,*,#4585,.F.);
#6415=ORIENTED_EDGE('',*,*,#4577,.F.);
#6416=ORIENTED_EDGE('',*,*,#4637,.F.);
#6417=ORIENTED_EDGE('',*,*,#4638,.T.);
#6418=ORIENTED_EDGE('',*,*,#4588,.F.);
#6419=ORIENTED_EDGE('',*,*,#4635,.F.);
#6420=ORIENTED_EDGE('',*,*,#4589,.F.);
#6421=ORIENTED_EDGE('',*,*,#4586,.F.);
#6422=ORIENTED_EDGE('',*,*,#4542,.F.);
#6423=ORIENTED_EDGE('',*,*,#4594,.F.);
#6424=ORIENTED_EDGE('',*,*,#4450,.F.);
#6425=ORIENTED_EDGE('',*,*,#4452,.F.);
#6426=ORIENTED_EDGE('',*,*,#4593,.F.);
#6427=ORIENTED_EDGE('',*,*,#4597,.F.);
#6428=ORIENTED_EDGE('',*,*,#4359,.F.);
#6429=ORIENTED_EDGE('',*,*,#4639,.T.);
#6430=ORIENTED_EDGE('',*,*,#4592,.F.);
#6431=ORIENTED_EDGE('',*,*,#4596,.F.);
#6432=ORIENTED_EDGE('',*,*,#4344,.F.);
#6433=ORIENTED_EDGE('',*,*,#4591,.F.);
#6434=ORIENTED_EDGE('',*,*,#4598,.F.);
#6435=ORIENTED_EDGE('',*,*,#4600,.F.);
#6436=ORIENTED_EDGE('',*,*,#4544,.F.);
#6437=ORIENTED_EDGE('',*,*,#4639,.F.);
#6438=ORIENTED_EDGE('',*,*,#4358,.F.);
#6439=ORIENTED_EDGE('',*,*,#4599,.F.);
#6440=ORIENTED_EDGE('',*,*,#4547,.F.);
#6441=ORIENTED_EDGE('',*,*,#4638,.F.);
#6442=ORIENTED_EDGE('',*,*,#4636,.F.);
#6443=ORIENTED_EDGE('',*,*,#4612,.F.);
#6444=ORIENTED_EDGE('',*,*,#4640,.T.);
#6445=ORIENTED_EDGE('',*,*,#4604,.F.);
#6446=ORIENTED_EDGE('',*,*,#4606,.F.);
#6447=ORIENTED_EDGE('',*,*,#4608,.F.);
#6448=ORIENTED_EDGE('',*,*,#4609,.F.);
#6449=ORIENTED_EDGE('',*,*,#4640,.F.);
#6450=ORIENTED_EDGE('',*,*,#4641,.T.);
#6451=ORIENTED_EDGE('',*,*,#4455,.F.);
#6452=ORIENTED_EDGE('',*,*,#4641,.F.);
#6453=ORIENTED_EDGE('',*,*,#4618,.F.);
#6454=ORIENTED_EDGE('',*,*,#4642,.T.);
#6455=ORIENTED_EDGE('',*,*,#4615,.F.);
#6456=ORIENTED_EDGE('',*,*,#4643,.T.);
#6457=ORIENTED_EDGE('',*,*,#4610,.F.);
#6458=ORIENTED_EDGE('',*,*,#4644,.T.);
#6459=ORIENTED_EDGE('',*,*,#4616,.F.);
#6460=ORIENTED_EDGE('',*,*,#4611,.F.);
#6461=ORIENTED_EDGE('',*,*,#4631,.F.);
#6462=ORIENTED_EDGE('',*,*,#4613,.F.);
#6463=ORIENTED_EDGE('',*,*,#4607,.F.);
#6464=ORIENTED_EDGE('',*,*,#4645,.T.);
#6465=ORIENTED_EDGE('',*,*,#4646,.T.);
#6466=ORIENTED_EDGE('',*,*,#4617,.F.);
#6467=ORIENTED_EDGE('',*,*,#4626,.F.);
#6468=ORIENTED_EDGE('',*,*,#4620,.F.);
#6469=ORIENTED_EDGE('',*,*,#4462,.F.);
#6470=ORIENTED_EDGE('',*,*,#4628,.F.);
#6471=ORIENTED_EDGE('',*,*,#4351,.F.);
#6472=ORIENTED_EDGE('',*,*,#4621,.F.);
#6473=ORIENTED_EDGE('',*,*,#4622,.F.);
#6474=ORIENTED_EDGE('',*,*,#4350,.F.);
#6475=ORIENTED_EDGE('',*,*,#4623,.F.);
#6476=ORIENTED_EDGE('',*,*,#4561,.F.);
#6477=ORIENTED_EDGE('',*,*,#4647,.T.);
#6478=ORIENTED_EDGE('',*,*,#4625,.F.);
#6479=ORIENTED_EDGE('',*,*,#4647,.F.);
#6480=ORIENTED_EDGE('',*,*,#4560,.F.);
#6481=ORIENTED_EDGE('',*,*,#4627,.F.);
#6482=ORIENTED_EDGE('',*,*,#4643,.F.);
#6483=ORIENTED_EDGE('',*,*,#4614,.F.);
#6484=ORIENTED_EDGE('',*,*,#4558,.F.);
#6485=ORIENTED_EDGE('',*,*,#4564,.F.);
#6486=ORIENTED_EDGE('',*,*,#4645,.F.);
#6487=ORIENTED_EDGE('',*,*,#4644,.F.);
#6488=ORIENTED_EDGE('',*,*,#4629,.F.);
#6489=ORIENTED_EDGE('',*,*,#4562,.F.);
#6490=ORIENTED_EDGE('',*,*,#4555,.F.);
#6491=ORIENTED_EDGE('',*,*,#4642,.F.);
#6492=ORIENTED_EDGE('',*,*,#4568,.F.);
#6493=ORIENTED_EDGE('',*,*,#4514,.F.);
#6494=ORIENTED_EDGE('',*,*,#4646,.F.);
#6495=ORIENTED_EDGE('',*,*,#4563,.F.);
#6496=ORIENTED_EDGE('',*,*,#4566,.F.);
#6497=ORIENTED_EDGE('',*,*,#4540,.F.);
#6498=ORIENTED_EDGE('',*,*,#4630,.F.);
#6499=ORIENTED_EDGE('',*,*,#4346,.F.);
#6500=ORIENTED_EDGE('',*,*,#4648,.T.);
#6501=ORIENTED_EDGE('',*,*,#4522,.F.);
#6502=ORIENTED_EDGE('',*,*,#4590,.F.);
#6503=ORIENTED_EDGE('',*,*,#4497,.F.);
#6504=ORIENTED_EDGE('',*,*,#4648,.F.);
#6505=ORIENTED_EDGE('',*,*,#4634,.F.);
#6506=ORIENTED_EDGE('',*,*,#4119,.F.);
#6507=ORIENTED_EDGE('',*,*,#4649,.F.);
#6508=ORIENTED_EDGE('',*,*,#4523,.F.);
#6509=ORIENTED_EDGE('',*,*,#4510,.F.);
#6510=ORIENTED_EDGE('',*,*,#4474,.F.);
#6511=ORIENTED_EDGE('',*,*,#4516,.F.);
#6512=ORIENTED_EDGE('',*,*,#4075,.F.);
#6513=ORIENTED_EDGE('',*,*,#4650,.F.);
#6514=ORIENTED_EDGE('',*,*,#4292,.T.);
#6515=ORIENTED_EDGE('',*,*,#4314,.F.);
#6516=ORIENTED_EDGE('',*,*,#4651,.T.);
#6517=ORIENTED_EDGE('',*,*,#4505,.F.);
#6518=ORIENTED_EDGE('',*,*,#4652,.F.);
#6519=ORIENTED_EDGE('',*,*,#4363,.F.);
#6520=ORIENTED_EDGE('',*,*,#4321,.T.);
#6521=ORIENTED_EDGE('',*,*,#4439,.T.);
#6522=ORIENTED_EDGE('',*,*,#4272,.T.);
#6523=ORIENTED_EDGE('',*,*,#4361,.F.);
#6524=ORIENTED_EDGE('',*,*,#4435,.T.);
#6525=ORIENTED_EDGE('',*,*,#4506,.F.);
#6526=ORIENTED_EDGE('',*,*,#4651,.F.);
#6527=ORIENTED_EDGE('',*,*,#4313,.F.);
#6528=ORIENTED_EDGE('',*,*,#4268,.T.);
#6529=ORIENTED_EDGE('',*,*,#4274,.T.);
#6530=ORIENTED_EDGE('',*,*,#4364,.F.);
#6531=ORIENTED_EDGE('',*,*,#4652,.T.);
#6532=ORIENTED_EDGE('',*,*,#4509,.F.);
#6533=ORIENTED_EDGE('',*,*,#4653,.F.);
#6534=ORIENTED_EDGE('',*,*,#4288,.T.);
#6535=ORIENTED_EDGE('',*,*,#4365,.F.);
#6536=ORIENTED_EDGE('',*,*,#4653,.T.);
#6537=ORIENTED_EDGE('',*,*,#4508,.F.);
#6538=ORIENTED_EDGE('',*,*,#4654,.F.);
#6539=ORIENTED_EDGE('',*,*,#4340,.F.);
#6540=ORIENTED_EDGE('',*,*,#4284,.T.);
#6541=ORIENTED_EDGE('',*,*,#4290,.T.);
#6542=ORIENTED_EDGE('',*,*,#4366,.F.);
#6543=ORIENTED_EDGE('',*,*,#4654,.T.);
#6544=ORIENTED_EDGE('',*,*,#4507,.F.);
#6545=ORIENTED_EDGE('',*,*,#4433,.F.);
#6546=ORIENTED_EDGE('',*,*,#4078,.F.);
#6547=ORIENTED_EDGE('',*,*,#4051,.F.);
#6548=ORIENTED_EDGE('',*,*,#4293,.T.);
#6549=ORIENTED_EDGE('',*,*,#4650,.T.);
#6550=ORIENTED_EDGE('',*,*,#4060,.F.);
#6551=ORIENTED_EDGE('',*,*,#4436,.F.);
#6552=ORIENTED_EDGE('',*,*,#4294,.T.);
#6553=ORIENTED_EDGE('',*,*,#4049,.T.);
#6554=ORIENTED_EDGE('',*,*,#4655,.T.);
#6555=ORIENTED_EDGE('',*,*,#4656,.T.);
#6556=ORIENTED_EDGE('',*,*,#4657,.T.);
#6557=ORIENTED_EDGE('',*,*,#4658,.T.);
#6558=ORIENTED_EDGE('',*,*,#4659,.T.);
#6559=ORIENTED_EDGE('',*,*,#4660,.T.);
#6560=ORIENTED_EDGE('',*,*,#4661,.T.);
#6561=ORIENTED_EDGE('',*,*,#4662,.T.);
#6562=ORIENTED_EDGE('',*,*,#4339,.F.);
#6563=ORIENTED_EDGE('',*,*,#4663,.T.);
#6564=ORIENTED_EDGE('',*,*,#4655,.F.);
#6565=ORIENTED_EDGE('',*,*,#4664,.F.);
#6566=ORIENTED_EDGE('',*,*,#4338,.F.);
#6567=ORIENTED_EDGE('',*,*,#4665,.T.);
#6568=ORIENTED_EDGE('',*,*,#4656,.F.);
#6569=ORIENTED_EDGE('',*,*,#4663,.F.);
#6570=ORIENTED_EDGE('',*,*,#4337,.F.);
#6571=ORIENTED_EDGE('',*,*,#4666,.T.);
#6572=ORIENTED_EDGE('',*,*,#4657,.F.);
#6573=ORIENTED_EDGE('',*,*,#4665,.F.);
#6574=ORIENTED_EDGE('',*,*,#4336,.F.);
#6575=ORIENTED_EDGE('',*,*,#4667,.T.);
#6576=ORIENTED_EDGE('',*,*,#4658,.F.);
#6577=ORIENTED_EDGE('',*,*,#4666,.F.);
#6578=ORIENTED_EDGE('',*,*,#4332,.F.);
#6579=ORIENTED_EDGE('',*,*,#4664,.T.);
#6580=ORIENTED_EDGE('',*,*,#4662,.F.);
#6581=ORIENTED_EDGE('',*,*,#4668,.F.);
#6582=ORIENTED_EDGE('',*,*,#4333,.F.);
#6583=ORIENTED_EDGE('',*,*,#4668,.T.);
#6584=ORIENTED_EDGE('',*,*,#4661,.F.);
#6585=ORIENTED_EDGE('',*,*,#4669,.F.);
#6586=ORIENTED_EDGE('',*,*,#4334,.F.);
#6587=ORIENTED_EDGE('',*,*,#4669,.T.);
#6588=ORIENTED_EDGE('',*,*,#4660,.F.);
#6589=ORIENTED_EDGE('',*,*,#4670,.F.);
#6590=ORIENTED_EDGE('',*,*,#4335,.F.);
#6591=ORIENTED_EDGE('',*,*,#4670,.T.);
#6592=ORIENTED_EDGE('',*,*,#4659,.F.);
#6593=ORIENTED_EDGE('',*,*,#4667,.F.);
#6594=ORIENTED_EDGE('',*,*,#4671,.T.);
#6595=ORIENTED_EDGE('',*,*,#4672,.T.);
#6596=ORIENTED_EDGE('',*,*,#4673,.T.);
#6597=ORIENTED_EDGE('',*,*,#4674,.T.);
#6598=ORIENTED_EDGE('',*,*,#4675,.T.);
#6599=ORIENTED_EDGE('',*,*,#4676,.T.);
#6600=ORIENTED_EDGE('',*,*,#4677,.T.);
#6601=ORIENTED_EDGE('',*,*,#4678,.T.);
#6602=ORIENTED_EDGE('',*,*,#4312,.F.);
#6603=ORIENTED_EDGE('',*,*,#4679,.T.);
#6604=ORIENTED_EDGE('',*,*,#4671,.F.);
#6605=ORIENTED_EDGE('',*,*,#4680,.F.);
#6606=ORIENTED_EDGE('',*,*,#4311,.F.);
#6607=ORIENTED_EDGE('',*,*,#4681,.T.);
#6608=ORIENTED_EDGE('',*,*,#4672,.F.);
#6609=ORIENTED_EDGE('',*,*,#4679,.F.);
#6610=ORIENTED_EDGE('',*,*,#4310,.F.);
#6611=ORIENTED_EDGE('',*,*,#4682,.T.);
#6612=ORIENTED_EDGE('',*,*,#4673,.F.);
#6613=ORIENTED_EDGE('',*,*,#4681,.F.);
#6614=ORIENTED_EDGE('',*,*,#4309,.F.);
#6615=ORIENTED_EDGE('',*,*,#4683,.T.);
#6616=ORIENTED_EDGE('',*,*,#4674,.F.);
#6617=ORIENTED_EDGE('',*,*,#4682,.F.);
#6618=ORIENTED_EDGE('',*,*,#4305,.F.);
#6619=ORIENTED_EDGE('',*,*,#4680,.T.);
#6620=ORIENTED_EDGE('',*,*,#4678,.F.);
#6621=ORIENTED_EDGE('',*,*,#4684,.F.);
#6622=ORIENTED_EDGE('',*,*,#4306,.F.);
#6623=ORIENTED_EDGE('',*,*,#4684,.T.);
#6624=ORIENTED_EDGE('',*,*,#4677,.F.);
#6625=ORIENTED_EDGE('',*,*,#4685,.F.);
#6626=ORIENTED_EDGE('',*,*,#4307,.F.);
#6627=ORIENTED_EDGE('',*,*,#4685,.T.);
#6628=ORIENTED_EDGE('',*,*,#4676,.F.);
#6629=ORIENTED_EDGE('',*,*,#4686,.F.);
#6630=ORIENTED_EDGE('',*,*,#4308,.F.);
#6631=ORIENTED_EDGE('',*,*,#4686,.T.);
#6632=ORIENTED_EDGE('',*,*,#4675,.F.);
#6633=ORIENTED_EDGE('',*,*,#4683,.F.);
#6634=ORIENTED_EDGE('',*,*,#4687,.T.);
#6635=ORIENTED_EDGE('',*,*,#4688,.T.);
#6636=ORIENTED_EDGE('',*,*,#4689,.T.);
#6637=ORIENTED_EDGE('',*,*,#4690,.T.);
#6638=ORIENTED_EDGE('',*,*,#4691,.T.);
#6639=ORIENTED_EDGE('',*,*,#4692,.T.);
#6640=ORIENTED_EDGE('',*,*,#4693,.T.);
#6641=ORIENTED_EDGE('',*,*,#4694,.T.);
#6642=ORIENTED_EDGE('',*,*,#4331,.F.);
#6643=ORIENTED_EDGE('',*,*,#4695,.T.);
#6644=ORIENTED_EDGE('',*,*,#4687,.F.);
#6645=ORIENTED_EDGE('',*,*,#4696,.F.);
#6646=ORIENTED_EDGE('',*,*,#4330,.F.);
#6647=ORIENTED_EDGE('',*,*,#4697,.T.);
#6648=ORIENTED_EDGE('',*,*,#4688,.F.);
#6649=ORIENTED_EDGE('',*,*,#4695,.F.);
#6650=ORIENTED_EDGE('',*,*,#4329,.F.);
#6651=ORIENTED_EDGE('',*,*,#4698,.T.);
#6652=ORIENTED_EDGE('',*,*,#4689,.F.);
#6653=ORIENTED_EDGE('',*,*,#4697,.F.);
#6654=ORIENTED_EDGE('',*,*,#4328,.F.);
#6655=ORIENTED_EDGE('',*,*,#4699,.T.);
#6656=ORIENTED_EDGE('',*,*,#4690,.F.);
#6657=ORIENTED_EDGE('',*,*,#4698,.F.);
#6658=ORIENTED_EDGE('',*,*,#4324,.F.);
#6659=ORIENTED_EDGE('',*,*,#4696,.T.);
#6660=ORIENTED_EDGE('',*,*,#4694,.F.);
#6661=ORIENTED_EDGE('',*,*,#4700,.F.);
#6662=ORIENTED_EDGE('',*,*,#4325,.F.);
#6663=ORIENTED_EDGE('',*,*,#4700,.T.);
#6664=ORIENTED_EDGE('',*,*,#4693,.F.);
#6665=ORIENTED_EDGE('',*,*,#4701,.F.);
#6666=ORIENTED_EDGE('',*,*,#4326,.F.);
#6667=ORIENTED_EDGE('',*,*,#4701,.T.);
#6668=ORIENTED_EDGE('',*,*,#4692,.F.);
#6669=ORIENTED_EDGE('',*,*,#4702,.F.);
#6670=ORIENTED_EDGE('',*,*,#4327,.F.);
#6671=ORIENTED_EDGE('',*,*,#4702,.T.);
#6672=ORIENTED_EDGE('',*,*,#4691,.F.);
#6673=ORIENTED_EDGE('',*,*,#4699,.F.);
#6674=ORIENTED_EDGE('',*,*,#4703,.T.);
#6675=ORIENTED_EDGE('',*,*,#4704,.T.);
#6676=ORIENTED_EDGE('',*,*,#4705,.T.);
#6677=ORIENTED_EDGE('',*,*,#4706,.T.);
#6678=ORIENTED_EDGE('',*,*,#4707,.T.);
#6679=ORIENTED_EDGE('',*,*,#4708,.T.);
#6680=ORIENTED_EDGE('',*,*,#4709,.T.);
#6681=ORIENTED_EDGE('',*,*,#4710,.T.);
#6682=ORIENTED_EDGE('',*,*,#4304,.F.);
#6683=ORIENTED_EDGE('',*,*,#4711,.T.);
#6684=ORIENTED_EDGE('',*,*,#4703,.F.);
#6685=ORIENTED_EDGE('',*,*,#4712,.F.);
#6686=ORIENTED_EDGE('',*,*,#4303,.F.);
#6687=ORIENTED_EDGE('',*,*,#4713,.T.);
#6688=ORIENTED_EDGE('',*,*,#4704,.F.);
#6689=ORIENTED_EDGE('',*,*,#4711,.F.);
#6690=ORIENTED_EDGE('',*,*,#4302,.F.);
#6691=ORIENTED_EDGE('',*,*,#4714,.T.);
#6692=ORIENTED_EDGE('',*,*,#4705,.F.);
#6693=ORIENTED_EDGE('',*,*,#4713,.F.);
#6694=ORIENTED_EDGE('',*,*,#4301,.F.);
#6695=ORIENTED_EDGE('',*,*,#4715,.T.);
#6696=ORIENTED_EDGE('',*,*,#4706,.F.);
#6697=ORIENTED_EDGE('',*,*,#4714,.F.);
#6698=ORIENTED_EDGE('',*,*,#4297,.F.);
#6699=ORIENTED_EDGE('',*,*,#4712,.T.);
#6700=ORIENTED_EDGE('',*,*,#4710,.F.);
#6701=ORIENTED_EDGE('',*,*,#4716,.F.);
#6702=ORIENTED_EDGE('',*,*,#4298,.F.);
#6703=ORIENTED_EDGE('',*,*,#4716,.T.);
#6704=ORIENTED_EDGE('',*,*,#4709,.F.);
#6705=ORIENTED_EDGE('',*,*,#4717,.F.);
#6706=ORIENTED_EDGE('',*,*,#4299,.F.);
#6707=ORIENTED_EDGE('',*,*,#4717,.T.);
#6708=ORIENTED_EDGE('',*,*,#4708,.F.);
#6709=ORIENTED_EDGE('',*,*,#4718,.F.);
#6710=ORIENTED_EDGE('',*,*,#4300,.F.);
#6711=ORIENTED_EDGE('',*,*,#4718,.T.);
#6712=ORIENTED_EDGE('',*,*,#4707,.F.);
#6713=ORIENTED_EDGE('',*,*,#4715,.F.);
#6714=ORIENTED_EDGE('',*,*,#4101,.F.);
#6715=ORIENTED_EDGE('',*,*,#4472,.F.);
#6716=ORIENTED_EDGE('',*,*,#4719,.F.);
#6717=ORIENTED_EDGE('',*,*,#4102,.F.);
#6718=ORIENTED_EDGE('',*,*,#4719,.T.);
#6719=ORIENTED_EDGE('',*,*,#4720,.T.);
#6720=ORIENTED_EDGE('',*,*,#4103,.F.);
#6721=ORIENTED_EDGE('',*,*,#4720,.F.);
#6722=ORIENTED_EDGE('',*,*,#4035,.F.);
#6723=ORIENTED_EDGE('',*,*,#4721,.F.);
#6724=ORIENTED_EDGE('',*,*,#4104,.F.);
#6725=ORIENTED_EDGE('',*,*,#4721,.T.);
#6726=ORIENTED_EDGE('',*,*,#4722,.T.);
#6727=ORIENTED_EDGE('',*,*,#4105,.F.);
#6728=ORIENTED_EDGE('',*,*,#4722,.F.);
#6729=ORIENTED_EDGE('',*,*,#4723,.T.);
#6730=ORIENTED_EDGE('',*,*,#4106,.F.);
#6731=ORIENTED_EDGE('',*,*,#4723,.F.);
#6732=ORIENTED_EDGE('',*,*,#4496,.F.);
#6733=ORIENTED_EDGE('',*,*,#4441,.F.);
#6734=ORIENTED_EDGE('',*,*,#4538,.F.);
#6735=ORIENTED_EDGE('',*,*,#4724,.F.);
#6736=ORIENTED_EDGE('',*,*,#4107,.F.);
#6737=ORIENTED_EDGE('',*,*,#4724,.T.);
#6738=ORIENTED_EDGE('',*,*,#4725,.T.);
#6739=ORIENTED_EDGE('',*,*,#4108,.F.);
#6740=ORIENTED_EDGE('',*,*,#4725,.F.);
#6741=ORIENTED_EDGE('',*,*,#4726,.T.);
#6742=ORIENTED_EDGE('',*,*,#4109,.F.);
#6743=ORIENTED_EDGE('',*,*,#4726,.F.);
#6744=ORIENTED_EDGE('',*,*,#4727,.F.);
#6745=ORIENTED_EDGE('',*,*,#4110,.F.);
#6746=ORIENTED_EDGE('',*,*,#4727,.T.);
#6747=ORIENTED_EDGE('',*,*,#4537,.T.);
#6748=ORIENTED_EDGE('',*,*,#4728,.T.);
#6749=ORIENTED_EDGE('',*,*,#4111,.F.);
#6750=ORIENTED_EDGE('',*,*,#4728,.F.);
#6751=ORIENTED_EDGE('',*,*,#4729,.F.);
#6752=ORIENTED_EDGE('',*,*,#4112,.F.);
#6753=ORIENTED_EDGE('',*,*,#4729,.T.);
#6754=ORIENTED_EDGE('',*,*,#4730,.F.);
#6755=ORIENTED_EDGE('',*,*,#4113,.F.);
#6756=ORIENTED_EDGE('',*,*,#4730,.T.);
#6757=ORIENTED_EDGE('',*,*,#4355,.F.);
#6758=ORIENTED_EDGE('',*,*,#4731,.T.);
#6759=ORIENTED_EDGE('',*,*,#4114,.F.);
#6760=ORIENTED_EDGE('',*,*,#4731,.F.);
#6761=ORIENTED_EDGE('',*,*,#4732,.F.);
#6762=ORIENTED_EDGE('',*,*,#4115,.F.);
#6763=ORIENTED_EDGE('',*,*,#4732,.T.);
#6764=ORIENTED_EDGE('',*,*,#4524,.T.);
#6765=ORIENTED_EDGE('',*,*,#4733,.T.);
#6766=ORIENTED_EDGE('',*,*,#4116,.F.);
#6767=ORIENTED_EDGE('',*,*,#4733,.F.);
#6768=ORIENTED_EDGE('',*,*,#4734,.F.);
#6769=ORIENTED_EDGE('',*,*,#4117,.F.);
#6770=ORIENTED_EDGE('',*,*,#4734,.T.);
#6771=ORIENTED_EDGE('',*,*,#4735,.F.);
#6772=ORIENTED_EDGE('',*,*,#4118,.F.);
#6773=ORIENTED_EDGE('',*,*,#4735,.T.);
#6774=ORIENTED_EDGE('',*,*,#4649,.T.);
#6775=ORIENTED_EDGE('',*,*,#4736,.F.);
#6776=ORIENTED_EDGE('',*,*,#4127,.F.);
#6777=ORIENTED_EDGE('',*,*,#4499,.T.);
#6778=ORIENTED_EDGE('',*,*,#4737,.F.);
#6779=ORIENTED_EDGE('',*,*,#4738,.F.);
#6780=ORIENTED_EDGE('',*,*,#4737,.T.);
#6781=ORIENTED_EDGE('',*,*,#4518,.T.);
#6782=ORIENTED_EDGE('',*,*,#4429,.T.);
#6783=ORIENTED_EDGE('',*,*,#4097,.T.);
#6784=ORIENTED_EDGE('',*,*,#4407,.T.);
#6785=ORIENTED_EDGE('',*,*,#4128,.T.);
#6786=ORIENTED_EDGE('',*,*,#4736,.T.);
#6787=ORIENTED_EDGE('',*,*,#4738,.T.);
#6788=ORIENTED_EDGE('',*,*,#4428,.T.);
#6789=ORIENTED_EDGE('',*,*,#4425,.T.);
#6790=ORIENTED_EDGE('',*,*,#4423,.T.);
#6791=ORIENTED_EDGE('',*,*,#4420,.T.);
#6792=ORIENTED_EDGE('',*,*,#4417,.T.);
#6793=TOROIDAL_SURFACE('',#7289,1.89999999999999,0.25);
#6794=TOROIDAL_SURFACE('',#7299,1.89999999999999,0.25);
#6795=TOROIDAL_SURFACE('',#7305,1.89999999999999,0.25);
#6796=TOROIDAL_SURFACE('',#7378,11.,3.);
#6797=TOROIDAL_SURFACE('',#7383,11.,3.);
#6798=TOROIDAL_SURFACE('',#7388,11.,3.);
#6799=TOROIDAL_SURFACE('',#7393,11.0000000000001,3.);
#6800=TOROIDAL_SURFACE('',#7404,8.29999999999997,0.3);
#6801=TOROIDAL_SURFACE('',#7409,8.30000000000004,0.3);
#6802=TOROIDAL_SURFACE('',#7414,8.30000000000004,0.3);
#6803=TOROIDAL_SURFACE('',#7420,8.30000000000008,0.3);
#6804=TOROIDAL_SURFACE('',#7517,1.34999999999999,0.25);
#6805=TOROIDAL_SURFACE('',#7618,2.89999999988369,0.25);
#6806=TOROIDAL_SURFACE('',#7624,2.90000000006049,0.25);
#6807=TOROIDAL_SURFACE('',#7629,2.90000000020561,0.25);
#6808=TOROIDAL_SURFACE('',#7634,2.90000000005528,0.25);
#6809=ADVANCED_FACE('',(#1966),#6793,.T.);
#6810=ADVANCED_FACE('',(#1967,#205,#206,#207),#1656,.F.);
#6811=ADVANCED_FACE('',(#1968),#119,.F.);
#6812=ADVANCED_FACE('',(#1969),#6794,.T.);
#6813=ADVANCED_FACE('',(#1970),#120,.F.);
#6814=ADVANCED_FACE('',(#1971),#6795,.T.);
#6815=ADVANCED_FACE('',(#1972),#121,.F.);
#6816=ADVANCED_FACE('',(#1973),#94,.F.);
#6817=ADVANCED_FACE('',(#1974,#208,#209,#210,#211,#212,#213,#214),#1657,
 .F.);
#6818=ADVANCED_FACE('',(#1975),#122,.F.);
#6819=ADVANCED_FACE('',(#1976),#95,.F.);
#6820=ADVANCED_FACE('',(#1977),#123,.F.);
#6821=ADVANCED_FACE('',(#1978),#96,.F.);
#6822=ADVANCED_FACE('',(#1979),#124,.F.);
#6823=ADVANCED_FACE('',(#1980,#215),#1658,.T.);
#6824=ADVANCED_FACE('',(#1981,#216),#1659,.T.);
#6825=ADVANCED_FACE('',(#1982,#217),#1660,.T.);
#6826=ADVANCED_FACE('',(#1983),#125,.T.);
#6827=ADVANCED_FACE('',(#1984),#126,.T.);
#6828=ADVANCED_FACE('',(#1985),#127,.T.);
#6829=ADVANCED_FACE('',(#1986),#128,.T.);
#6830=ADVANCED_FACE('',(#1987),#38,.T.);
#6831=ADVANCED_FACE('',(#1988),#129,.T.);
#6832=ADVANCED_FACE('',(#1989),#29,.F.);
#6833=ADVANCED_FACE('',(#1990),#39,.T.);
#6834=ADVANCED_FACE('',(#1991),#30,.F.);
#6835=ADVANCED_FACE('',(#1992),#1661,.F.);
#6836=ADVANCED_FACE('',(#1993),#1662,.F.);
#6837=ADVANCED_FACE('',(#1994),#31,.F.);
#6838=ADVANCED_FACE('',(#1995),#1663,.T.);
#6839=ADVANCED_FACE('',(#1996),#27,.T.);
#6840=ADVANCED_FACE('',(#1997),#97,.F.);
#6841=ADVANCED_FACE('',(#1998),#130,.F.);
#6842=ADVANCED_FACE('',(#1999),#98,.F.);
#6843=ADVANCED_FACE('',(#2000),#131,.F.);
#6844=ADVANCED_FACE('',(#2001),#99,.F.);
#6845=ADVANCED_FACE('',(#2002),#132,.F.);
#6846=ADVANCED_FACE('',(#2003),#1664,.T.);
#6847=ADVANCED_FACE('',(#2004),#1665,.T.);
#6848=ADVANCED_FACE('',(#2005),#1666,.T.);
#6849=ADVANCED_FACE('',(#2006),#133,.T.);
#6850=ADVANCED_FACE('',(#2007),#6796,.T.);
#6851=ADVANCED_FACE('',(#2008),#134,.T.);
#6852=ADVANCED_FACE('',(#2009),#6797,.T.);
#6853=ADVANCED_FACE('',(#2010),#135,.T.);
#6854=ADVANCED_FACE('',(#2011),#6798,.T.);
#6855=ADVANCED_FACE('',(#2012),#136,.T.);
#6856=ADVANCED_FACE('',(#2013),#6799,.T.);
#6857=ADVANCED_FACE('',(#2014),#137,.F.);
#6858=ADVANCED_FACE('',(#2015),#1667,.F.);
#6859=ADVANCED_FACE('',(#2016),#138,.F.);
#6860=ADVANCED_FACE('',(#2017),#1668,.F.);
#6861=ADVANCED_FACE('',(#2018),#139,.T.);
#6862=ADVANCED_FACE('',(#2019),#6800,.T.);
#6863=ADVANCED_FACE('',(#2020),#140,.T.);
#6864=ADVANCED_FACE('',(#2021),#6801,.T.);
#6865=ADVANCED_FACE('',(#2022),#141,.T.);
#6866=ADVANCED_FACE('',(#2023),#6802,.T.);
#6867=ADVANCED_FACE('',(#2024),#142,.T.);
#6868=ADVANCED_FACE('',(#2025),#6803,.T.);
#6869=ADVANCED_FACE('',(#2026),#143,.F.);
#6870=ADVANCED_FACE('',(#2027),#1669,.F.);
#6871=ADVANCED_FACE('',(#2028),#144,.F.);
#6872=ADVANCED_FACE('',(#2029,#218),#1670,.T.);
#6873=ADVANCED_FACE('',(#2030),#1671,.F.);
#6874=ADVANCED_FACE('',(#2031),#1672,.F.);
#6875=ADVANCED_FACE('',(#2032),#1673,.F.);
#6876=ADVANCED_FACE('',(#2033),#1674,.F.);
#6877=ADVANCED_FACE('',(#2034),#1675,.T.);
#6878=ADVANCED_FACE('',(#2035),#1676,.T.);
#6879=ADVANCED_FACE('',(#2036),#1677,.F.);
#6880=ADVANCED_FACE('',(#2037),#1678,.F.);
#6881=ADVANCED_FACE('',(#2038),#1679,.F.);
#6882=ADVANCED_FACE('',(#2039),#1680,.F.);
#6883=ADVANCED_FACE('',(#2040),#1681,.T.);
#6884=ADVANCED_FACE('',(#2041),#1682,.T.);
#6885=ADVANCED_FACE('',(#2042),#40,.T.);
#6886=ADVANCED_FACE('',(#2043),#1683,.T.);
#6887=ADVANCED_FACE('',(#2044),#1684,.T.);
#6888=ADVANCED_FACE('',(#2045),#1685,.T.);
#6889=ADVANCED_FACE('',(#2046),#1686,.F.);
#6890=ADVANCED_FACE('',(#2047),#1687,.F.);
#6891=ADVANCED_FACE('',(#2048),#1688,.T.);
#6892=ADVANCED_FACE('',(#2049),#1689,.T.);
#6893=ADVANCED_FACE('',(#2050),#1690,.T.);
#6894=ADVANCED_FACE('',(#2051),#1691,.T.);
#6895=ADVANCED_FACE('',(#2052),#1692,.F.);
#6896=ADVANCED_FACE('',(#2053),#1693,.F.);
#6897=ADVANCED_FACE('',(#2054),#1694,.F.);
#6898=ADVANCED_FACE('',(#2055),#1695,.F.);
#6899=ADVANCED_FACE('',(#2056),#1696,.F.);
#6900=ADVANCED_FACE('',(#2057),#1697,.F.);
#6901=ADVANCED_FACE('',(#2058),#1698,.F.);
#6902=ADVANCED_FACE('',(#2059),#1699,.T.);
#6903=ADVANCED_FACE('',(#2060),#1700,.F.);
#6904=ADVANCED_FACE('',(#2061),#145,.T.);
#6905=ADVANCED_FACE('',(#2062),#1701,.F.);
#6906=ADVANCED_FACE('',(#2063),#1702,.F.);
#6907=ADVANCED_FACE('',(#2064),#1703,.T.);
#6908=ADVANCED_FACE('',(#2065),#1704,.F.);
#6909=ADVANCED_FACE('',(#2066),#1705,.F.);
#6910=ADVANCED_FACE('',(#2067),#1706,.F.);
#6911=ADVANCED_FACE('',(#2068),#1707,.F.);
#6912=ADVANCED_FACE('',(#2069),#1708,.F.);
#6913=ADVANCED_FACE('',(#2070),#146,.T.);
#6914=ADVANCED_FACE('',(#2071),#1709,.F.);
#6915=ADVANCED_FACE('',(#2072),#1710,.F.);
#6916=ADVANCED_FACE('',(#2073),#1711,.F.);
#6917=ADVANCED_FACE('',(#2074),#1712,.F.);
#6918=ADVANCED_FACE('',(#2075),#1713,.F.);
#6919=ADVANCED_FACE('',(#2076),#1714,.F.);
#6920=ADVANCED_FACE('',(#2077),#100,.T.);
#6921=ADVANCED_FACE('',(#2078),#1715,.T.);
#6922=ADVANCED_FACE('',(#2079),#1716,.T.);
#6923=ADVANCED_FACE('',(#2080),#1717,.T.);
#6924=ADVANCED_FACE('',(#2081),#101,.F.);
#6925=ADVANCED_FACE('',(#2082,#219),#1718,.F.);
#6926=ADVANCED_FACE('',(#2083),#147,.F.);
#6927=ADVANCED_FACE('',(#2084),#1719,.T.);
#6928=ADVANCED_FACE('',(#2085),#1720,.T.);
#6929=ADVANCED_FACE('',(#2086),#1721,.T.);
#6930=ADVANCED_FACE('',(#2087),#1722,.T.);
#6931=ADVANCED_FACE('',(#2088),#1723,.F.);
#6932=ADVANCED_FACE('',(#2089),#1724,.F.);
#6933=ADVANCED_FACE('',(#2090,#220),#1725,.F.);
#6934=ADVANCED_FACE('',(#2091),#1726,.F.);
#6935=ADVANCED_FACE('',(#2092),#1727,.F.);
#6936=ADVANCED_FACE('',(#2093),#6804,.T.);
#6937=ADVANCED_FACE('',(#2094),#148,.F.);
#6938=ADVANCED_FACE('',(#2095,#221,#222),#1728,.F.);
#6939=ADVANCED_FACE('',(#2096),#32,.F.);
#6940=ADVANCED_FACE('',(#2097,#223),#1729,.T.);
#6941=ADVANCED_FACE('',(#2098),#1730,.T.);
#6942=ADVANCED_FACE('',(#2099),#1731,.F.);
#6943=ADVANCED_FACE('',(#2100),#1732,.T.);
#6944=ADVANCED_FACE('',(#2101),#102,.F.);
#6945=ADVANCED_FACE('',(#2102),#1733,.T.);
#6946=ADVANCED_FACE('',(#2103),#103,.F.);
#6947=ADVANCED_FACE('',(#2104),#1734,.T.);
#6948=ADVANCED_FACE('',(#2105),#104,.F.);
#6949=ADVANCED_FACE('',(#2106),#1735,.T.);
#6950=ADVANCED_FACE('',(#2107),#105,.F.);
#6951=ADVANCED_FACE('',(#2108),#1736,.T.);
#6952=ADVANCED_FACE('',(#2109),#1737,.T.);
#6953=ADVANCED_FACE('',(#2110),#106,.F.);
#6954=ADVANCED_FACE('',(#2111,#224,#225,#226),#1738,.T.);
#6955=ADVANCED_FACE('',(#2112),#149,.F.);
#6956=ADVANCED_FACE('',(#2113),#107,.F.);
#6957=ADVANCED_FACE('',(#2114),#150,.F.);
#6958=ADVANCED_FACE('',(#2115),#108,.F.);
#6959=ADVANCED_FACE('',(#2116),#151,.F.);
#6960=ADVANCED_FACE('',(#2117),#1739,.T.);
#6961=ADVANCED_FACE('',(#2118),#1740,.T.);
#6962=ADVANCED_FACE('',(#2119),#1741,.T.);
#6963=ADVANCED_FACE('',(#2120),#33,.F.);
#6964=ADVANCED_FACE('',(#2121),#152,.T.);
#6965=ADVANCED_FACE('',(#2122),#34,.F.);
#6966=ADVANCED_FACE('',(#2123),#153,.T.);
#6967=ADVANCED_FACE('',(#2124),#35,.F.);
#6968=ADVANCED_FACE('',(#2125),#154,.T.);
#6969=ADVANCED_FACE('',(#2126),#155,.T.);
#6970=ADVANCED_FACE('',(#2127),#36,.F.);
#6971=ADVANCED_FACE('',(#2128),#37,.F.);
#6972=ADVANCED_FACE('',(#2129),#156,.T.);
#6973=ADVANCED_FACE('',(#2130),#157,.F.);
#6974=ADVANCED_FACE('',(#2131),#1742,.F.);
#6975=ADVANCED_FACE('',(#2132),#158,.F.);
#6976=ADVANCED_FACE('',(#2133),#1743,.F.);
#6977=ADVANCED_FACE('',(#2134),#159,.F.);
#6978=ADVANCED_FACE('',(#2135),#1744,.T.);
#6979=ADVANCED_FACE('',(#2136),#6805,.F.);
#6980=ADVANCED_FACE('',(#2137),#160,.F.);
#6981=ADVANCED_FACE('',(#2138),#6806,.F.);
#6982=ADVANCED_FACE('',(#2139),#161,.F.);
#6983=ADVANCED_FACE('',(#2140),#6807,.F.);
#6984=ADVANCED_FACE('',(#2141),#162,.F.);
#6985=ADVANCED_FACE('',(#2142),#6808,.F.);
#6986=ADVANCED_FACE('',(#2143),#163,.F.);
#6987=ADVANCED_FACE('',(#2144),#1745,.F.);
#6988=ADVANCED_FACE('',(#2145),#164,.F.);
#6989=ADVANCED_FACE('',(#2146),#1746,.F.);
#6990=ADVANCED_FACE('',(#2147,#227),#1747,.F.);
#6991=ADVANCED_FACE('',(#2148),#165,.F.);
#6992=ADVANCED_FACE('',(#2149),#1748,.F.);
#6993=ADVANCED_FACE('',(#2150),#166,.F.);
#6994=ADVANCED_FACE('',(#2151),#1749,.F.);
#6995=ADVANCED_FACE('',(#2152),#167,.F.);
#6996=ADVANCED_FACE('',(#2153),#168,.F.);
#6997=ADVANCED_FACE('',(#2154),#1750,.F.);
#6998=ADVANCED_FACE('',(#2155),#169,.F.);
#6999=ADVANCED_FACE('',(#2156),#1751,.F.);
#7000=ADVANCED_FACE('',(#2157),#170,.F.);
#7001=ADVANCED_FACE('',(#2158),#1752,.T.);
#7002=ADVANCED_FACE('',(#2159),#1753,.T.);
#7003=ADVANCED_FACE('',(#2160),#1754,.F.);
#7004=ADVANCED_FACE('',(#2161),#171,.F.);
#7005=ADVANCED_FACE('',(#2162),#172,.F.);
#7006=ADVANCED_FACE('',(#2163),#173,.T.);
#7007=ADVANCED_FACE('',(#2164),#1755,.T.);
#7008=ADVANCED_FACE('',(#2165),#1756,.T.);
#7009=ADVANCED_FACE('',(#2166),#1757,.T.);
#7010=ADVANCED_FACE('',(#2167,#228),#1758,.T.);
#7011=ADVANCED_FACE('',(#2168),#1759,.F.);
#7012=ADVANCED_FACE('',(#2169),#1760,.F.);
#7013=ADVANCED_FACE('',(#2170),#1761,.F.);
#7014=ADVANCED_FACE('',(#2171),#1762,.F.);
#7015=ADVANCED_FACE('',(#2172),#1763,.F.);
#7016=ADVANCED_FACE('',(#2173),#1764,.F.);
#7017=ADVANCED_FACE('',(#2174),#1765,.F.);
#7018=ADVANCED_FACE('',(#2175),#1766,.F.);
#7019=ADVANCED_FACE('',(#2176),#1767,.F.);
#7020=ADVANCED_FACE('',(#2177),#1768,.F.);
#7021=ADVANCED_FACE('',(#2178,#229,#230),#1769,.F.);
#7022=ADVANCED_FACE('',(#2179),#1770,.T.);
#7023=ADVANCED_FACE('',(#2180,#231,#232),#1771,.F.);
#7024=ADVANCED_FACE('',(#2181),#1772,.T.);
#7025=ADVANCED_FACE('',(#2182),#109,.F.);
#7026=ADVANCED_FACE('',(#2183,#233),#1773,.F.);
#7027=ADVANCED_FACE('',(#2184),#1774,.T.);
#7028=ADVANCED_FACE('',(#2185),#1775,.T.);
#7029=ADVANCED_FACE('',(#2186),#1776,.T.);
#7030=ADVANCED_FACE('',(#2187),#1777,.T.);
#7031=ADVANCED_FACE('',(#2188),#1778,.T.);
#7032=ADVANCED_FACE('',(#2189),#110,.F.);
#7033=ADVANCED_FACE('',(#2190),#1779,.T.);
#7034=ADVANCED_FACE('',(#2191),#111,.F.);
#7035=ADVANCED_FACE('',(#2192),#1780,.T.);
#7036=ADVANCED_FACE('',(#2193),#1781,.T.);
#7037=ADVANCED_FACE('',(#2194),#112,.F.);
#7038=ADVANCED_FACE('',(#2195),#1782,.T.);
#7039=ADVANCED_FACE('',(#2196),#113,.F.);
#7040=ADVANCED_FACE('',(#2197),#1783,.T.);
#7041=ADVANCED_FACE('',(#2198),#1784,.T.);
#7042=ADVANCED_FACE('',(#2199),#114,.F.);
#7043=ADVANCED_FACE('',(#2200),#1785,.T.);
#7044=ADVANCED_FACE('',(#2201),#115,.F.);
#7045=ADVANCED_FACE('',(#2202),#1786,.T.);
#7046=ADVANCED_FACE('',(#2203),#116,.T.);
#7047=ADVANCED_FACE('',(#2204),#117,.T.);
#7048=ADVANCED_FACE('',(#2205),#174,.F.);
#7049=ADVANCED_FACE('',(#2206),#175,.T.);
#7050=ADVANCED_FACE('',(#2207),#1787,.F.);
#7051=ADVANCED_FACE('',(#2208),#176,.F.);
#7052=ADVANCED_FACE('',(#2209),#28,.T.);
#7053=ADVANCED_FACE('',(#2210),#1788,.F.);
#7054=ADVANCED_FACE('',(#2211),#1789,.F.);
#7055=ADVANCED_FACE('',(#2212),#177,.F.);
#7056=ADVANCED_FACE('',(#2213),#1790,.F.);
#7057=ADVANCED_FACE('',(#2214),#178,.T.);
#7058=ADVANCED_FACE('',(#2215),#1791,.F.);
#7059=ADVANCED_FACE('',(#2216),#179,.T.);
#7060=ADVANCED_FACE('',(#2217),#1792,.F.);
#7061=ADVANCED_FACE('',(#2218),#1793,.F.);
#7062=ADVANCED_FACE('',(#2219),#1794,.T.);
#7063=ADVANCED_FACE('',(#2220),#1795,.F.);
#7064=ADVANCED_FACE('',(#2221),#1796,.F.);
#7065=ADVANCED_FACE('',(#2222),#1797,.T.);
#7066=ADVANCED_FACE('',(#2223),#180,.F.);
#7067=ADVANCED_FACE('',(#2224),#1798,.F.);
#7068=ADVANCED_FACE('',(#2225),#181,.F.);
#7069=ADVANCED_FACE('',(#2226),#1799,.F.);
#7070=ADVANCED_FACE('',(#2227),#182,.F.);
#7071=ADVANCED_FACE('',(#2228),#1800,.F.);
#7072=ADVANCED_FACE('',(#2229),#183,.F.);
#7073=ADVANCED_FACE('',(#2230),#1801,.F.);
#7074=ADVANCED_FACE('',(#2231),#1802,.T.);
#7075=ADVANCED_FACE('',(#2232),#1803,.T.);
#7076=ADVANCED_FACE('',(#2233),#1804,.T.);
#7077=ADVANCED_FACE('',(#2234),#1805,.T.);
#7078=ADVANCED_FACE('',(#2235),#1806,.F.);
#7079=ADVANCED_FACE('',(#2236),#1807,.T.);
#7080=ADVANCED_FACE('',(#2237),#1808,.T.);
#7081=ADVANCED_FACE('',(#2238),#1809,.F.);
#7082=ADVANCED_FACE('',(#2239),#1810,.F.);
#7083=ADVANCED_FACE('',(#2240),#1811,.T.);
#7084=ADVANCED_FACE('',(#2241),#1812,.F.);
#7085=ADVANCED_FACE('',(#2242),#1813,.T.);
#7086=ADVANCED_FACE('',(#2243),#1814,.T.);
#7087=ADVANCED_FACE('',(#2244),#1815,.F.);
#7088=ADVANCED_FACE('',(#2245),#1816,.T.);
#7089=ADVANCED_FACE('',(#2246),#1817,.F.);
#7090=ADVANCED_FACE('',(#2247),#1818,.T.);
#7091=ADVANCED_FACE('',(#2248),#1819,.T.);
#7092=ADVANCED_FACE('',(#2249),#1820,.F.);
#7093=ADVANCED_FACE('',(#2250),#1821,.F.);
#7094=ADVANCED_FACE('',(#2251),#1822,.F.);
#7095=ADVANCED_FACE('',(#2252),#1823,.T.);
#7096=ADVANCED_FACE('',(#2253),#1824,.T.);
#7097=ADVANCED_FACE('',(#2254,#234),#1825,.F.);
#7098=ADVANCED_FACE('',(#2255),#1826,.T.);
#7099=ADVANCED_FACE('',(#2256),#1827,.F.);
#7100=ADVANCED_FACE('',(#2257),#1828,.T.);
#7101=ADVANCED_FACE('',(#2258),#1829,.F.);
#7102=ADVANCED_FACE('',(#2259),#1830,.T.);
#7103=ADVANCED_FACE('',(#2260),#1831,.T.);
#7104=ADVANCED_FACE('',(#2261),#1832,.F.);
#7105=ADVANCED_FACE('',(#2262),#1833,.F.);
#7106=ADVANCED_FACE('',(#2263),#1834,.F.);
#7107=ADVANCED_FACE('',(#2264),#1835,.T.);
#7108=ADVANCED_FACE('',(#2265),#1836,.T.);
#7109=ADVANCED_FACE('',(#2266),#1837,.F.);
#7110=ADVANCED_FACE('',(#2267),#1838,.T.);
#7111=ADVANCED_FACE('',(#2268),#1839,.F.);
#7112=ADVANCED_FACE('',(#2269),#1840,.T.);
#7113=ADVANCED_FACE('',(#2270),#1841,.T.);
#7114=ADVANCED_FACE('',(#2271),#1842,.T.);
#7115=ADVANCED_FACE('',(#2272),#1843,.T.);
#7116=ADVANCED_FACE('',(#2273),#1844,.F.);
#7117=ADVANCED_FACE('',(#2274),#1845,.F.);
#7118=ADVANCED_FACE('',(#2275),#1846,.F.);
#7119=ADVANCED_FACE('',(#2276),#184,.T.);
#7120=ADVANCED_FACE('',(#2277),#1847,.T.);
#7121=ADVANCED_FACE('',(#2278),#1848,.T.);
#7122=ADVANCED_FACE('',(#2279),#185,.T.);
#7123=ADVANCED_FACE('',(#2280),#118,.T.);
#7124=ADVANCED_FACE('',(#2281),#1849,.F.);
#7125=ADVANCED_FACE('',(#2282),#1850,.T.);
#7126=ADVANCED_FACE('',(#2283),#1851,.F.);
#7127=ADVANCED_FACE('',(#2284),#41,.T.);
#7128=ADVANCED_FACE('',(#2285),#42,.T.);
#7129=ADVANCED_FACE('',(#2286),#1852,.T.);
#7130=ADVANCED_FACE('',(#2287),#1853,.F.);
#7131=ADVANCED_FACE('',(#2288),#1854,.T.);
#7132=ADVANCED_FACE('',(#2289),#1855,.F.);
#7133=ADVANCED_FACE('',(#2290),#1856,.T.);
#7134=ADVANCED_FACE('',(#2291),#1857,.T.);
#7135=ADVANCED_FACE('',(#2292),#1858,.F.);
#7136=ADVANCED_FACE('',(#2293),#1859,.F.);
#7137=ADVANCED_FACE('',(#2294),#1860,.T.);
#7138=ADVANCED_FACE('',(#2295),#1861,.F.);
#7139=ADVANCED_FACE('',(#2296),#1862,.F.);
#7140=ADVANCED_FACE('',(#2297),#1863,.F.);
#7141=ADVANCED_FACE('',(#2298),#1864,.T.);
#7142=ADVANCED_FACE('',(#2299),#1865,.F.);
#7143=ADVANCED_FACE('',(#2300),#1866,.T.);
#7144=ADVANCED_FACE('',(#2301),#1867,.T.);
#7145=ADVANCED_FACE('',(#2302),#1868,.F.);
#7146=ADVANCED_FACE('',(#2303),#1869,.F.);
#7147=ADVANCED_FACE('',(#2304),#1870,.F.);
#7148=ADVANCED_FACE('',(#2305),#1871,.T.);
#7149=ADVANCED_FACE('',(#2306),#1872,.T.);
#7150=ADVANCED_FACE('',(#2307),#1873,.T.);
#7151=ADVANCED_FACE('',(#2308),#1874,.F.);
#7152=ADVANCED_FACE('',(#2309),#1875,.T.);
#7153=ADVANCED_FACE('',(#2310),#1876,.T.);
#7154=ADVANCED_FACE('',(#2311),#1877,.F.);
#7155=ADVANCED_FACE('',(#2312),#1878,.T.);
#7156=ADVANCED_FACE('',(#2313),#1879,.F.);
#7157=ADVANCED_FACE('',(#2314),#1880,.T.);
#7158=ADVANCED_FACE('',(#2315),#1881,.T.);
#7159=ADVANCED_FACE('',(#2316),#1882,.T.);
#7160=ADVANCED_FACE('',(#2317),#1883,.F.);
#7161=ADVANCED_FACE('',(#2318),#1884,.F.);
#7162=ADVANCED_FACE('',(#2319),#1885,.T.);
#7163=ADVANCED_FACE('',(#2320),#1886,.T.);
#7164=ADVANCED_FACE('',(#2321),#1887,.T.);
#7165=ADVANCED_FACE('',(#2322),#1888,.F.);
#7166=ADVANCED_FACE('',(#2323),#1889,.T.);
#7167=ADVANCED_FACE('',(#2324),#1890,.T.);
#7168=ADVANCED_FACE('',(#2325),#1891,.F.);
#7169=ADVANCED_FACE('',(#2326),#1892,.T.);
#7170=ADVANCED_FACE('',(#2327),#1893,.F.);
#7171=ADVANCED_FACE('',(#2328),#1894,.F.);
#7172=ADVANCED_FACE('',(#2329),#1895,.T.);
#7173=ADVANCED_FACE('',(#2330),#1896,.F.);
#7174=ADVANCED_FACE('',(#2331),#1897,.T.);
#7175=ADVANCED_FACE('',(#2332),#1898,.F.);
#7176=ADVANCED_FACE('',(#2333),#1899,.T.);
#7177=ADVANCED_FACE('',(#2334),#1900,.F.);
#7178=ADVANCED_FACE('',(#2335),#1901,.T.);
#7179=ADVANCED_FACE('',(#2336),#1902,.F.);
#7180=ADVANCED_FACE('',(#2337),#1903,.F.);
#7181=ADVANCED_FACE('',(#2338),#1904,.T.);
#7182=ADVANCED_FACE('',(#2339),#1905,.F.);
#7183=ADVANCED_FACE('',(#2340),#1906,.T.);
#7184=ADVANCED_FACE('',(#2341),#1907,.F.);
#7185=ADVANCED_FACE('',(#2342),#1908,.F.);
#7186=ADVANCED_FACE('',(#2343),#1909,.F.);
#7187=ADVANCED_FACE('',(#2344),#1910,.F.);
#7188=ADVANCED_FACE('',(#2345),#1911,.F.);
#7189=ADVANCED_FACE('',(#2346),#1912,.F.);
#7190=ADVANCED_FACE('',(#2347),#1913,.F.);
#7191=ADVANCED_FACE('',(#2348),#1914,.T.);
#7192=ADVANCED_FACE('',(#2349),#1915,.F.);
#7193=ADVANCED_FACE('',(#2350),#1916,.T.);
#7194=ADVANCED_FACE('',(#2351),#1917,.F.);
#7195=ADVANCED_FACE('',(#2352),#1918,.F.);
#7196=ADVANCED_FACE('',(#2353),#1919,.F.);
#7197=ADVANCED_FACE('',(#2354),#186,.T.);
#7198=ADVANCED_FACE('',(#2355),#1920,.F.);
#7199=ADVANCED_FACE('',(#2356),#1921,.F.);
#7200=ADVANCED_FACE('',(#2357),#1922,.F.);
#7201=ADVANCED_FACE('',(#2358),#1923,.F.);
#7202=ADVANCED_FACE('',(#2359),#1924,.F.);
#7203=ADVANCED_FACE('',(#2360),#187,.F.);
#7204=ADVANCED_FACE('',(#2361),#188,.F.);
#7205=ADVANCED_FACE('',(#2362),#1925,.F.);
#7206=ADVANCED_FACE('',(#2363),#189,.T.);
#7207=ADVANCED_FACE('',(#2364),#1926,.T.);
#7208=ADVANCED_FACE('',(#2365),#190,.T.);
#7209=ADVANCED_FACE('',(#2366),#1927,.T.);
#7210=ADVANCED_FACE('',(#2367),#1928,.T.);
#7211=ADVANCED_FACE('',(#2368),#191,.T.);
#7212=ADVANCED_FACE('',(#2369),#1929,.T.);
#7213=ADVANCED_FACE('',(#2370),#192,.T.);
#7214=ADVANCED_FACE('',(#2371),#1930,.F.);
#7215=ADVANCED_FACE('',(#2372),#193,.T.);
#7216=ADVANCED_FACE('',(#2373),#1931,.T.);
#7217=ADVANCED_FACE('',(#2374),#194,.T.);
#7218=ADVANCED_FACE('',(#2375),#1932,.T.);
#7219=ADVANCED_FACE('',(#2376),#1933,.T.);
#7220=ADVANCED_FACE('',(#2377),#195,.T.);
#7221=ADVANCED_FACE('',(#2378),#1934,.T.);
#7222=ADVANCED_FACE('',(#2379),#196,.T.);
#7223=ADVANCED_FACE('',(#2380),#1935,.F.);
#7224=ADVANCED_FACE('',(#2381),#197,.T.);
#7225=ADVANCED_FACE('',(#2382),#1936,.T.);
#7226=ADVANCED_FACE('',(#2383),#198,.T.);
#7227=ADVANCED_FACE('',(#2384),#1937,.T.);
#7228=ADVANCED_FACE('',(#2385),#1938,.T.);
#7229=ADVANCED_FACE('',(#2386),#199,.T.);
#7230=ADVANCED_FACE('',(#2387),#1939,.T.);
#7231=ADVANCED_FACE('',(#2388),#200,.T.);
#7232=ADVANCED_FACE('',(#2389),#1940,.F.);
#7233=ADVANCED_FACE('',(#2390),#201,.T.);
#7234=ADVANCED_FACE('',(#2391),#1941,.T.);
#7235=ADVANCED_FACE('',(#2392),#202,.T.);
#7236=ADVANCED_FACE('',(#2393),#1942,.T.);
#7237=ADVANCED_FACE('',(#2394),#1943,.T.);
#7238=ADVANCED_FACE('',(#2395),#203,.T.);
#7239=ADVANCED_FACE('',(#2396),#1944,.T.);
#7240=ADVANCED_FACE('',(#2397),#204,.T.);
#7241=ADVANCED_FACE('',(#2398),#1945,.T.);
#7242=ADVANCED_FACE('',(#2399),#1946,.F.);
#7243=ADVANCED_FACE('',(#2400),#1947,.F.);
#7244=ADVANCED_FACE('',(#2401),#1948,.F.);
#7245=ADVANCED_FACE('',(#2402),#1949,.F.);
#7246=ADVANCED_FACE('',(#2403),#1950,.F.);
#7247=ADVANCED_FACE('',(#2404),#1951,.T.);
#7248=ADVANCED_FACE('',(#2405),#1952,.T.);
#7249=ADVANCED_FACE('',(#2406),#1953,.T.);
#7250=ADVANCED_FACE('',(#2407),#1954,.F.);
#7251=ADVANCED_FACE('',(#2408),#1955,.F.);
#7252=ADVANCED_FACE('',(#2409),#1956,.F.);
#7253=ADVANCED_FACE('',(#2410),#1957,.T.);
#7254=ADVANCED_FACE('',(#2411),#1958,.T.);
#7255=ADVANCED_FACE('',(#2412),#1959,.T.);
#7256=ADVANCED_FACE('',(#2413),#1960,.T.);
#7257=ADVANCED_FACE('',(#2414),#1961,.F.);
#7258=ADVANCED_FACE('',(#2415),#1962,.T.);
#7259=ADVANCED_FACE('',(#2416),#1963,.T.);
#7260=ADVANCED_FACE('',(#2417),#1964,.F.);
#7261=ADVANCED_FACE('',(#2418),#1965,.T.);
#7262=CLOSED_SHELL('',(#6809,#6810,#6811,#6812,#6813,#6814,#6815,#6816,
#6817,#6818,#6819,#6820,#6821,#6822,#6823,#6824,#6825,#6826,#6827,#6828,
#6829,#6830,#6831,#6832,#6833,#6834,#6835,#6836,#6837,#6838,#6839,#6840,
#6841,#6842,#6843,#6844,#6845,#6846,#6847,#6848,#6849,#6850,#6851,#6852,
#6853,#6854,#6855,#6856,#6857,#6858,#6859,#6860,#6861,#6862,#6863,#6864,
#6865,#6866,#6867,#6868,#6869,#6870,#6871,#6872,#6873,#6874,#6875,#6876,
#6877,#6878,#6879,#6880,#6881,#6882,#6883,#6884,#6885,#6886,#6887,#6888,
#6889,#6890,#6891,#6892,#6893,#6894,#6895,#6896,#6897,#6898,#6899,#6900,
#6901,#6902,#6903,#6904,#6905,#6906,#6907,#6908,#6909,#6910,#6911,#6912,
#6913,#6914,#6915,#6916,#6917,#6918,#6919,#6920,#6921,#6922,#6923));
#7263=CLOSED_SHELL('',(#6924,#6925,#6926,#6927,#6928,#6929,#6930,#6931,
#6932,#6933,#6934,#6935,#6936,#6937,#6938,#6939,#6940,#6941,#6942,#6943,
#6944,#6945,#6946,#6947,#6948,#6949,#6950,#6951,#6952,#6953,#6954,#6955,
#6956,#6957,#6958,#6959,#6960,#6961,#6962,#6963,#6964,#6965,#6966,#6967,
#6968,#6969,#6970,#6971,#6972,#6973,#6974,#6975,#6976,#6977,#6978,#6979,
#6980,#6981,#6982,#6983,#6984,#6985,#6986,#6987,#6988,#6989,#6990,#6991,
#6992,#6993,#6994,#6995,#6996,#6997,#6998,#6999,#7000,#7001,#7002,#7003,
#7004,#7005,#7006,#7007,#7008,#7009,#7010,#7011,#7012,#7013,#7014,#7015,
#7016,#7017,#7018,#7019,#7020,#7021,#7022,#7023,#7024,#7025,#7026,#7027,
#7028,#7029,#7030,#7031,#7032,#7033,#7034,#7035,#7036,#7037,#7038,#7039,
#7040,#7041,#7042,#7043,#7044,#7045,#7046,#7047,#7048,#7049,#7050,#7051,
#7052,#7053,#7054,#7055,#7056,#7057,#7058,#7059,#7060,#7061,#7062,#7063,
#7064,#7065,#7066,#7067,#7068,#7069,#7070,#7071,#7072,#7073,#7074,#7075,
#7076,#7077,#7078,#7079,#7080,#7081,#7082,#7083,#7084,#7085,#7086,#7087,
#7088,#7089,#7090,#7091,#7092,#7093,#7094,#7095,#7096,#7097,#7098,#7099,
#7100,#7101,#7102,#7103,#7104,#7105,#7106,#7107,#7108,#7109,#7110,#7111,
#7112,#7113,#7114,#7115,#7116,#7117,#7118,#7119,#7120,#7121,#7122,#7123,
#7124,#7125,#7126,#7127,#7128,#7129,#7130,#7131,#7132,#7133,#7134,#7135,
#7136,#7137,#7138,#7139,#7140,#7141,#7142,#7143,#7144,#7145,#7146,#7147,
#7148,#7149,#7150,#7151,#7152,#7153,#7154,#7155,#7156,#7157,#7158,#7159,
#7160,#7161,#7162,#7163,#7164,#7165,#7166,#7167,#7168,#7169,#7170,#7171,
#7172,#7173,#7174,#7175,#7176,#7177,#7178,#7179,#7180,#7181,#7182,#7183,
#7184,#7185,#7186,#7187,#7188,#7189,#7190,#7191,#7192,#7193,#7194,#7195,
#7196,#7197,#7198,#7199,#7200,#7201,#7202,#7203,#7204,#7205,#7206,#7207,
#7208,#7209,#7210,#7211,#7212,#7213,#7214,#7215,#7216,#7217,#7218,#7219,
#7220,#7221,#7222,#7223,#7224,#7225,#7226,#7227,#7228,#7229,#7230,#7231,
#7232,#7233,#7234,#7235,#7236,#7237,#7238,#7239,#7240,#7241,#7242,#7243,
#7244,#7245,#7246,#7247,#7248,#7249,#7250,#7251,#7252,#7253,#7254,#7255,
#7256,#7257,#7258,#7259,#7260,#7261));
#7264=DERIVED_UNIT_ELEMENT(#7268,1.);
#7265=DERIVED_UNIT_ELEMENT(#12932,-3.);
#7266=DERIVED_UNIT_ELEMENT(#7268,1.);
#7267=DERIVED_UNIT_ELEMENT(#12932,-3.);
#7268=(
MASS_UNIT()
NAMED_UNIT(*)
SI_UNIT(.KILO.,.GRAM.)
);
#7269=DERIVED_UNIT((#7264,#7265));
#7270=DERIVED_UNIT((#7266,#7267));
#7271=MEASURE_REPRESENTATION_ITEM('density measure',
POSITIVE_RATIO_MEASURE(7850.),#7269);
#7272=MEASURE_REPRESENTATION_ITEM('density measure',
POSITIVE_RATIO_MEASURE(7850.),#7270);
#7273=PROPERTY_DEFINITION_REPRESENTATION(#7283,#7277);
#7274=PROPERTY_DEFINITION_REPRESENTATION(#7284,#7278);
#7275=PROPERTY_DEFINITION_REPRESENTATION(#7285,#7279);
#7276=PROPERTY_DEFINITION_REPRESENTATION(#7286,#7280);
#7277=REPRESENTATION('material name',(#7281),#12928);
#7278=REPRESENTATION('density',(#7271),#12928);
#7279=REPRESENTATION('material name',(#7282),#12929);
#7280=REPRESENTATION('density',(#7272),#12929);
#7281=DESCRIPTIVE_REPRESENTATION_ITEM('Steel','Steel');
#7282=DESCRIPTIVE_REPRESENTATION_ITEM('Steel','Steel');
#7283=PROPERTY_DEFINITION('material property','material name',#12948);
#7284=PROPERTY_DEFINITION('material property','density of part',#12948);
#7285=PROPERTY_DEFINITION('material property','material name',#12949);
#7286=PROPERTY_DEFINITION('material property','density of part',#12949);
#7287=AXIS2_PLACEMENT_3D('',#10106,#8005,#8006);
#7288=AXIS2_PLACEMENT_3D('',#10107,#8007,#8008);
#7289=AXIS2_PLACEMENT_3D('',#10108,#8009,#8010);
#7290=AXIS2_PLACEMENT_3D('',#10110,#8011,#8012);
#7291=AXIS2_PLACEMENT_3D('',#10112,#8013,#8014);
#7292=AXIS2_PLACEMENT_3D('',#10114,#8015,#8016);
#7293=AXIS2_PLACEMENT_3D('',#10115,#8017,#8018);
#7294=AXIS2_PLACEMENT_3D('',#10116,#8019,#8020);
#7295=AXIS2_PLACEMENT_3D('',#10216,#8057,#8058);
#7296=AXIS2_PLACEMENT_3D('',#10218,#8059,#8060);
#7297=AXIS2_PLACEMENT_3D('',#10219,#8061,#8062);
#7298=AXIS2_PLACEMENT_3D('',#10222,#8064,#8065);
#7299=AXIS2_PLACEMENT_3D('',#10223,#8066,#8067);
#7300=AXIS2_PLACEMENT_3D('',#10225,#8068,#8069);
#7301=AXIS2_PLACEMENT_3D('',#10227,#8070,#8071);
#7302=AXIS2_PLACEMENT_3D('',#10228,#8072,#8073);
#7303=AXIS2_PLACEMENT_3D('',#10229,#8074,#8075);
#7304=AXIS2_PLACEMENT_3D('',#10232,#8077,#8078);
#7305=AXIS2_PLACEMENT_3D('',#10233,#8079,#8080);
#7306=AXIS2_PLACEMENT_3D('',#10235,#8081,#8082);
#7307=AXIS2_PLACEMENT_3D('',#10237,#8083,#8084);
#7308=AXIS2_PLACEMENT_3D('',#10238,#8085,#8086);
#7309=AXIS2_PLACEMENT_3D('',#10239,#8087,#8088);
#7310=AXIS2_PLACEMENT_3D('',#10242,#8090,#8091);
#7311=AXIS2_PLACEMENT_3D('',#10243,#8092,#8093);
#7312=AXIS2_PLACEMENT_3D('',#10245,#8094,#8095);
#7313=AXIS2_PLACEMENT_3D('',#10248,#8097,#8098);
#7314=AXIS2_PLACEMENT_3D('',#10249,#8099,#8100);
#7315=AXIS2_PLACEMENT_3D('',#10266,#8108,#8109);
#7316=AXIS2_PLACEMENT_3D('',#10275,#8114,#8115);
#7317=AXIS2_PLACEMENT_3D('',#10277,#8116,#8117);
#7318=AXIS2_PLACEMENT_3D('',#10279,#8118,#8119);
#7319=AXIS2_PLACEMENT_3D('',#10281,#8120,#8121);
#7320=AXIS2_PLACEMENT_3D('',#10286,#8123,#8124);
#7321=AXIS2_PLACEMENT_3D('',#10290,#8126,#8127);
#7322=AXIS2_PLACEMENT_3D('',#10294,#8129,#8130);
#7323=AXIS2_PLACEMENT_3D('',#10297,#8132,#8133);
#7324=AXIS2_PLACEMENT_3D('',#10299,#8134,#8135);
#7325=AXIS2_PLACEMENT_3D('',#10301,#8136,#8137);
#7326=AXIS2_PLACEMENT_3D('',#10302,#8138,#8139);
#7327=AXIS2_PLACEMENT_3D('',#10304,#8140,#8141);
#7328=AXIS2_PLACEMENT_3D('',#10306,#8143,#8144);
#7329=AXIS2_PLACEMENT_3D('',#10309,#8146,#8147);
#7330=AXIS2_PLACEMENT_3D('',#10310,#8148,#8149);
#7331=AXIS2_PLACEMENT_3D('',#10312,#8150,#8151);
#7332=AXIS2_PLACEMENT_3D('',#10314,#8153,#8154);
#7333=AXIS2_PLACEMENT_3D('',#10317,#8156,#8157);
#7334=AXIS2_PLACEMENT_3D('',#10318,#8158,#8159);
#7335=AXIS2_PLACEMENT_3D('',#10320,#8160,#8161);
#7336=AXIS2_PLACEMENT_3D('',#10322,#8163,#8164);
#7337=AXIS2_PLACEMENT_3D('',#10323,#8165,#8166);
#7338=AXIS2_PLACEMENT_3D('',#10324,#8167,#8168);
#7339=AXIS2_PLACEMENT_3D('',#10325,#8169,#8170);
#7340=AXIS2_PLACEMENT_3D('',#10327,#8171,#8172);
#7341=AXIS2_PLACEMENT_3D('',#10330,#8174,#8175);
#7342=AXIS2_PLACEMENT_3D('',#10331,#8176,#8177);
#7343=AXIS2_PLACEMENT_3D('',#10333,#8178,#8179);
#7344=AXIS2_PLACEMENT_3D('',#10335,#8181,#8182);
#7345=AXIS2_PLACEMENT_3D('',#10338,#8184,#8185);
#7346=AXIS2_PLACEMENT_3D('',#10339,#8186,#8187);
#7347=AXIS2_PLACEMENT_3D('',#10342,#8189,#8190);
#7348=AXIS2_PLACEMENT_3D('',#10343,#8191,#8192);
#7349=AXIS2_PLACEMENT_3D('',#10345,#8193,#8194);
#7350=AXIS2_PLACEMENT_3D('',#10346,#8195,#8196);
#7351=AXIS2_PLACEMENT_3D('',#10347,#8197,#8198);
#7352=AXIS2_PLACEMENT_3D('',#10349,#8199,#8200);
#7353=AXIS2_PLACEMENT_3D('',#10372,#8202,#8203);
#7354=AXIS2_PLACEMENT_3D('',#10381,#8204,#8205);
#7355=AXIS2_PLACEMENT_3D('',#10382,#8206,#8207);
#7356=AXIS2_PLACEMENT_3D('',#10478,#8208,#8209);
#7357=AXIS2_PLACEMENT_3D('',#10484,#8213,#8214);
#7358=AXIS2_PLACEMENT_3D('',#10583,#8217,#8218);
#7359=AXIS2_PLACEMENT_3D('',#10584,#8219,#8220);
#7360=AXIS2_PLACEMENT_3D('',#10617,#8229,#8230);
#7361=AXIS2_PLACEMENT_3D('',#10620,#8232,#8233);
#7362=AXIS2_PLACEMENT_3D('',#10621,#8234,#8235);
#7363=AXIS2_PLACEMENT_3D('',#10624,#8237,#8238);
#7364=AXIS2_PLACEMENT_3D('',#10625,#8239,#8240);
#7365=AXIS2_PLACEMENT_3D('',#10628,#8242,#8243);
#7366=AXIS2_PLACEMENT_3D('',#10629,#8244,#8245);
#7367=AXIS2_PLACEMENT_3D('',#10632,#8247,#8248);
#7368=AXIS2_PLACEMENT_3D('',#10633,#8249,#8250);
#7369=AXIS2_PLACEMENT_3D('',#10636,#8252,#8253);
#7370=AXIS2_PLACEMENT_3D('',#10637,#8254,#8255);
#7371=AXIS2_PLACEMENT_3D('',#10640,#8257,#8258);
#7372=AXIS2_PLACEMENT_3D('',#10641,#8259,#8260);
#7373=AXIS2_PLACEMENT_3D('',#10642,#8261,#8262);
#7374=AXIS2_PLACEMENT_3D('',#10643,#8263,#8264);
#7375=AXIS2_PLACEMENT_3D('',#10644,#8265,#8266);
#7376=AXIS2_PLACEMENT_3D('',#10646,#8267,#8268);
#7377=AXIS2_PLACEMENT_3D('',#10649,#8270,#8271);
#7378=AXIS2_PLACEMENT_3D('',#10650,#8272,#8273);
#7379=AXIS2_PLACEMENT_3D('',#10652,#8274,#8275);
#7380=AXIS2_PLACEMENT_3D('',#10653,#8276,#8277);
#7381=AXIS2_PLACEMENT_3D('',#10654,#8278,#8279);
#7382=AXIS2_PLACEMENT_3D('',#10656,#8280,#8281);
#7383=AXIS2_PLACEMENT_3D('',#10658,#8283,#8284);
#7384=AXIS2_PLACEMENT_3D('',#10660,#8285,#8286);
#7385=AXIS2_PLACEMENT_3D('',#10661,#8287,#8288);
#7386=AXIS2_PLACEMENT_3D('',#10662,#8289,#8290);
#7387=AXIS2_PLACEMENT_3D('',#10664,#8291,#8292);
#7388=AXIS2_PLACEMENT_3D('',#10666,#8294,#8295);
#7389=AXIS2_PLACEMENT_3D('',#10668,#8296,#8297);
#7390=AXIS2_PLACEMENT_3D('',#10669,#8298,#8299);
#7391=AXIS2_PLACEMENT_3D('',#10670,#8300,#8301);
#7392=AXIS2_PLACEMENT_3D('',#10672,#8302,#8303);
#7393=AXIS2_PLACEMENT_3D('',#10674,#8305,#8306);
#7394=AXIS2_PLACEMENT_3D('',#10675,#8307,#8308);
#7395=AXIS2_PLACEMENT_3D('',#10676,#8309,#8310);
#7396=AXIS2_PLACEMENT_3D('',#10680,#8312,#8313);
#7397=AXIS2_PLACEMENT_3D('',#10682,#8315,#8316);
#7398=AXIS2_PLACEMENT_3D('',#10686,#8319,#8320);
#7399=AXIS2_PLACEMENT_3D('',#10689,#8322,#8323);
#7400=AXIS2_PLACEMENT_3D('',#10690,#8324,#8325);
#7401=AXIS2_PLACEMENT_3D('',#10694,#8328,#8329);
#7402=AXIS2_PLACEMENT_3D('',#10696,#8330,#8331);
#7403=AXIS2_PLACEMENT_3D('',#10699,#8333,#8334);
#7404=AXIS2_PLACEMENT_3D('',#10700,#8335,#8336);
#7405=AXIS2_PLACEMENT_3D('',#10702,#8337,#8338);
#7406=AXIS2_PLACEMENT_3D('',#10703,#8339,#8340);
#7407=AXIS2_PLACEMENT_3D('',#10704,#8341,#8342);
#7408=AXIS2_PLACEMENT_3D('',#10706,#8343,#8344);
#7409=AXIS2_PLACEMENT_3D('',#10708,#8346,#8347);
#7410=AXIS2_PLACEMENT_3D('',#10710,#8348,#8349);
#7411=AXIS2_PLACEMENT_3D('',#10711,#8350,#8351);
#7412=AXIS2_PLACEMENT_3D('',#10712,#8352,#8353);
#7413=AXIS2_PLACEMENT_3D('',#10715,#8354,#8355);
#7414=AXIS2_PLACEMENT_3D('',#10718,#8358,#8359);
#7415=AXIS2_PLACEMENT_3D('',#10721,#8360,#8361);
#7416=AXIS2_PLACEMENT_3D('',#10722,#8362,#8363);
#7417=AXIS2_PLACEMENT_3D('',#10723,#8364,#8365);
#7418=AXIS2_PLACEMENT_3D('',#10724,#8366,#8367);
#7419=AXIS2_PLACEMENT_3D('',#10727,#8368,#8369);
#7420=AXIS2_PLACEMENT_3D('',#10730,#8372,#8373);
#7421=AXIS2_PLACEMENT_3D('',#10731,#8374,#8375);
#7422=AXIS2_PLACEMENT_3D('',#10732,#8376,#8377);
#7423=AXIS2_PLACEMENT_3D('',#10733,#8378,#8379);
#7424=AXIS2_PLACEMENT_3D('',#10736,#8382,#8383);
#7425=AXIS2_PLACEMENT_3D('',#10738,#8385,#8386);
#7426=AXIS2_PLACEMENT_3D('',#10739,#8387,#8388);
#7427=AXIS2_PLACEMENT_3D('',#10743,#8391,#8392);
#7428=AXIS2_PLACEMENT_3D('',#10749,#8394,#8395);
#7429=AXIS2_PLACEMENT_3D('',#10761,#8397,#8398);
#7430=AXIS2_PLACEMENT_3D('',#10770,#8399,#8400);
#7431=AXIS2_PLACEMENT_3D('',#10777,#8402,#8403);
#7432=AXIS2_PLACEMENT_3D('',#10781,#8406,#8407);
#7433=AXIS2_PLACEMENT_3D('',#10788,#8409,#8410);
#7434=AXIS2_PLACEMENT_3D('',#10793,#8411,#8412);
#7435=AXIS2_PLACEMENT_3D('',#10797,#8415,#8416);
#7436=AXIS2_PLACEMENT_3D('',#10798,#8417,#8418);
#7437=AXIS2_PLACEMENT_3D('',#10805,#8420,#8421);
#7438=AXIS2_PLACEMENT_3D('',#10812,#8423,#8424);
#7439=AXIS2_PLACEMENT_3D('',#10816,#8427,#8428);
#7440=AXIS2_PLACEMENT_3D('',#10817,#8429,#8430);
#7441=AXIS2_PLACEMENT_3D('',#10819,#8431,#8432);
#7442=AXIS2_PLACEMENT_3D('',#10821,#8433,#8434);
#7443=AXIS2_PLACEMENT_3D('',#10823,#8435,#8436);
#7444=AXIS2_PLACEMENT_3D('',#10825,#8437,#8438);
#7445=AXIS2_PLACEMENT_3D('',#10827,#8439,#8440);
#7446=AXIS2_PLACEMENT_3D('',#10828,#8441,#8442);
#7447=AXIS2_PLACEMENT_3D('',#10830,#8443,#8444);
#7448=AXIS2_PLACEMENT_3D('',#10831,#8445,#8446);
#7449=AXIS2_PLACEMENT_3D('',#10833,#8447,#8448);
#7450=AXIS2_PLACEMENT_3D('',#10835,#8449,#8450);
#7451=AXIS2_PLACEMENT_3D('',#10846,#8451,#8452);
#7452=AXIS2_PLACEMENT_3D('',#10848,#8453,#8454);
#7453=AXIS2_PLACEMENT_3D('',#10849,#8455,#8456);
#7454=AXIS2_PLACEMENT_3D('',#10851,#8457,#8458);
#7455=AXIS2_PLACEMENT_3D('',#10852,#8459,#8460);
#7456=AXIS2_PLACEMENT_3D('',#10853,#8461,#8462);
#7457=AXIS2_PLACEMENT_3D('',#10854,#8463,#8464);
#7458=AXIS2_PLACEMENT_3D('',#10860,#8466,#8467);
#7459=AXIS2_PLACEMENT_3D('',#10867,#8470,#8471);
#7460=AXIS2_PLACEMENT_3D('',#10868,#8472,#8473);
#7461=AXIS2_PLACEMENT_3D('',#10870,#8475,#8476);
#7462=AXIS2_PLACEMENT_3D('',#10872,#8478,#8479);
#7463=AXIS2_PLACEMENT_3D('',#10874,#8481,#8482);
#7464=AXIS2_PLACEMENT_3D('',#10876,#8484,#8485);
#7465=AXIS2_PLACEMENT_3D('',#10880,#8486,#8487);
#7466=AXIS2_PLACEMENT_3D('',#10881,#8488,#8489);
#7467=AXIS2_PLACEMENT_3D('',#10883,#8491,#8492);
#7468=AXIS2_PLACEMENT_3D('',#10884,#8493,#8494);
#7469=AXIS2_PLACEMENT_3D('',#10885,#8495,#8496);
#7470=AXIS2_PLACEMENT_3D('',#10887,#8498,#8499);
#7471=AXIS2_PLACEMENT_3D('',#10888,#8500,#8501);
#7472=AXIS2_PLACEMENT_3D('',#10889,#8502,#8503);
#7473=AXIS2_PLACEMENT_3D('',#10890,#8504,#8505);
#7474=AXIS2_PLACEMENT_3D('',#10892,#8507,#8508);
#7475=AXIS2_PLACEMENT_3D('',#10893,#8509,#8510);
#7476=AXIS2_PLACEMENT_3D('',#10894,#8511,#8512);
#7477=AXIS2_PLACEMENT_3D('',#10896,#8514,#8515);
#7478=AXIS2_PLACEMENT_3D('',#10897,#8516,#8517);
#7479=AXIS2_PLACEMENT_3D('',#10899,#8519,#8520);
#7480=AXIS2_PLACEMENT_3D('',#10903,#8523,#8524);
#7481=AXIS2_PLACEMENT_3D('',#10904,#8525,#8526);
#7482=AXIS2_PLACEMENT_3D('',#10906,#8528,#8529);
#7483=AXIS2_PLACEMENT_3D('',#10911,#8530,#8531);
#7484=AXIS2_PLACEMENT_3D('',#10916,#8532,#8533);
#7485=AXIS2_PLACEMENT_3D('',#10921,#8534,#8535);
#7486=AXIS2_PLACEMENT_3D('',#10922,#8536,#8537);
#7487=AXIS2_PLACEMENT_3D('',#10923,#8538,#8539);
#7488=AXIS2_PLACEMENT_3D('',#10924,#8540,#8541);
#7489=AXIS2_PLACEMENT_3D('',#10925,#8542,#8543);
#7490=AXIS2_PLACEMENT_3D('',#10927,#8545,#8546);
#7491=AXIS2_PLACEMENT_3D('',#10928,#8547,#8548);
#7492=AXIS2_PLACEMENT_3D('',#10930,#8550,#8551);
#7493=AXIS2_PLACEMENT_3D('',#10932,#8553,#8554);
#7494=AXIS2_PLACEMENT_3D('',#10933,#8555,#8556);
#7495=AXIS2_PLACEMENT_3D('',#10934,#8557,#8558);
#7496=AXIS2_PLACEMENT_3D('',#10935,#8559,#8560);
#7497=AXIS2_PLACEMENT_3D('',#10937,#8562,#8563);
#7498=AXIS2_PLACEMENT_3D('',#10939,#8565,#8566);
#7499=AXIS2_PLACEMENT_3D('',#10940,#8567,#8568);
#7500=AXIS2_PLACEMENT_3D('',#10941,#8569,#8570);
#7501=AXIS2_PLACEMENT_3D('',#10943,#8571,#8572);
#7502=AXIS2_PLACEMENT_3D('',#10946,#8574,#8575);
#7503=AXIS2_PLACEMENT_3D('',#10947,#8576,#8577);
#7504=AXIS2_PLACEMENT_3D('',#10956,#8582,#8583);
#7505=AXIS2_PLACEMENT_3D('',#10958,#8584,#8585);
#7506=AXIS2_PLACEMENT_3D('',#10960,#8587,#8588);
#7507=AXIS2_PLACEMENT_3D('',#10969,#8593,#8594);
#7508=AXIS2_PLACEMENT_3D('',#10975,#8598,#8599);
#7509=AXIS2_PLACEMENT_3D('',#10981,#8603,#8604);
#7510=AXIS2_PLACEMENT_3D('',#10984,#8607,#8608);
#7511=AXIS2_PLACEMENT_3D('',#10987,#8611,#8612);
#7512=AXIS2_PLACEMENT_3D('',#10989,#8614,#8615);
#7513=AXIS2_PLACEMENT_3D('',#10992,#8616,#8617);
#7514=AXIS2_PLACEMENT_3D('',#11000,#8621,#8622);
#7515=AXIS2_PLACEMENT_3D('',#11002,#8624,#8625);
#7516=AXIS2_PLACEMENT_3D('',#11004,#8627,#8628);
#7517=AXIS2_PLACEMENT_3D('',#11005,#8629,#8630);
#7518=AXIS2_PLACEMENT_3D('',#11007,#8631,#8632);
#7519=AXIS2_PLACEMENT_3D('',#11009,#8633,#8634);
#7520=AXIS2_PLACEMENT_3D('',#11011,#8635,#8636);
#7521=AXIS2_PLACEMENT_3D('',#11012,#8637,#8638);
#7522=AXIS2_PLACEMENT_3D('',#11013,#8639,#8640);
#7523=AXIS2_PLACEMENT_3D('',#11017,#8642,#8643);
#7524=AXIS2_PLACEMENT_3D('',#11018,#8644,#8645);
#7525=AXIS2_PLACEMENT_3D('',#11019,#8646,#8647);
#7526=AXIS2_PLACEMENT_3D('',#11040,#8657,#8658);
#7527=AXIS2_PLACEMENT_3D('',#11044,#8660,#8661);
#7528=AXIS2_PLACEMENT_3D('',#11048,#8663,#8664);
#7529=AXIS2_PLACEMENT_3D('',#11051,#8666,#8667);
#7530=AXIS2_PLACEMENT_3D('',#11128,#8668,#8669);
#7531=AXIS2_PLACEMENT_3D('',#11129,#8670,#8671);
#7532=AXIS2_PLACEMENT_3D('',#11130,#8672,#8673);
#7533=AXIS2_PLACEMENT_3D('',#11133,#8674,#8675);
#7534=AXIS2_PLACEMENT_3D('',#11149,#8679,#8680);
#7535=AXIS2_PLACEMENT_3D('',#11152,#8681,#8682);
#7536=AXIS2_PLACEMENT_3D('',#11156,#8684,#8685);
#7537=AXIS2_PLACEMENT_3D('',#11158,#8687,#8688);
#7538=AXIS2_PLACEMENT_3D('',#11184,#8702,#8703);
#7539=AXIS2_PLACEMENT_3D('',#11190,#8707,#8708);
#7540=AXIS2_PLACEMENT_3D('',#11192,#8709,#8710);
#7541=AXIS2_PLACEMENT_3D('',#11195,#8712,#8713);
#7542=AXIS2_PLACEMENT_3D('',#11196,#8714,#8715);
#7543=AXIS2_PLACEMENT_3D('',#11202,#8719,#8720);
#7544=AXIS2_PLACEMENT_3D('',#11204,#8721,#8722);
#7545=AXIS2_PLACEMENT_3D('',#11207,#8724,#8725);
#7546=AXIS2_PLACEMENT_3D('',#11208,#8726,#8727);
#7547=AXIS2_PLACEMENT_3D('',#11214,#8731,#8732);
#7548=AXIS2_PLACEMENT_3D('',#11216,#8733,#8734);
#7549=AXIS2_PLACEMENT_3D('',#11219,#8736,#8737);
#7550=AXIS2_PLACEMENT_3D('',#11220,#8738,#8739);
#7551=AXIS2_PLACEMENT_3D('',#11226,#8743,#8744);
#7552=AXIS2_PLACEMENT_3D('',#11228,#8745,#8746);
#7553=AXIS2_PLACEMENT_3D('',#11230,#8748,#8749);
#7554=AXIS2_PLACEMENT_3D('',#11231,#8750,#8751);
#7555=AXIS2_PLACEMENT_3D('',#11235,#8754,#8755);
#7556=AXIS2_PLACEMENT_3D('',#11238,#8757,#8758);
#7557=AXIS2_PLACEMENT_3D('',#11246,#8762,#8763);
#7558=AXIS2_PLACEMENT_3D('',#11250,#8765,#8766);
#7559=AXIS2_PLACEMENT_3D('',#11253,#8768,#8769);
#7560=AXIS2_PLACEMENT_3D('',#11255,#8771,#8772);
#7561=AXIS2_PLACEMENT_3D('',#11257,#8773,#8774);
#7562=AXIS2_PLACEMENT_3D('',#11260,#8776,#8777);
#7563=AXIS2_PLACEMENT_3D('',#11261,#8778,#8779);
#7564=AXIS2_PLACEMENT_3D('',#11266,#8781,#8782);
#7565=AXIS2_PLACEMENT_3D('',#11334,#8814,#8815);
#7566=AXIS2_PLACEMENT_3D('',#11338,#8817,#8818);
#7567=AXIS2_PLACEMENT_3D('',#11342,#8820,#8821);
#7568=AXIS2_PLACEMENT_3D('',#11348,#8824,#8825);
#7569=AXIS2_PLACEMENT_3D('',#11352,#8827,#8828);
#7570=AXIS2_PLACEMENT_3D('',#11358,#8831,#8832);
#7571=AXIS2_PLACEMENT_3D('',#11361,#8834,#8835);
#7572=AXIS2_PLACEMENT_3D('',#11363,#8836,#8837);
#7573=AXIS2_PLACEMENT_3D('',#11365,#8838,#8839);
#7574=AXIS2_PLACEMENT_3D('',#11366,#8840,#8841);
#7575=AXIS2_PLACEMENT_3D('',#11368,#8842,#8843);
#7576=AXIS2_PLACEMENT_3D('',#11370,#8845,#8846);
#7577=AXIS2_PLACEMENT_3D('',#11373,#8848,#8849);
#7578=AXIS2_PLACEMENT_3D('',#11374,#8850,#8851);
#7579=AXIS2_PLACEMENT_3D('',#11376,#8852,#8853);
#7580=AXIS2_PLACEMENT_3D('',#11378,#8855,#8856);
#7581=AXIS2_PLACEMENT_3D('',#11381,#8858,#8859);
#7582=AXIS2_PLACEMENT_3D('',#11382,#8860,#8861);
#7583=AXIS2_PLACEMENT_3D('',#11384,#8862,#8863);
#7584=AXIS2_PLACEMENT_3D('',#11386,#8865,#8866);
#7585=AXIS2_PLACEMENT_3D('',#11387,#8867,#8868);
#7586=AXIS2_PLACEMENT_3D('',#11388,#8869,#8870);
#7587=AXIS2_PLACEMENT_3D('',#11421,#8871,#8872);
#7588=AXIS2_PLACEMENT_3D('',#11423,#8873,#8874);
#7589=AXIS2_PLACEMENT_3D('',#11425,#8875,#8876);
#7590=AXIS2_PLACEMENT_3D('',#11426,#8877,#8878);
#7591=AXIS2_PLACEMENT_3D('',#11427,#8879,#8880);
#7592=AXIS2_PLACEMENT_3D('',#11430,#8881,#8882);
#7593=AXIS2_PLACEMENT_3D('',#11460,#8885,#8886);
#7594=AXIS2_PLACEMENT_3D('',#11461,#8887,#8888);
#7595=AXIS2_PLACEMENT_3D('',#11462,#8889,#8890);
#7596=AXIS2_PLACEMENT_3D('',#11463,#8891,#8892);
#7597=AXIS2_PLACEMENT_3D('',#11466,#8893,#8894);
#7598=AXIS2_PLACEMENT_3D('',#11496,#8897,#8898);
#7599=AXIS2_PLACEMENT_3D('',#11497,#8899,#8900);
#7600=AXIS2_PLACEMENT_3D('',#11498,#8901,#8902);
#7601=AXIS2_PLACEMENT_3D('',#11499,#8903,#8904);
#7602=AXIS2_PLACEMENT_3D('',#11516,#8907,#8908);
#7603=AXIS2_PLACEMENT_3D('',#11519,#8910,#8911);
#7604=AXIS2_PLACEMENT_3D('',#11564,#8912,#8913);
#7605=AXIS2_PLACEMENT_3D('',#11590,#8914,#8915);
#7606=AXIS2_PLACEMENT_3D('',#11592,#8916,#8917);
#7607=AXIS2_PLACEMENT_3D('',#11593,#8918,#8919);
#7608=AXIS2_PLACEMENT_3D('',#11594,#8920,#8921);
#7609=AXIS2_PLACEMENT_3D('',#11597,#8924,#8925);
#7610=AXIS2_PLACEMENT_3D('',#11601,#8927,#8928);
#7611=AXIS2_PLACEMENT_3D('',#11603,#8930,#8931);
#7612=AXIS2_PLACEMENT_3D('',#11607,#8934,#8935);
#7613=AXIS2_PLACEMENT_3D('',#11610,#8937,#8938);
#7614=AXIS2_PLACEMENT_3D('',#11611,#8939,#8940);
#7615=AXIS2_PLACEMENT_3D('',#11615,#8943,#8944);
#7616=AXIS2_PLACEMENT_3D('',#11618,#8946,#8947);
#7617=AXIS2_PLACEMENT_3D('',#11619,#8948,#8949);
#7618=AXIS2_PLACEMENT_3D('',#11623,#8952,#8953);
#7619=AXIS2_PLACEMENT_3D('',#11625,#8954,#8955);
#7620=AXIS2_PLACEMENT_3D('',#11627,#8956,#8957);
#7621=AXIS2_PLACEMENT_3D('',#11628,#8958,#8959);
#7622=AXIS2_PLACEMENT_3D('',#11629,#8960,#8961);
#7623=AXIS2_PLACEMENT_3D('',#11631,#8962,#8963);
#7624=AXIS2_PLACEMENT_3D('',#11633,#8965,#8966);
#7625=AXIS2_PLACEMENT_3D('',#11635,#8967,#8968);
#7626=AXIS2_PLACEMENT_3D('',#11636,#8969,#8970);
#7627=AXIS2_PLACEMENT_3D('',#11637,#8971,#8972);
#7628=AXIS2_PLACEMENT_3D('',#11639,#8973,#8974);
#7629=AXIS2_PLACEMENT_3D('',#11641,#8976,#8977);
#7630=AXIS2_PLACEMENT_3D('',#11643,#8978,#8979);
#7631=AXIS2_PLACEMENT_3D('',#11644,#8980,#8981);
#7632=AXIS2_PLACEMENT_3D('',#11645,#8982,#8983);
#7633=AXIS2_PLACEMENT_3D('',#11648,#8984,#8985);
#7634=AXIS2_PLACEMENT_3D('',#11651,#8988,#8989);
#7635=AXIS2_PLACEMENT_3D('',#11654,#8990,#8991);
#7636=AXIS2_PLACEMENT_3D('',#11655,#8992,#8993);
#7637=AXIS2_PLACEMENT_3D('',#11656,#8994,#8995);
#7638=AXIS2_PLACEMENT_3D('',#11657,#8996,#8997);
#7639=AXIS2_PLACEMENT_3D('',#11660,#9000,#9001);
#7640=AXIS2_PLACEMENT_3D('',#11662,#9003,#9004);
#7641=AXIS2_PLACEMENT_3D('',#11664,#9006,#9007);
#7642=AXIS2_PLACEMENT_3D('',#11665,#9008,#9009);
#7643=AXIS2_PLACEMENT_3D('',#11668,#9010,#9011);
#7644=AXIS2_PLACEMENT_3D('',#11672,#9013,#9014);
#7645=AXIS2_PLACEMENT_3D('',#11676,#9016,#9017);
#7646=AXIS2_PLACEMENT_3D('',#11680,#9019,#9020);
#7647=AXIS2_PLACEMENT_3D('',#11682,#9022,#9023);
#7648=AXIS2_PLACEMENT_3D('',#11685,#9026,#9027);
#7649=AXIS2_PLACEMENT_3D('',#11687,#9029,#9030);
#7650=AXIS2_PLACEMENT_3D('',#11689,#9032,#9033);
#7651=AXIS2_PLACEMENT_3D('',#11691,#9035,#9036);
#7652=AXIS2_PLACEMENT_3D('',#11711,#9037,#9038);
#7653=AXIS2_PLACEMENT_3D('',#11713,#9040,#9041);
#7654=AXIS2_PLACEMENT_3D('',#11739,#9043,#9044);
#7655=AXIS2_PLACEMENT_3D('',#11741,#9046,#9047);
#7656=AXIS2_PLACEMENT_3D('',#11743,#9049,#9050);
#7657=AXIS2_PLACEMENT_3D('',#11745,#9052,#9053);
#7658=AXIS2_PLACEMENT_3D('',#11746,#9054,#9055);
#7659=AXIS2_PLACEMENT_3D('',#11747,#9056,#9057);
#7660=AXIS2_PLACEMENT_3D('',#11748,#9058,#9059);
#7661=AXIS2_PLACEMENT_3D('',#11754,#9063,#9064);
#7662=AXIS2_PLACEMENT_3D('',#11760,#9068,#9069);
#7663=AXIS2_PLACEMENT_3D('',#11761,#9070,#9071);
#7664=AXIS2_PLACEMENT_3D('',#11762,#9072,#9073);
#7665=AXIS2_PLACEMENT_3D('',#11765,#9075,#9076);
#7666=AXIS2_PLACEMENT_3D('',#11766,#9077,#9078);
#7667=AXIS2_PLACEMENT_3D('',#11767,#9079,#9080);
#7668=AXIS2_PLACEMENT_3D('',#11769,#9081,#9082);
#7669=AXIS2_PLACEMENT_3D('',#11771,#9083,#9084);
#7670=AXIS2_PLACEMENT_3D('',#11773,#9086,#9087);
#7671=AXIS2_PLACEMENT_3D('',#11779,#9091,#9092);
#7672=AXIS2_PLACEMENT_3D('',#11782,#9095,#9096);
#7673=AXIS2_PLACEMENT_3D('',#11784,#9098,#9099);
#7674=AXIS2_PLACEMENT_3D('',#11785,#9100,#9101);
#7675=AXIS2_PLACEMENT_3D('',#11786,#9102,#9103);
#7676=AXIS2_PLACEMENT_3D('',#11795,#9108,#9109);
#7677=AXIS2_PLACEMENT_3D('',#11803,#9114,#9115);
#7678=AXIS2_PLACEMENT_3D('',#11811,#9120,#9121);
#7679=AXIS2_PLACEMENT_3D('',#11813,#9123,#9124);
#7680=AXIS2_PLACEMENT_3D('',#11822,#9129,#9130);
#7681=AXIS2_PLACEMENT_3D('',#11828,#9134,#9135);
#7682=AXIS2_PLACEMENT_3D('',#11836,#9140,#9141);
#7683=AXIS2_PLACEMENT_3D('',#11844,#9146,#9147);
#7684=AXIS2_PLACEMENT_3D('',#11846,#9149,#9150);
#7685=AXIS2_PLACEMENT_3D('',#11851,#9153,#9154);
#7686=AXIS2_PLACEMENT_3D('',#11853,#9155,#9156);
#7687=AXIS2_PLACEMENT_3D('',#11861,#9160,#9161);
#7688=AXIS2_PLACEMENT_3D('',#11865,#9163,#9164);
#7689=AXIS2_PLACEMENT_3D('',#11869,#9166,#9167);
#7690=AXIS2_PLACEMENT_3D('',#11872,#9169,#9170);
#7691=AXIS2_PLACEMENT_3D('',#11877,#9172,#9173);
#7692=AXIS2_PLACEMENT_3D('',#11881,#9175,#9176);
#7693=AXIS2_PLACEMENT_3D('',#11885,#9178,#9179);
#7694=AXIS2_PLACEMENT_3D('',#11888,#9181,#9182);
#7695=AXIS2_PLACEMENT_3D('',#11889,#9183,#9184);
#7696=AXIS2_PLACEMENT_3D('',#11893,#9187,#9188);
#7697=AXIS2_PLACEMENT_3D('',#11901,#9192,#9193);
#7698=AXIS2_PLACEMENT_3D('',#11905,#9195,#9196);
#7699=AXIS2_PLACEMENT_3D('',#11915,#9201,#9202);
#7700=AXIS2_PLACEMENT_3D('',#11919,#9204,#9205);
#7701=AXIS2_PLACEMENT_3D('',#11923,#9207,#9208);
#7702=AXIS2_PLACEMENT_3D('',#11926,#9210,#9211);
#7703=AXIS2_PLACEMENT_3D('',#11931,#9213,#9214);
#7704=AXIS2_PLACEMENT_3D('',#11935,#9216,#9217);
#7705=AXIS2_PLACEMENT_3D('',#11939,#9219,#9220);
#7706=AXIS2_PLACEMENT_3D('',#11942,#9222,#9223);
#7707=AXIS2_PLACEMENT_3D('',#11943,#9224,#9225);
#7708=AXIS2_PLACEMENT_3D('',#11947,#9228,#9229);
#7709=AXIS2_PLACEMENT_3D('',#11949,#9230,#9231);
#7710=AXIS2_PLACEMENT_3D('',#11951,#9233,#9234);
#7711=AXIS2_PLACEMENT_3D('',#11972,#9244,#9245);
#7712=AXIS2_PLACEMENT_3D('',#11980,#9249,#9250);
#7713=AXIS2_PLACEMENT_3D('',#11984,#9253,#9254);
#7714=AXIS2_PLACEMENT_3D('',#11988,#9257,#9258);
#7715=AXIS2_PLACEMENT_3D('',#11994,#9262,#9263);
#7716=AXIS2_PLACEMENT_3D('',#11996,#9265,#9266);
#7717=AXIS2_PLACEMENT_3D('',#12000,#9269,#9270);
#7718=AXIS2_PLACEMENT_3D('',#12003,#9273,#9274);
#7719=AXIS2_PLACEMENT_3D('',#12005,#9276,#9277);
#7720=AXIS2_PLACEMENT_3D('',#12007,#9279,#9280);
#7721=AXIS2_PLACEMENT_3D('',#12010,#9282,#9283);
#7722=AXIS2_PLACEMENT_3D('',#12011,#9284,#9285);
#7723=AXIS2_PLACEMENT_3D('',#12013,#9286,#9287);
#7724=AXIS2_PLACEMENT_3D('',#12015,#9289,#9290);
#7725=AXIS2_PLACEMENT_3D('',#12021,#9294,#9295);
#7726=AXIS2_PLACEMENT_3D('',#12023,#9296,#9297);
#7727=AXIS2_PLACEMENT_3D('',#12025,#9299,#9300);
#7728=AXIS2_PLACEMENT_3D('',#12029,#9303,#9304);
#7729=AXIS2_PLACEMENT_3D('',#12031,#9305,#9306);
#7730=AXIS2_PLACEMENT_3D('',#12033,#9308,#9309);
#7731=AXIS2_PLACEMENT_3D('',#12037,#9312,#9313);
#7732=AXIS2_PLACEMENT_3D('',#12043,#9317,#9318);
#7733=AXIS2_PLACEMENT_3D('',#12046,#9320,#9321);
#7734=AXIS2_PLACEMENT_3D('',#12047,#9322,#9323);
#7735=AXIS2_PLACEMENT_3D('',#12051,#9326,#9327);
#7736=AXIS2_PLACEMENT_3D('',#12054,#9329,#9330);
#7737=AXIS2_PLACEMENT_3D('',#12055,#9331,#9332);
#7738=AXIS2_PLACEMENT_3D('',#12057,#9333,#9334);
#7739=AXIS2_PLACEMENT_3D('',#12059,#9336,#9337);
#7740=AXIS2_PLACEMENT_3D('',#12060,#9338,#9339);
#7741=AXIS2_PLACEMENT_3D('',#12061,#9340,#9341);
#7742=AXIS2_PLACEMENT_3D('',#12062,#9342,#9343);
#7743=AXIS2_PLACEMENT_3D('',#12063,#9344,#9345);
#7744=AXIS2_PLACEMENT_3D('',#12065,#9347,#9348);
#7745=AXIS2_PLACEMENT_3D('',#12068,#9350,#9351);
#7746=AXIS2_PLACEMENT_3D('',#12069,#9352,#9353);
#7747=AXIS2_PLACEMENT_3D('',#12072,#9356,#9357);
#7748=AXIS2_PLACEMENT_3D('',#12092,#9359,#9360);
#7749=AXIS2_PLACEMENT_3D('',#12093,#9361,#9362);
#7750=AXIS2_PLACEMENT_3D('',#12094,#9363,#9364);
#7751=AXIS2_PLACEMENT_3D('',#12096,#9366,#9367);
#7752=AXIS2_PLACEMENT_3D('',#12098,#9369,#9370);
#7753=AXIS2_PLACEMENT_3D('',#12100,#9372,#9373);
#7754=AXIS2_PLACEMENT_3D('',#12104,#9376,#9377);
#7755=AXIS2_PLACEMENT_3D('',#12106,#9379,#9380);
#7756=AXIS2_PLACEMENT_3D('',#12107,#9381,#9382);
#7757=AXIS2_PLACEMENT_3D('',#12109,#9384,#9385);
#7758=AXIS2_PLACEMENT_3D('',#12111,#9387,#9388);
#7759=AXIS2_PLACEMENT_3D('',#12112,#9389,#9390);
#7760=AXIS2_PLACEMENT_3D('',#12118,#9394,#9395);
#7761=AXIS2_PLACEMENT_3D('',#12124,#9399,#9400);
#7762=AXIS2_PLACEMENT_3D('',#12128,#9403,#9404);
#7763=AXIS2_PLACEMENT_3D('',#12134,#9408,#9409);
#7764=AXIS2_PLACEMENT_3D('',#12138,#9412,#9413);
#7765=AXIS2_PLACEMENT_3D('',#12140,#9415,#9416);
#7766=AXIS2_PLACEMENT_3D('',#12142,#9418,#9419);
#7767=AXIS2_PLACEMENT_3D('',#12143,#9420,#9421);
#7768=AXIS2_PLACEMENT_3D('',#12151,#9427,#9428);
#7769=AXIS2_PLACEMENT_3D('',#12153,#9430,#9431);
#7770=AXIS2_PLACEMENT_3D('',#12155,#9433,#9434);
#7771=AXIS2_PLACEMENT_3D('',#12157,#9436,#9437);
#7772=AXIS2_PLACEMENT_3D('',#12167,#9440,#9441);
#7773=AXIS2_PLACEMENT_3D('',#12174,#9443,#9444);
#7774=AXIS2_PLACEMENT_3D('',#12183,#9449,#9450);
#7775=AXIS2_PLACEMENT_3D('',#12192,#9453,#9454);
#7776=AXIS2_PLACEMENT_3D('',#12197,#9455,#9456);
#7777=AXIS2_PLACEMENT_3D('',#12201,#9459,#9460);
#7778=AXIS2_PLACEMENT_3D('',#12211,#9463,#9464);
#7779=AXIS2_PLACEMENT_3D('',#12220,#9469,#9470);
#7780=AXIS2_PLACEMENT_3D('',#12227,#9472,#9473);
#7781=AXIS2_PLACEMENT_3D('',#12233,#9477,#9478);
#7782=AXIS2_PLACEMENT_3D('',#12243,#9481,#9482);
#7783=AXIS2_PLACEMENT_3D('',#12250,#9485,#9486);
#7784=AXIS2_PLACEMENT_3D('',#12257,#9488,#9489);
#7785=AXIS2_PLACEMENT_3D('',#12266,#9492,#9493);
#7786=AXIS2_PLACEMENT_3D('',#12277,#9495,#9496);
#7787=AXIS2_PLACEMENT_3D('',#12286,#9499,#9500);
#7788=AXIS2_PLACEMENT_3D('',#12291,#9504,#9505);
#7789=AXIS2_PLACEMENT_3D('',#12300,#9506,#9507);
#7790=AXIS2_PLACEMENT_3D('',#12307,#9510,#9511);
#7791=AXIS2_PLACEMENT_3D('',#12316,#9512,#9513);
#7792=AXIS2_PLACEMENT_3D('',#12322,#9515,#9516);
#7793=AXIS2_PLACEMENT_3D('',#12323,#9517,#9518);
#7794=AXIS2_PLACEMENT_3D('',#12326,#9521,#9522);
#7795=AXIS2_PLACEMENT_3D('',#12329,#9525,#9526);
#7796=AXIS2_PLACEMENT_3D('',#12345,#9537,#9538);
#7797=AXIS2_PLACEMENT_3D('',#12347,#9539,#9540);
#7798=AXIS2_PLACEMENT_3D('',#12352,#9541,#9542);
#7799=AXIS2_PLACEMENT_3D('',#12357,#9543,#9544);
#7800=AXIS2_PLACEMENT_3D('',#12359,#9546,#9547);
#7801=AXIS2_PLACEMENT_3D('',#12360,#9548,#9549);
#7802=AXIS2_PLACEMENT_3D('',#12362,#9551,#9552);
#7803=AXIS2_PLACEMENT_3D('',#12364,#9554,#9555);
#7804=AXIS2_PLACEMENT_3D('',#12365,#9556,#9557);
#7805=AXIS2_PLACEMENT_3D('',#12366,#9558,#9559);
#7806=AXIS2_PLACEMENT_3D('',#12367,#9560,#9561);
#7807=AXIS2_PLACEMENT_3D('',#12368,#9562,#9563);
#7808=AXIS2_PLACEMENT_3D('',#12370,#9565,#9566);
#7809=AXIS2_PLACEMENT_3D('',#12371,#9567,#9568);
#7810=AXIS2_PLACEMENT_3D('',#12373,#9570,#9571);
#7811=AXIS2_PLACEMENT_3D('',#12374,#9572,#9573);
#7812=AXIS2_PLACEMENT_3D('',#12375,#9574,#9575);
#7813=AXIS2_PLACEMENT_3D('',#12387,#9577,#9578);
#7814=AXIS2_PLACEMENT_3D('',#12392,#9579,#9580);
#7815=AXIS2_PLACEMENT_3D('',#12394,#9581,#9582);
#7816=AXIS2_PLACEMENT_3D('',#12402,#9584,#9585);
#7817=AXIS2_PLACEMENT_3D('',#12404,#9586,#9587);
#7818=AXIS2_PLACEMENT_3D('',#12406,#9589,#9590);
#7819=AXIS2_PLACEMENT_3D('',#12408,#9591,#9592);
#7820=AXIS2_PLACEMENT_3D('',#12409,#9593,#9594);
#7821=AXIS2_PLACEMENT_3D('',#12414,#9595,#9596);
#7822=AXIS2_PLACEMENT_3D('',#12421,#9597,#9598);
#7823=AXIS2_PLACEMENT_3D('',#12423,#9600,#9601);
#7824=AXIS2_PLACEMENT_3D('',#12426,#9603,#9604);
#7825=AXIS2_PLACEMENT_3D('',#12430,#9607,#9608);
#7826=AXIS2_PLACEMENT_3D('',#12438,#9614,#9615);
#7827=AXIS2_PLACEMENT_3D('',#12441,#9616,#9617);
#7828=AXIS2_PLACEMENT_3D('',#12442,#9618,#9619);
#7829=AXIS2_PLACEMENT_3D('',#12444,#9620,#9621);
#7830=AXIS2_PLACEMENT_3D('',#12447,#9623,#9624);
#7831=AXIS2_PLACEMENT_3D('',#12448,#9625,#9626);
#7832=AXIS2_PLACEMENT_3D('',#12454,#9630,#9631);
#7833=AXIS2_PLACEMENT_3D('',#12462,#9636,#9637);
#7834=AXIS2_PLACEMENT_3D('',#12463,#9638,#9639);
#7835=AXIS2_PLACEMENT_3D('',#12466,#9640,#9641);
#7836=AXIS2_PLACEMENT_3D('',#12469,#9643,#9644);
#7837=AXIS2_PLACEMENT_3D('',#12471,#9645,#9646);
#7838=AXIS2_PLACEMENT_3D('',#12472,#9647,#9648);
#7839=AXIS2_PLACEMENT_3D('',#12473,#9649,#9650);
#7840=AXIS2_PLACEMENT_3D('',#12475,#9651,#9652);
#7841=AXIS2_PLACEMENT_3D('',#12477,#9653,#9654);
#7842=AXIS2_PLACEMENT_3D('',#12480,#9656,#9657);
#7843=AXIS2_PLACEMENT_3D('',#12481,#9658,#9659);
#7844=AXIS2_PLACEMENT_3D('',#12482,#9660,#9661);
#7845=AXIS2_PLACEMENT_3D('',#12487,#9665,#9666);
#7846=AXIS2_PLACEMENT_3D('',#12490,#9668,#9669);
#7847=AXIS2_PLACEMENT_3D('',#12491,#9670,#9671);
#7848=AXIS2_PLACEMENT_3D('',#12492,#9672,#9673);
#7849=AXIS2_PLACEMENT_3D('',#12494,#9674,#9675);
#7850=AXIS2_PLACEMENT_3D('',#12495,#9676,#9677);
#7851=AXIS2_PLACEMENT_3D('',#12497,#9678,#9679);
#7852=AXIS2_PLACEMENT_3D('',#12499,#9680,#9681);
#7853=AXIS2_PLACEMENT_3D('',#12500,#9682,#9683);
#7854=AXIS2_PLACEMENT_3D('',#12503,#9686,#9687);
#7855=AXIS2_PLACEMENT_3D('',#12505,#9689,#9690);
#7856=AXIS2_PLACEMENT_3D('',#12513,#9693,#9694);
#7857=AXIS2_PLACEMENT_3D('',#12519,#9696,#9697);
#7858=AXIS2_PLACEMENT_3D('',#12526,#9699,#9700);
#7859=AXIS2_PLACEMENT_3D('',#12532,#9702,#9703);
#7860=AXIS2_PLACEMENT_3D('',#12538,#9705,#9706);
#7861=AXIS2_PLACEMENT_3D('',#12545,#9708,#9709);
#7862=AXIS2_PLACEMENT_3D('',#12550,#9713,#9714);
#7863=AXIS2_PLACEMENT_3D('',#12557,#9717,#9718);
#7864=AXIS2_PLACEMENT_3D('',#12563,#9720,#9721);
#7865=AXIS2_PLACEMENT_3D('',#12566,#9724,#9725);
#7866=AXIS2_PLACEMENT_3D('',#12569,#9728,#9729);
#7867=AXIS2_PLACEMENT_3D('',#12571,#9731,#9732);
#7868=AXIS2_PLACEMENT_3D('',#12577,#9734,#9735);
#7869=AXIS2_PLACEMENT_3D('',#12582,#9736,#9737);
#7870=AXIS2_PLACEMENT_3D('',#12586,#9740,#9741);
#7871=AXIS2_PLACEMENT_3D('',#12592,#9743,#9744);
#7872=AXIS2_PLACEMENT_3D('',#12599,#9746,#9747);
#7873=AXIS2_PLACEMENT_3D('',#12607,#9750,#9751);
#7874=AXIS2_PLACEMENT_3D('',#12615,#9754,#9755);
#7875=AXIS2_PLACEMENT_3D('',#12617,#9757,#9758);
#7876=AXIS2_PLACEMENT_3D('',#12622,#9762,#9763);
#7877=AXIS2_PLACEMENT_3D('',#12628,#9765,#9766);
#7878=AXIS2_PLACEMENT_3D('',#12634,#9768,#9769);
#7879=AXIS2_PLACEMENT_3D('',#12637,#9772,#9773);
#7880=AXIS2_PLACEMENT_3D('',#12642,#9774,#9775);
#7881=AXIS2_PLACEMENT_3D('',#12647,#9776,#9777);
#7882=AXIS2_PLACEMENT_3D('',#12648,#9778,#9779);
#7883=AXIS2_PLACEMENT_3D('',#12649,#9780,#9781);
#7884=AXIS2_PLACEMENT_3D('',#12651,#9783,#9784);
#7885=AXIS2_PLACEMENT_3D('',#12652,#9785,#9786);
#7886=AXIS2_PLACEMENT_3D('',#12654,#9788,#9789);
#7887=AXIS2_PLACEMENT_3D('',#12655,#9790,#9791);
#7888=AXIS2_PLACEMENT_3D('',#12662,#9794,#9795);
#7889=AXIS2_PLACEMENT_3D('',#12663,#9796,#9797);
#7890=AXIS2_PLACEMENT_3D('',#12667,#9800,#9801);
#7891=AXIS2_PLACEMENT_3D('',#12668,#9802,#9803);
#7892=AXIS2_PLACEMENT_3D('',#12670,#9805,#9806);
#7893=AXIS2_PLACEMENT_3D('',#12671,#9807,#9808);
#7894=AXIS2_PLACEMENT_3D('',#12672,#9809,#9810);
#7895=AXIS2_PLACEMENT_3D('',#12673,#9811,#9812);
#7896=AXIS2_PLACEMENT_3D('',#12675,#9814,#9815);
#7897=AXIS2_PLACEMENT_3D('',#12676,#9816,#9817);
#7898=AXIS2_PLACEMENT_3D('',#12677,#9818,#9819);
#7899=AXIS2_PLACEMENT_3D('',#12678,#9820,#9821);
#7900=AXIS2_PLACEMENT_3D('',#12679,#9822,#9823);
#7901=AXIS2_PLACEMENT_3D('',#12681,#9825,#9826);
#7902=AXIS2_PLACEMENT_3D('',#12682,#9827,#9828);
#7903=AXIS2_PLACEMENT_3D('',#12687,#9829,#9830);
#7904=AXIS2_PLACEMENT_3D('',#12689,#9832,#9833);
#7905=AXIS2_PLACEMENT_3D('',#12691,#9835,#9836);
#7906=AXIS2_PLACEMENT_3D('',#12693,#9838,#9839);
#7907=AXIS2_PLACEMENT_3D('',#12694,#9840,#9841);
#7908=AXIS2_PLACEMENT_3D('',#12697,#9844,#9845);
#7909=AXIS2_PLACEMENT_3D('',#12698,#9846,#9847);
#7910=AXIS2_PLACEMENT_3D('',#12699,#9848,#9849);
#7911=AXIS2_PLACEMENT_3D('',#12700,#9850,#9851);
#7912=AXIS2_PLACEMENT_3D('',#12702,#9853,#9854);
#7913=AXIS2_PLACEMENT_3D('',#12703,#9855,#9856);
#7914=AXIS2_PLACEMENT_3D('',#12704,#9857,#9858);
#7915=AXIS2_PLACEMENT_3D('',#12705,#9859,#9860);
#7916=AXIS2_PLACEMENT_3D('',#12706,#9861,#9862);
#7917=AXIS2_PLACEMENT_3D('',#12707,#9863,#9864);
#7918=AXIS2_PLACEMENT_3D('',#12708,#9865,#9866);
#7919=AXIS2_PLACEMENT_3D('',#12709,#9867,#9868);
#7920=AXIS2_PLACEMENT_3D('',#12714,#9869,#9870);
#7921=AXIS2_PLACEMENT_3D('',#12715,#9871,#9872);
#7922=AXIS2_PLACEMENT_3D('',#12716,#9873,#9874);
#7923=AXIS2_PLACEMENT_3D('',#12717,#9875,#9876);
#7924=AXIS2_PLACEMENT_3D('',#12721,#9880,#9881);
#7925=AXIS2_PLACEMENT_3D('',#12722,#9882,#9883);
#7926=AXIS2_PLACEMENT_3D('',#12724,#9885,#9886);
#7927=AXIS2_PLACEMENT_3D('',#12726,#9888,#9889);
#7928=AXIS2_PLACEMENT_3D('',#12727,#9890,#9891);
#7929=AXIS2_PLACEMENT_3D('',#12728,#9892,#9893);
#7930=AXIS2_PLACEMENT_3D('',#12729,#9894,#9895);
#7931=AXIS2_PLACEMENT_3D('',#12732,#9896,#9897);
#7932=AXIS2_PLACEMENT_3D('',#12736,#9899,#9900);
#7933=AXIS2_PLACEMENT_3D('',#12740,#9902,#9903);
#7934=AXIS2_PLACEMENT_3D('',#12744,#9905,#9906);
#7935=AXIS2_PLACEMENT_3D('',#12746,#9908,#9909);
#7936=AXIS2_PLACEMENT_3D('',#12749,#9912,#9913);
#7937=AXIS2_PLACEMENT_3D('',#12751,#9915,#9916);
#7938=AXIS2_PLACEMENT_3D('',#12753,#9918,#9919);
#7939=AXIS2_PLACEMENT_3D('',#12755,#9921,#9922);
#7940=AXIS2_PLACEMENT_3D('',#12757,#9924,#9925);
#7941=AXIS2_PLACEMENT_3D('',#12759,#9927,#9928);
#7942=AXIS2_PLACEMENT_3D('',#12761,#9930,#9931);
#7943=AXIS2_PLACEMENT_3D('',#12762,#9932,#9933);
#7944=AXIS2_PLACEMENT_3D('',#12765,#9934,#9935);
#7945=AXIS2_PLACEMENT_3D('',#12769,#9937,#9938);
#7946=AXIS2_PLACEMENT_3D('',#12773,#9940,#9941);
#7947=AXIS2_PLACEMENT_3D('',#12777,#9943,#9944);
#7948=AXIS2_PLACEMENT_3D('',#12779,#9946,#9947);
#7949=AXIS2_PLACEMENT_3D('',#12782,#9950,#9951);
#7950=AXIS2_PLACEMENT_3D('',#12784,#9953,#9954);
#7951=AXIS2_PLACEMENT_3D('',#12786,#9956,#9957);
#7952=AXIS2_PLACEMENT_3D('',#12788,#9959,#9960);
#7953=AXIS2_PLACEMENT_3D('',#12790,#9962,#9963);
#7954=AXIS2_PLACEMENT_3D('',#12792,#9965,#9966);
#7955=AXIS2_PLACEMENT_3D('',#12794,#9968,#9969);
#7956=AXIS2_PLACEMENT_3D('',#12795,#9970,#9971);
#7957=AXIS2_PLACEMENT_3D('',#12798,#9972,#9973);
#7958=AXIS2_PLACEMENT_3D('',#12802,#9975,#9976);
#7959=AXIS2_PLACEMENT_3D('',#12806,#9978,#9979);
#7960=AXIS2_PLACEMENT_3D('',#12810,#9981,#9982);
#7961=AXIS2_PLACEMENT_3D('',#12812,#9984,#9985);
#7962=AXIS2_PLACEMENT_3D('',#12815,#9988,#9989);
#7963=AXIS2_PLACEMENT_3D('',#12817,#9991,#9992);
#7964=AXIS2_PLACEMENT_3D('',#12819,#9994,#9995);
#7965=AXIS2_PLACEMENT_3D('',#12821,#9997,#9998);
#7966=AXIS2_PLACEMENT_3D('',#12823,#10000,#10001);
#7967=AXIS2_PLACEMENT_3D('',#12825,#10003,#10004);
#7968=AXIS2_PLACEMENT_3D('',#12827,#10006,#10007);
#7969=AXIS2_PLACEMENT_3D('',#12828,#10008,#10009);
#7970=AXIS2_PLACEMENT_3D('',#12831,#10010,#10011);
#7971=AXIS2_PLACEMENT_3D('',#12835,#10013,#10014);
#7972=AXIS2_PLACEMENT_3D('',#12839,#10016,#10017);
#7973=AXIS2_PLACEMENT_3D('',#12843,#10019,#10020);
#7974=AXIS2_PLACEMENT_3D('',#12845,#10022,#10023);
#7975=AXIS2_PLACEMENT_3D('',#12848,#10026,#10027);
#7976=AXIS2_PLACEMENT_3D('',#12850,#10029,#10030);
#7977=AXIS2_PLACEMENT_3D('',#12852,#10032,#10033);
#7978=AXIS2_PLACEMENT_3D('',#12854,#10035,#10036);
#7979=AXIS2_PLACEMENT_3D('',#12856,#10038,#10039);
#7980=AXIS2_PLACEMENT_3D('',#12858,#10041,#10042);
#7981=AXIS2_PLACEMENT_3D('',#12860,#10044,#10045);
#7982=AXIS2_PLACEMENT_3D('',#12861,#10046,#10047);
#7983=AXIS2_PLACEMENT_3D('',#12863,#10049,#10050);
#7984=AXIS2_PLACEMENT_3D('',#12868,#10051,#10052);
#7985=AXIS2_PLACEMENT_3D('',#12873,#10053,#10054);
#7986=AXIS2_PLACEMENT_3D('',#12878,#10055,#10056);
#7987=AXIS2_PLACEMENT_3D('',#12880,#10058,#10059);
#7988=AXIS2_PLACEMENT_3D('',#12882,#10061,#10062);
#7989=AXIS2_PLACEMENT_3D('',#12884,#10064,#10065);
#7990=AXIS2_PLACEMENT_3D('',#12886,#10067,#10068);
#7991=AXIS2_PLACEMENT_3D('',#12891,#10069,#10070);
#7992=AXIS2_PLACEMENT_3D('',#12893,#10072,#10073);
#7993=AXIS2_PLACEMENT_3D('',#12895,#10075,#10076);
#7994=AXIS2_PLACEMENT_3D('',#12900,#10077,#10078);
#7995=AXIS2_PLACEMENT_3D('',#12902,#10080,#10081);
#7996=AXIS2_PLACEMENT_3D('',#12904,#10083,#10084);
#7997=AXIS2_PLACEMENT_3D('',#12909,#10085,#10086);
#7998=AXIS2_PLACEMENT_3D('',#12911,#10088,#10089);
#7999=AXIS2_PLACEMENT_3D('',#12913,#10091,#10092);
#8000=AXIS2_PLACEMENT_3D('',#12914,#10093,#10094);
#8001=AXIS2_PLACEMENT_3D('',#12918,#10097,#10098);
#8002=AXIS2_PLACEMENT_3D('',#12920,#10100,#10101);
#8003=AXIS2_PLACEMENT_3D('',#12921,#10102,#10103);
#8004=AXIS2_PLACEMENT_3D('',#12922,#10104,#10105);
#8005=DIRECTION('axis',(0.,0.,1.));
#8006=DIRECTION('refdir',(1.,0.,0.));
#8007=DIRECTION('axis',(0.,0.,1.));
#8008=DIRECTION('refdir',(1.,0.,0.));
#8009=DIRECTION('center_axis',(0.,0.,-1.));
#8010=DIRECTION('ref_axis',(-1.,0.,0.));
#8011=DIRECTION('center_axis',(0.,0.,1.));
#8012=DIRECTION('ref_axis',(1.,0.,0.));
#8013=DIRECTION('center_axis',(0.,-1.,0.));
#8014=DIRECTION('ref_axis',(1.,0.,0.));
#8015=DIRECTION('center_axis',(0.,0.,-1.));
#8016=DIRECTION('ref_axis',(1.,0.,0.));
#8017=DIRECTION('center_axis',(0.,0.,-1.));
#8018=DIRECTION('ref_axis',(1.,0.,0.));
#8019=DIRECTION('center_axis',(0.,0.,-1.));
#8020=DIRECTION('ref_axis',(-1.,0.,0.));
#8021=DIRECTION('',(0.,-1.,0.));
#8022=DIRECTION('',(-1.,0.,0.));
#8023=DIRECTION('',(0.,1.,0.));
#8024=DIRECTION('',(1.,0.,0.));
#8025=DIRECTION('',(0.,-1.,0.));
#8026=DIRECTION('',(6.84873136137607E-15,1.,0.));
#8027=DIRECTION('',(-0.532997421247705,0.846116864826187,0.));
#8028=DIRECTION('',(-0.690387752781964,0.723439528093862,0.));
#8029=DIRECTION('',(-0.918436691899199,0.395568000441462,0.));
#8030=DIRECTION('',(-0.941754237401308,0.336301882743288,0.));
#8031=DIRECTION('',(-0.999999331874653,-0.00115596290917975,0.));
#8032=DIRECTION('',(-0.997732087367331,-0.0673103397527288,0.));
#8033=DIRECTION('',(-0.99754814377206,-0.0699835756225573,0.));
#8034=DIRECTION('',(-0.980898030955308,-0.194522628164438,0.));
#8035=DIRECTION('',(-0.865110276217318,-0.501581708182421,0.));
#8036=DIRECTION('',(-0.793535243411365,-0.608524294883997,0.));
#8037=DIRECTION('',(-0.645935225587808,-0.763392221826256,0.));
#8038=DIRECTION('',(-0.648193266414823,-0.761475862634189,0.));
#8039=DIRECTION('',(-0.518517856718861,-0.855066799883891,0.));
#8040=DIRECTION('',(-3.68608728383716E-16,-1.,0.));
#8041=DIRECTION('',(0.101609324096428,-0.994824379102496,0.));
#8042=DIRECTION('',(0.447155974599583,-0.89445599913014,0.));
#8043=DIRECTION('',(0.65026417109926,-0.759708172777279,0.));
#8044=DIRECTION('',(0.664999739854925,-0.746843588707088,0.));
#8045=DIRECTION('',(0.793534272348474,-0.608525561179133,0.));
#8046=DIRECTION('',(0.865110571264546,-0.50158119929512,0.));
#8047=DIRECTION('',(0.946941857446975,-0.321404913800136,0.));
#8048=DIRECTION('',(0.980898071557476,-0.194522423424203,0.));
#8049=DIRECTION('',(0.99754815911469,-0.0699833569278688,0.));
#8050=DIRECTION('',(0.997732103566457,-0.0673100996348361,0.));
#8051=DIRECTION('',(0.999999332547972,-0.00115538028797238,0.));
#8052=DIRECTION('',(0.941754134799266,0.336302170062113,0.));
#8053=DIRECTION('',(0.918436548842064,0.395568332593851,0.));
#8054=DIRECTION('',(0.690387453776589,0.723439813438463,0.));
#8055=DIRECTION('',(0.532997303470607,0.846116939017924,0.));
#8056=DIRECTION('',(6.84873136137607E-15,1.,0.));
#8057=DIRECTION('center_axis',(0.,0.,1.));
#8058=DIRECTION('ref_axis',(1.,0.,0.));
#8059=DIRECTION('center_axis',(0.,0.,1.));
#8060=DIRECTION('ref_axis',(1.,0.,0.));
#8061=DIRECTION('center_axis',(0.,0.,1.));
#8062=DIRECTION('ref_axis',(1.,0.,0.));
#8063=DIRECTION('',(0.,0.,-1.));
#8064=DIRECTION('center_axis',(0.,0.,-1.));
#8065=DIRECTION('ref_axis',(1.,0.,0.));
#8066=DIRECTION('center_axis',(0.,0.,-1.));
#8067=DIRECTION('ref_axis',(-1.,0.,0.));
#8068=DIRECTION('center_axis',(0.,-1.,0.));
#8069=DIRECTION('ref_axis',(1.,0.,0.));
#8070=DIRECTION('center_axis',(0.,0.,-1.));
#8071=DIRECTION('ref_axis',(1.,0.,0.));
#8072=DIRECTION('center_axis',(0.,0.,-1.));
#8073=DIRECTION('ref_axis',(1.,0.,0.));
#8074=DIRECTION('center_axis',(0.,0.,1.));
#8075=DIRECTION('ref_axis',(1.,0.,0.));
#8076=DIRECTION('',(0.,0.,-1.));
#8077=DIRECTION('center_axis',(0.,0.,-1.));
#8078=DIRECTION('ref_axis',(1.,0.,0.));
#8079=DIRECTION('center_axis',(0.,0.,-1.));
#8080=DIRECTION('ref_axis',(-1.,0.,0.));
#8081=DIRECTION('center_axis',(0.,-1.,0.));
#8082=DIRECTION('ref_axis',(1.,0.,0.));
#8083=DIRECTION('center_axis',(0.,0.,-1.));
#8084=DIRECTION('ref_axis',(1.,0.,0.));
#8085=DIRECTION('center_axis',(0.,0.,-1.));
#8086=DIRECTION('ref_axis',(1.,0.,0.));
#8087=DIRECTION('center_axis',(0.,0.,1.));
#8088=DIRECTION('ref_axis',(1.,0.,0.));
#8089=DIRECTION('',(0.,0.,-1.));
#8090=DIRECTION('center_axis',(0.,0.,-1.));
#8091=DIRECTION('ref_axis',(1.,0.,0.));
#8092=DIRECTION('center_axis',(0.,0.,-1.));
#8093=DIRECTION('ref_axis',(1.,0.,0.));
#8094=DIRECTION('center_axis',(0.,0.,-1.));
#8095=DIRECTION('ref_axis',(1.,0.,0.));
#8096=DIRECTION('',(0.707106781186548,-8.65956056235493E-17,0.707106781186548));
#8097=DIRECTION('center_axis',(0.,0.,1.));
#8098=DIRECTION('ref_axis',(1.,0.,0.));
#8099=DIRECTION('center_axis',(0.,0.,1.));
#8100=DIRECTION('ref_axis',(1.,0.,0.));
#8101=DIRECTION('',(-6.84873136137607E-15,-1.,0.));
#8102=DIRECTION('',(0.840176406853631,0.54231319859148,0.));
#8103=DIRECTION('',(-0.999999332547972,0.00115538028797238,0.));
#8104=DIRECTION('',(-0.99754815911469,0.0699833569278688,0.));
#8105=DIRECTION('',(0.980880712753911,-0.19460993640454,0.));
#8106=DIRECTION('',(0.88558210538565,-0.464482867951789,0.));
#8107=DIRECTION('',(0.88558210538565,-0.464482867951789,0.));
#8108=DIRECTION('center_axis',(0.,0.,-1.));
#8109=DIRECTION('ref_axis',(0.,1.,0.));
#8110=DIRECTION('',(-0.894439911440989,-0.447188153713216,0.));
#8111=DIRECTION('',(0.980880736987941,0.194609814259181,0.));
#8112=DIRECTION('',(0.99754814377206,0.0699835756225574,0.));
#8113=DIRECTION('',(0.999999331874653,0.00115596290917975,0.));
#8114=DIRECTION('center_axis',(0.,0.,-1.));
#8115=DIRECTION('ref_axis',(0.00238016904980837,0.999997167393635,0.));
#8116=DIRECTION('center_axis',(0.,0.,-1.));
#8117=DIRECTION('ref_axis',(1.,0.,0.));
#8118=DIRECTION('center_axis',(0.,0.,-1.));
#8119=DIRECTION('ref_axis',(1.,0.,0.));
#8120=DIRECTION('center_axis',(0.,0.,-1.));
#8121=DIRECTION('ref_axis',(1.,0.,0.));
#8122=DIRECTION('',(4.44089209850077E-14,-1.,0.));
#8123=DIRECTION('center_axis',(0.,0.,-1.));
#8124=DIRECTION('ref_axis',(0.707106781186548,0.707106781186548,0.));
#8125=DIRECTION('',(1.,0.,0.));
#8126=DIRECTION('center_axis',(0.,0.,-1.));
#8127=DIRECTION('ref_axis',(-0.70710678118655,0.707106781186545,0.));
#8128=DIRECTION('',(4.44089209850097E-14,1.,0.));
#8129=DIRECTION('center_axis',(0.,0.,-1.));
#8130=DIRECTION('ref_axis',(-0.707106781186546,-0.707106781186549,0.));
#8131=DIRECTION('',(-1.,8.18597621843438E-16,0.));
#8132=DIRECTION('center_axis',(0.,0.,-1.));
#8133=DIRECTION('ref_axis',(0.707106781186547,-0.707106781186547,0.));
#8134=DIRECTION('center_axis',(0.,0.,-1.));
#8135=DIRECTION('ref_axis',(1.,0.,0.));
#8136=DIRECTION('center_axis',(0.,0.,-1.));
#8137=DIRECTION('ref_axis',(1.,0.,0.));
#8138=DIRECTION('center_axis',(0.,0.,-1.));
#8139=DIRECTION('ref_axis',(1.,0.,0.));
#8140=DIRECTION('center_axis',(0.,0.,-1.));
#8141=DIRECTION('ref_axis',(1.,0.,0.));
#8142=DIRECTION('',(0.,0.,-1.));
#8143=DIRECTION('center_axis',(0.,0.,-1.));
#8144=DIRECTION('ref_axis',(1.,0.,0.));
#8145=DIRECTION('',(0.707106781186548,-8.65956056235493E-17,0.707106781186548));
#8146=DIRECTION('center_axis',(0.,0.,1.));
#8147=DIRECTION('ref_axis',(1.,0.,0.));
#8148=DIRECTION('center_axis',(0.,0.,-1.));
#8149=DIRECTION('ref_axis',(1.,0.,0.));
#8150=DIRECTION('center_axis',(0.,0.,-1.));
#8151=DIRECTION('ref_axis',(1.,0.,0.));
#8152=DIRECTION('',(0.,0.,-1.));
#8153=DIRECTION('center_axis',(0.,0.,-1.));
#8154=DIRECTION('ref_axis',(1.,0.,0.));
#8155=DIRECTION('',(0.707106781186522,-8.65956056235463E-17,0.707106781186573));
#8156=DIRECTION('center_axis',(0.,0.,1.));
#8157=DIRECTION('ref_axis',(1.,0.,0.));
#8158=DIRECTION('center_axis',(0.,0.,-1.));
#8159=DIRECTION('ref_axis',(1.,0.,0.));
#8160=DIRECTION('center_axis',(0.,0.,-1.));
#8161=DIRECTION('ref_axis',(1.,0.,0.));
#8162=DIRECTION('',(0.,0.,-1.));
#8163=DIRECTION('center_axis',(0.,0.,-1.));
#8164=DIRECTION('ref_axis',(1.,0.,0.));
#8165=DIRECTION('center_axis',(0.,0.,-1.));
#8166=DIRECTION('ref_axis',(1.,0.,0.));
#8167=DIRECTION('center_axis',(0.,0.,-1.));
#8168=DIRECTION('ref_axis',(1.,0.,0.));
#8169=DIRECTION('center_axis',(-1.,0.,0.));
#8170=DIRECTION('ref_axis',(0.,0.70710678118661,0.707106781186485));
#8171=DIRECTION('center_axis',(-0.707106781186485,-0.70710678118661,0.));
#8172=DIRECTION('ref_axis',(0.70710678118661,-0.707106781186485,0.));
#8173=DIRECTION('',(-1.,0.,0.));
#8174=DIRECTION('center_axis',(0.707106781186548,-0.707106781186548,0.));
#8175=DIRECTION('ref_axis',(0.707106781186547,0.707106781186547,0.));
#8176=DIRECTION('center_axis',(0.,-1.,0.));
#8177=DIRECTION('ref_axis',(-0.707106781186548,0.,0.707106781186548));
#8178=DIRECTION('center_axis',(0.707106781186485,-0.70710678118661,0.));
#8179=DIRECTION('ref_axis',(0.70710678118661,0.707106781186485,0.));
#8180=DIRECTION('',(0.,-1.,0.));
#8181=DIRECTION('center_axis',(1.,0.,0.));
#8182=DIRECTION('ref_axis',(0.,-0.70710678118661,0.707106781186485));
#8183=DIRECTION('',(1.,0.,0.));
#8184=DIRECTION('center_axis',(0.707106781186548,0.707106781186548,0.));
#8185=DIRECTION('ref_axis',(-0.707106781186547,0.707106781186547,0.));
#8186=DIRECTION('center_axis',(0.,1.,0.));
#8187=DIRECTION('ref_axis',(0.707106781186673,0.,0.707106781186422));
#8188=DIRECTION('',(0.,1.,0.));
#8189=DIRECTION('center_axis',(0.,-1.,0.));
#8190=DIRECTION('ref_axis',(1.,0.,0.));
#8191=DIRECTION('center_axis',(0.0246009357326211,-0.997975959609701,0.0586410948241668));
#8192=DIRECTION('ref_axis',(0.386070830242586,0.0635923269042111,0.92027459488715));
#8193=DIRECTION('center_axis',(0.,-0.99035249357306,0.138571059293137));
#8194=DIRECTION('ref_axis',(1.,0.,0.));
#8195=DIRECTION('center_axis',(0.623614218459001,0.781732247342893,0.));
#8196=DIRECTION('ref_axis',(-0.171143070194184,0.136526607834137,0.975741018343398));
#8197=DIRECTION('center_axis',(0.,1.,0.));
#8198=DIRECTION('ref_axis',(0.707106781186673,0.,0.707106781186422));
#8199=DIRECTION('center_axis',(0.,1.,0.));
#8200=DIRECTION('ref_axis',(-2.18438600541053E-8,0.,1.));
#8201=DIRECTION('',(0.,1.,0.));
#8202=DIRECTION('center_axis',(0.,-0.990352567043104,-0.138570534209602));
#8203=DIRECTION('ref_axis',(1.,0.,0.));
#8204=DIRECTION('center_axis',(-0.0246100961638259,-0.9979761131015,-0.0586346386160121));
#8205=DIRECTION('ref_axis',(0.386229277564814,-0.0635899180596111,0.920208273964614));
#8206=DIRECTION('center_axis',(0.624602582064283,-0.780942772857673,0.));
#8207=DIRECTION('ref_axis',(-0.1707120004763,-0.13653645310886,0.975815151484046));
#8208=DIRECTION('center_axis',(-1.,0.,0.));
#8209=DIRECTION('ref_axis',(0.,1.,0.));
#8210=DIRECTION('',(0.,0.,-1.));
#8211=DIRECTION('',(0.,1.,0.));
#8212=DIRECTION('',(0.,0.,-1.));
#8213=DIRECTION('center_axis',(0.,-1.,0.));
#8214=DIRECTION('ref_axis',(-1.,0.,0.));
#8215=DIRECTION('',(0.,0.,-1.));
#8216=DIRECTION('',(-1.,0.,0.));
#8217=DIRECTION('center_axis',(-0.9999999999997,6.84873136137401E-15,-7.74203441130314E-7));
#8218=DIRECTION('ref_axis',(-7.74203441130314E-7,0.,0.9999999999997));
#8219=DIRECTION('center_axis',(0.9999999999997,-6.84873136137401E-15,7.74203441130314E-7));
#8220=DIRECTION('ref_axis',(7.18704230622939E-9,0.999956910769193,-0.00928313551189869));
#8221=DIRECTION('',(7.15271034615876E-7,0.382682438446431,-0.923879944204972));
#8222=DIRECTION('',(7.74203015484202E-7,-0.00104859567283122,-0.999999450223107));
#8223=DIRECTION('',(7.15270864920886E-7,-0.382682951265206,-0.92387973178896));
#8224=DIRECTION('',(5.51459366646337E-7,-0.701882662140357,-0.712292586362136));
#8225=DIRECTION('',(5.0134162943724E-7,-0.762016162609532,-0.647558003519061));
#8226=DIRECTION('',(-7.15270885190333E-7,-0.382682904404084,0.923879751199442));
#8227=DIRECTION('',(-7.74203015155089E-7,-0.0010490186814912,0.999999449779452));
#8228=DIRECTION('',(-7.15271044401755E-7,0.38268239158525,0.923879963615448));
#8229=DIRECTION('center_axis',(0.,0.,-1.));
#8230=DIRECTION('ref_axis',(1.,0.,0.));
#8231=DIRECTION('',(0.573576436351035,-7.02428546843641E-17,0.819152044289));
#8232=DIRECTION('center_axis',(0.,0.,1.));
#8233=DIRECTION('ref_axis',(1.,0.,0.));
#8234=DIRECTION('center_axis',(0.,0.,1.));
#8235=DIRECTION('ref_axis',(1.,0.,0.));
#8236=DIRECTION('',(0.,0.,1.));
#8237=DIRECTION('center_axis',(0.,0.,1.));
#8238=DIRECTION('ref_axis',(1.,0.,0.));
#8239=DIRECTION('center_axis',(0.,0.,-1.));
#8240=DIRECTION('ref_axis',(1.,0.,0.));
#8241=DIRECTION('',(0.573576436351035,-7.02428546843641E-17,0.819152044289));
#8242=DIRECTION('center_axis',(0.,0.,1.));
#8243=DIRECTION('ref_axis',(1.,0.,0.));
#8244=DIRECTION('center_axis',(0.,0.,1.));
#8245=DIRECTION('ref_axis',(1.,0.,0.));
#8246=DIRECTION('',(0.,0.,1.));
#8247=DIRECTION('center_axis',(0.,0.,1.));
#8248=DIRECTION('ref_axis',(1.,0.,0.));
#8249=DIRECTION('center_axis',(0.,0.,-1.));
#8250=DIRECTION('ref_axis',(1.,0.,0.));
#8251=DIRECTION('',(0.573576436351035,-7.02428546843641E-17,0.819152044289));
#8252=DIRECTION('center_axis',(0.,0.,1.));
#8253=DIRECTION('ref_axis',(1.,0.,0.));
#8254=DIRECTION('center_axis',(0.,0.,1.));
#8255=DIRECTION('ref_axis',(1.,0.,0.));
#8256=DIRECTION('',(0.,0.,1.));
#8257=DIRECTION('center_axis',(0.,0.,1.));
#8258=DIRECTION('ref_axis',(1.,0.,0.));
#8259=DIRECTION('center_axis',(0.,0.,-1.));
#8260=DIRECTION('ref_axis',(1.,0.,0.));
#8261=DIRECTION('center_axis',(0.,0.,-1.));
#8262=DIRECTION('ref_axis',(1.,0.,0.));
#8263=DIRECTION('center_axis',(0.,0.,-1.));
#8264=DIRECTION('ref_axis',(1.,0.,0.));
#8265=DIRECTION('center_axis',(-4.44089209850077E-14,1.,0.));
#8266=DIRECTION('ref_axis',(-0.707106781186548,-3.34953057852542E-14,-0.707106781186548));
#8267=DIRECTION('center_axis',(-4.73695157173405E-14,1.,0.));
#8268=DIRECTION('ref_axis',(0.,0.,-1.));
#8269=DIRECTION('',(-4.44089209850077E-14,1.,0.));
#8270=DIRECTION('center_axis',(4.73695157173405E-14,-1.,0.));
#8271=DIRECTION('ref_axis',(-1.,-4.73695157173405E-14,0.));
#8272=DIRECTION('center_axis',(0.,0.,1.));
#8273=DIRECTION('ref_axis',(1.,0.,0.));
#8274=DIRECTION('center_axis',(1.,0.,0.));
#8275=DIRECTION('ref_axis',(0.,-1.,0.));
#8276=DIRECTION('center_axis',(0.,0.,1.));
#8277=DIRECTION('ref_axis',(0.707106781186548,0.707106781186548,0.));
#8278=DIRECTION('center_axis',(-1.,0.,0.));
#8279=DIRECTION('ref_axis',(0.,-0.707106781186552,-0.707106781186543));
#8280=DIRECTION('center_axis',(1.,0.,0.));
#8281=DIRECTION('ref_axis',(0.,-1.,0.));
#8282=DIRECTION('',(-1.,0.,0.));
#8283=DIRECTION('center_axis',(0.,0.,1.));
#8284=DIRECTION('ref_axis',(1.,0.,0.));
#8285=DIRECTION('center_axis',(-5.92118946466749E-15,1.,0.));
#8286=DIRECTION('ref_axis',(1.,5.92118946466749E-15,0.));
#8287=DIRECTION('center_axis',(0.,0.,1.));
#8288=DIRECTION('ref_axis',(-0.70710678118655,0.707106781186545,0.));
#8289=DIRECTION('center_axis',(-4.44089209850097E-14,-1.,0.));
#8290=DIRECTION('ref_axis',(0.707106781186548,-3.34953057852542E-14,-0.707106781186548));
#8291=DIRECTION('center_axis',(4.73695157173405E-14,1.,0.));
#8292=DIRECTION('ref_axis',(1.,-4.73695157173405E-14,0.));
#8293=DIRECTION('',(-4.44089209850097E-14,-1.,0.));
#8294=DIRECTION('center_axis',(0.,0.,1.));
#8295=DIRECTION('ref_axis',(1.,0.,0.));
#8296=DIRECTION('center_axis',(-1.,0.,0.));
#8297=DIRECTION('ref_axis',(0.,1.,0.));
#8298=DIRECTION('center_axis',(0.,0.,1.));
#8299=DIRECTION('ref_axis',(-0.707106781186546,-0.707106781186549,0.));
#8300=DIRECTION('center_axis',(1.,-8.18597621843438E-16,0.));
#8301=DIRECTION('ref_axis',(0.,0.707106781186552,-0.707106781186543));
#8302=DIRECTION('center_axis',(-1.,0.,0.));
#8303=DIRECTION('ref_axis',(0.,1.,0.));
#8304=DIRECTION('',(1.,-8.18597621843438E-16,0.));
#8305=DIRECTION('center_axis',(0.,0.,1.));
#8306=DIRECTION('ref_axis',(1.,0.,0.));
#8307=DIRECTION('center_axis',(0.,0.,1.));
#8308=DIRECTION('ref_axis',(0.707106781186548,-0.707106781186548,0.));
#8309=DIRECTION('center_axis',(0.,0.,-1.));
#8310=DIRECTION('ref_axis',(0.,1.,0.));
#8311=DIRECTION('',(0.,0.,-1.));
#8312=DIRECTION('center_axis',(0.,0.,-1.));
#8313=DIRECTION('ref_axis',(-0.70710678118655,0.707106781186545,0.));
#8314=DIRECTION('',(0.,0.,-1.));
#8315=DIRECTION('center_axis',(0.,1.,0.));
#8316=DIRECTION('ref_axis',(1.,0.,0.));
#8317=DIRECTION('',(0.,0.,-1.));
#8318=DIRECTION('',(1.,0.,0.));
#8319=DIRECTION('center_axis',(0.,0.,-1.));
#8320=DIRECTION('ref_axis',(1.,0.,0.));
#8321=DIRECTION('',(0.,0.,-1.));
#8322=DIRECTION('center_axis',(0.,0.,-1.));
#8323=DIRECTION('ref_axis',(0.707106781186548,0.707106781186548,0.));
#8324=DIRECTION('center_axis',(1.,4.44089209850077E-14,0.));
#8325=DIRECTION('ref_axis',(4.44089209850077E-14,-1.,0.));
#8326=DIRECTION('',(0.,0.,-1.));
#8327=DIRECTION('',(4.44089209850077E-14,-1.,0.));
#8328=DIRECTION('center_axis',(-4.44089209850077E-14,1.,0.));
#8329=DIRECTION('ref_axis',(-0.707106781186547,0.,0.707106781186547));
#8330=DIRECTION('center_axis',(-5.92118946466728E-14,1.,0.));
#8331=DIRECTION('ref_axis',(-1.,-5.92118946466728E-14,0.));
#8332=DIRECTION('',(-4.44089209850077E-14,1.,0.));
#8333=DIRECTION('center_axis',(5.92118946466728E-14,-1.,0.));
#8334=DIRECTION('ref_axis',(0.,0.,1.));
#8335=DIRECTION('center_axis',(0.,0.,1.));
#8336=DIRECTION('ref_axis',(1.,0.,0.));
#8337=DIRECTION('center_axis',(1.,0.,0.));
#8338=DIRECTION('ref_axis',(0.,0.,1.));
#8339=DIRECTION('center_axis',(0.,0.,1.));
#8340=DIRECTION('ref_axis',(0.707106781186547,0.707106781186547,0.));
#8341=DIRECTION('center_axis',(-1.,0.,0.));
#8342=DIRECTION('ref_axis',(0.,-0.707106781186547,0.707106781186547));
#8343=DIRECTION('center_axis',(1.,0.,0.));
#8344=DIRECTION('ref_axis',(0.,0.,1.));
#8345=DIRECTION('',(-1.,0.,0.));
#8346=DIRECTION('center_axis',(0.,0.,1.));
#8347=DIRECTION('ref_axis',(1.,0.,0.));
#8348=DIRECTION('center_axis',(0.,1.,0.));
#8349=DIRECTION('ref_axis',(0.,0.,1.));
#8350=DIRECTION('center_axis',(0.,0.,1.));
#8351=DIRECTION('ref_axis',(-0.70710678118655,0.707106781186545,0.));
#8352=DIRECTION('center_axis',(-4.44089209850097E-14,-1.,0.));
#8353=DIRECTION('ref_axis',(0.707106781186547,0.,0.707106781186547));
#8354=DIRECTION('center_axis',(5.92118946466728E-14,1.,0.));
#8355=DIRECTION('ref_axis',(0.,0.,1.));
#8356=DIRECTION('',(4.44089209850097E-14,1.,0.));
#8357=DIRECTION('',(-4.44089209850097E-14,-1.,0.));
#8358=DIRECTION('center_axis',(0.,0.,1.));
#8359=DIRECTION('ref_axis',(1.,0.,0.));
#8360=DIRECTION('center_axis',(-1.,0.,0.));
#8361=DIRECTION('ref_axis',(0.,0.,1.));
#8362=DIRECTION('center_axis',(0.,0.,-1.));
#8363=DIRECTION('ref_axis',(-0.707106781186546,-0.707106781186549,0.));
#8364=DIRECTION('center_axis',(0.,0.,1.));
#8365=DIRECTION('ref_axis',(-0.707106781186546,-0.707106781186549,0.));
#8366=DIRECTION('center_axis',(1.,-8.18597621843438E-16,0.));
#8367=DIRECTION('ref_axis',(0.,0.707106781186547,0.707106781186547));
#8368=DIRECTION('center_axis',(-1.,0.,0.));
#8369=DIRECTION('ref_axis',(0.,0.,1.));
#8370=DIRECTION('',(-1.,8.18597621843438E-16,0.));
#8371=DIRECTION('',(1.,-8.18597621843438E-16,0.));
#8372=DIRECTION('center_axis',(0.,0.,1.));
#8373=DIRECTION('ref_axis',(1.,0.,0.));
#8374=DIRECTION('center_axis',(0.,0.,-1.));
#8375=DIRECTION('ref_axis',(0.707106781186548,-0.707106781186548,0.));
#8376=DIRECTION('center_axis',(0.,0.,1.));
#8377=DIRECTION('ref_axis',(0.707106781186548,-0.707106781186548,0.));
#8378=DIRECTION('center_axis',(0.,0.,-1.));
#8379=DIRECTION('ref_axis',(-1.,-2.2204460492503E-15,0.));
#8380=DIRECTION('',(0.,0.,-1.));
#8381=DIRECTION('',(0.,0.,-1.));
#8382=DIRECTION('center_axis',(-8.18597621843438E-16,-1.,0.));
#8383=DIRECTION('ref_axis',(-1.,8.18597621843438E-16,0.));
#8384=DIRECTION('',(0.,0.,-1.));
#8385=DIRECTION('center_axis',(0.,0.,-1.));
#8386=DIRECTION('ref_axis',(0.,-1.,0.));
#8387=DIRECTION('center_axis',(0.,0.,1.));
#8388=DIRECTION('ref_axis',(-1.,0.,0.));
#8389=DIRECTION('',(0.,-1.,0.));
#8390=DIRECTION('',(1.,0.,0.));
#8391=DIRECTION('center_axis',(-0.000822818197537773,-0.71216175047446,
0.702014931558701));
#8392=DIRECTION('ref_axis',(0.999999313114049,0.,0.00117207995922336));
#8393=DIRECTION('',(0.724884597567721,0.483172466313476,0.491005792232267));
#8394=DIRECTION('center_axis',(-0.138685871670993,0.69901048172878,0.701534443510906));
#8395=DIRECTION('ref_axis',(0.98101417701571,0.,0.193936031964638));
#8396=DIRECTION('',(0.0143242370851652,-0.706889959797345,0.707178478864874));
#8397=DIRECTION('center_axis',(-0.0495287168887984,-0.705986144772352,0.706491662790738));
#8398=DIRECTION('ref_axis',(0.997551653734142,0.,0.0699335265254014));
#8399=DIRECTION('center_axis',(-0.138730174611174,-0.699560278694336,0.700977428399415));
#8400=DIRECTION('ref_axis',(0.980973041207648,0.,0.194143999196002));
#8401=DIRECTION('',(0.938382410286998,-0.319093068515802,-0.132733061778645));
#8402=DIRECTION('center_axis',(-0.308923740827597,0.865085735867578,-0.395212337802775));
#8403=DIRECTION('ref_axis',(-0.787865637405713,0.,0.615847170485737));
#8404=DIRECTION('',(-0.916402632180926,-0.159547582729187,0.367084165522219));
#8405=DIRECTION('',(-0.908498749316968,-0.391361247256617,-0.146514151655225));
#8406=DIRECTION('center_axis',(0.644074721114839,-0.548257558487054,0.533461716698262));
#8407=DIRECTION('ref_axis',(0.637875918054178,0.,-0.770139151820331));
#8408=DIRECTION('',(-0.706425518327113,-0.158743541347533,0.68975609829614));
#8409=DIRECTION('center_axis',(0.385649719824174,-0.597466181438193,0.703070733025632));
#8410=DIRECTION('ref_axis',(0.87676256146655,0.,-0.48092349787738));
#8411=DIRECTION('center_axis',(-0.301491211280563,0.671281568843587,0.677114543376135));
#8412=DIRECTION('ref_axis',(0.913535233967801,0.,0.406759605048725));
#8413=DIRECTION('',(-0.852466446225559,-0.50787885703919,0.123935566453427));
#8414=DIRECTION('',(0.927455680318155,0.371223763112562,0.044931934591512));
#8415=DIRECTION('center_axis',(-0.0479837372435761,-0.711259013977687,0.701290364967057));
#8416=DIRECTION('ref_axis',(0.997667397296221,0.,0.0682624667894776));
#8417=DIRECTION('center_axis',(-0.641968040906276,-0.549485751174771,-0.534735863497911));
#8418=DIRECTION('ref_axis',(-0.640016621703914,0.,0.768361063525937));
#8419=DIRECTION('',(0.706773092983042,-0.15372848821514,-0.690535550819993));
#8420=DIRECTION('center_axis',(0.684122412526398,-2.52173492540155E-16,
0.729367208393044));
#8421=DIRECTION('ref_axis',(0.729367208393044,0.,-0.684122412526398));
#8422=DIRECTION('',(0.71453705821936,0.200629938618356,-0.670212220241632));
#8423=DIRECTION('center_axis',(0.138685554540671,0.699008427317643,-0.701536553217765));
#8424=DIRECTION('ref_axis',(-0.981014372346302,0.,-0.193935043893547));
#8425=DIRECTION('',(-0.000745096059560367,-0.710608545941621,-0.703587193790931));
#8426=DIRECTION('',(-0.000745096059560367,-0.710608545941621,-0.703587193790931));
#8427=DIRECTION('center_axis',(0.965173004011348,0.159814437035426,0.207124160934354));
#8428=DIRECTION('ref_axis',(0.,0.791721355223077,-0.610882391040807));
#8429=DIRECTION('center_axis',(0.68195366563639,-0.413540969121205,0.603260362350607));
#8430=DIRECTION('ref_axis',(0.,0.824807458564519,0.565413703668684));
#8431=DIRECTION('center_axis',(0.643724093526644,-0.544679465784595,0.537534716056468));
#8432=DIRECTION('ref_axis',(0.,0.702423172946286,0.711759570436585));
#8433=DIRECTION('center_axis',(0.595528160863918,-0.776587866848535,0.205566278075176));
#8434=DIRECTION('ref_axis',(0.,-0.255891282496601,-0.966705566106995));
#8435=DIRECTION('center_axis',(0.501180847909188,-0.864866263926193,-0.0287071979018391));
#8436=DIRECTION('ref_axis',(0.,-0.0331743739503628,0.999449578974848));
#8437=DIRECTION('center_axis',(0.261612446813429,-0.589607192458497,-0.764148078760589));
#8438=DIRECTION('ref_axis',(0.,-0.791721355223073,0.610882391040813));
#8439=DIRECTION('center_axis',(0.501180847909188,-0.864866263926193,-0.0287071979018391));
#8440=DIRECTION('ref_axis',(0.,-0.0331743739503628,0.999449578974848));
#8441=DIRECTION('center_axis',(0.485620446313981,-0.857080177265007,-0.172006836669922));
#8442=DIRECTION('ref_axis',(0.,0.196765940778739,-0.980450490616154));
#8443=DIRECTION('center_axis',(0.249036218259343,-0.523567347978094,-0.814774934645311));
#8444=DIRECTION('ref_axis',(0.,0.841280162395342,-0.540599378801036));
#8445=DIRECTION('center_axis',(0.12762680108927,-0.255271754665021,-0.958408958072681));
#8446=DIRECTION('ref_axis',(0.,0.966311197755076,-0.257376512318335));
#8447=DIRECTION('center_axis',(0.0656775227893368,0.125220633356776,-0.989952653404184));
#8448=DIRECTION('ref_axis',(0.,0.99209468439725,0.125491582150842));
#8449=DIRECTION('center_axis',(0.228790431957697,0.468308090161872,-0.853429827773526));
#8450=DIRECTION('ref_axis',(0.,0.876683237069238,0.481068084414049));
#8451=DIRECTION('center_axis',(0.501180349092677,0.86486656433862,-0.0287068558441155));
#8452=DIRECTION('ref_axis',(0.,-0.0331739675891333,-0.999449592462969));
#8453=DIRECTION('center_axis',(0.595528955065453,0.776586336167395,0.205569759830457));
#8454=DIRECTION('ref_axis',(0.,0.25589580417018,-0.96670436918848));
#8455=DIRECTION('center_axis',(0.643720605408012,0.573177625955992,0.507041607046794));
#8456=DIRECTION('ref_axis',(0.,0.662573780311607,-0.748996652625088));
#8457=DIRECTION('center_axis',(0.693030955063329,0.346459672069273,0.632197588538316));
#8458=DIRECTION('ref_axis',(0.,-0.876946489803346,0.480588029419782));
#8459=DIRECTION('center_axis',(0.696005476345011,0.0710885735255414,0.71450877644145));
#8460=DIRECTION('ref_axis',(0.,-0.995087022837377,0.0990041260788959));
#8461=DIRECTION('center_axis',(0.501551086803836,-0.865057461553518,-0.0110496849038813));
#8462=DIRECTION('ref_axis',(-0.0220256811301808,0.,-0.999757405259272));
#8463=DIRECTION('center_axis',(0.501551086803836,-0.865057461553518,-0.0110496849038813));
#8464=DIRECTION('ref_axis',(0.865122204310522,0.501459928673422,0.0100752937302486));
#8465=DIRECTION('',(-0.745211202484279,-0.438482677730281,0.502387504843043));
#8466=DIRECTION('center_axis',(0.501550577358786,0.865057755567163,-0.0110497911369811));
#8467=DIRECTION('ref_axis',(-0.0220259151469257,0.,-0.999757400103615));
#8468=DIRECTION('',(0.745211510618192,-0.438482328240251,-0.502387352809722));
#8469=DIRECTION('',(0.0345213782732521,-0.00724957691472993,0.999377665388152));
#8470=DIRECTION('center_axis',(0.68195366563639,-0.413540969121205,0.603260362350607));
#8471=DIRECTION('ref_axis',(0.662569974651742,0.,-0.749000019152196));
#8472=DIRECTION('center_axis',(0.469901397928123,-0.628753954423714,0.619565283906174));
#8473=DIRECTION('ref_axis',(0.796761636969587,0.,-0.604293714888335));
#8474=DIRECTION('',(-0.643848035997034,-0.724288029814224,-0.246711484148165));
#8475=DIRECTION('center_axis',(-0.249036218259343,0.523567347978094,0.814774934645311));
#8476=DIRECTION('ref_axis',(0.956326241270867,0.,0.292301420209919));
#8477=DIRECTION('',(0.908981507048812,0.416715201564807,0.0100528915279371));
#8478=DIRECTION('center_axis',(0.501180847909188,-0.864866263926193,-0.0287071979018391));
#8479=DIRECTION('ref_axis',(-0.0571853870655926,0.,-0.998363576812655));
#8480=DIRECTION('',(0.862357963489631,0.501930256091703,-0.0663683721793208));
#8481=DIRECTION('center_axis',(0.595528955065453,0.776586336167395,0.205569759830457));
#8482=DIRECTION('ref_axis',(0.326295590096227,0.,-0.945267786335573));
#8483=DIRECTION('',(0.765141204371152,-0.47036581207887,-0.439675949081649));
#8484=DIRECTION('center_axis',(0.501180349092677,0.86486656433862,-0.0287068558441155));
#8485=DIRECTION('ref_axis',(-0.0571847646359621,0.,-0.998363612464682));
#8486=DIRECTION('center_axis',(0.643720605408012,0.573177625955992,0.507041607046794));
#8487=DIRECTION('ref_axis',(0.618772678132407,0.,-0.785570094133457));
#8488=DIRECTION('center_axis',(-0.696005476345011,-0.0710885735255414,-0.71450877644145));
#8489=DIRECTION('ref_axis',(-0.716321063772579,0.,0.697770831717492));
#8490=DIRECTION('',(-0.712295599136834,0.193936924578416,0.674554259296733));
#8491=DIRECTION('center_axis',(-0.485620446313981,0.857080177265007,0.172006836669922));
#8492=DIRECTION('ref_axis',(0.333875189366022,0.,0.942617291336098));
#8493=DIRECTION('center_axis',(-0.693030955063329,-0.346459672069273,-0.632197588538316));
#8494=DIRECTION('ref_axis',(-0.673938029707994,0.,0.738787880323782));
#8495=DIRECTION('center_axis',(-0.0656775227893368,-0.125220633356776,0.989952653404184));
#8496=DIRECTION('ref_axis',(0.997806468403453,0.,0.0661985771163532));
#8497=DIRECTION('',(0.902290897415304,-0.431094778345547,0.00533184064735391));
#8498=DIRECTION('center_axis',(-0.0656775227893368,-0.125220633356776,0.989952653404184));
#8499=DIRECTION('ref_axis',(0.997806468403453,0.,0.0661985771163532));
#8500=DIRECTION('center_axis',(0.0656775227893368,0.125220633356776,-0.989952653404184));
#8501=DIRECTION('ref_axis',(-0.8505595417824,0.525782190806618,0.0100773862437879));
#8502=DIRECTION('center_axis',(-0.12762680108927,0.255271754665021,0.958408958072681));
#8503=DIRECTION('ref_axis',(0.991249709727534,0.,0.132000049110141));
#8504=DIRECTION('center_axis',(-0.595528160863918,0.776587866848535,-0.205566278075176));
#8505=DIRECTION('ref_axis',(-0.326291040798356,0.,0.94526935668873));
#8506=DIRECTION('',(-0.765141110207322,-0.470366015833768,0.439675894971937));
#8507=DIRECTION('center_axis',(0.643724093526644,-0.544679465784595,0.537534716056468));
#8508=DIRECTION('ref_axis',(0.640956731381015,0.,-0.76757701144404));
#8509=DIRECTION('center_axis',(-0.321402034261619,-0.946933373583056,0.00423300922577652));
#8510=DIRECTION('ref_axis',(0.,-0.00447018454570814,-0.99999000867515));
#8511=DIRECTION('center_axis',(-0.852466742139274,0.507878371289121,0.123935521635902));
#8512=DIRECTION('ref_axis',(0.51182439751466,0.85909009196286,0.));
#8513=DIRECTION('',(-0.927456018575538,0.371222900676956,-0.044932077862017));
#8514=DIRECTION('center_axis',(-0.228790431957697,-0.468308090161872,0.853429827773526));
#8515=DIRECTION('ref_axis',(0.965893393596315,0.,0.258940055238648));
#8516=DIRECTION('center_axis',(0.395568291063351,-0.918436452415919,0.000458234526654106));
#8517=DIRECTION('ref_axis',(0.,-0.000498928878981844,-0.999999875534979));
#8518=DIRECTION('',(-0.000891928631761191,0.000114777300564443,0.999999595644662));
#8519=DIRECTION('center_axis',(-0.395567958889906,-0.918436595424071,-0.000458350865319124));
#8520=DIRECTION('ref_axis',(0.,0.000499055471575461,-0.99999987547181));
#8521=DIRECTION('',(-0.000892409541864043,-0.000114697148769848,0.999999595224805));
#8522=DIRECTION('',(0.90849888084195,-0.391360932957637,0.146514175639943));
#8523=DIRECTION('center_axis',(0.308923514682921,0.865085935922707,0.395212076668574));
#8524=DIRECTION('ref_axis',(0.787865658709951,0.,-0.615847143230799));
#8525=DIRECTION('center_axis',(-0.308923514682921,-0.865085935922707,-0.395212076668574));
#8526=DIRECTION('ref_axis',(-0.110338941957394,0.44533001800855,-0.888541778954837));
#8527=DIRECTION('',(-0.724884782585117,0.483172115751088,-0.491005864055761));
#8528=DIRECTION('center_axis',(-0.000823233117633228,0.712161749371756,
0.7020149321909));
#8529=DIRECTION('ref_axis',(0.999999312421128,0.,0.00117267099864432));
#8530=DIRECTION('center_axis',(-0.0479839082611921,0.711259000108388,0.701290367332104));
#8531=DIRECTION('ref_axis',(0.997667380742862,0.,0.0682627087191674));
#8532=DIRECTION('center_axis',(-0.0495288743549937,0.705986172275804,0.706491624267752));
#8533=DIRECTION('ref_axis',(0.99755163795721,0.,0.0699337515716618));
#8534=DIRECTION('center_axis',(-0.138730325172555,0.699560272651236,0.700977404632736));
#8535=DIRECTION('ref_axis',(0.980972999825982,0.,0.194144208289649));
#8536=DIRECTION('center_axis',(0.138730325172555,-0.699560272651236,-0.700977404632736));
#8537=DIRECTION('ref_axis',(-0.96531033608296,-0.253621667818175,0.062064520174826));
#8538=DIRECTION('center_axis',(-0.946810485940674,-0.321699388624964,-0.00770759827109743));
#8539=DIRECTION('ref_axis',(-0.321708944659966,0.946838610812725,0.));
#8540=DIRECTION('center_axis',(-1.,4.44089209850097E-14,0.));
#8541=DIRECTION('ref_axis',(4.44089209850097E-14,1.,0.));
#8542=DIRECTION('center_axis',(0.,1.,0.));
#8543=DIRECTION('ref_axis',(1.,0.,0.));
#8544=DIRECTION('',(0.,0.,-1.));
#8545=DIRECTION('center_axis',(1.,0.,0.));
#8546=DIRECTION('ref_axis',(0.,-1.,0.));
#8547=DIRECTION('center_axis',(0.826221114600198,-0.520464259542564,-0.215582059382539));
#8548=DIRECTION('ref_axis',(-0.252472463481249,0.,-0.967604079768016));
#8549=DIRECTION('',(-0.51370800007807,-0.539002314115039,-0.667518236480789));
#8550=DIRECTION('center_axis',(0.72343962357283,-0.690387272585495,0.000724497594061026));
#8551=DIRECTION('ref_axis',(0.00100146191491994,0.,-0.999999498536891));
#8552=DIRECTION('',(0.683979326414048,0.716866758043343,0.135182588563066));
#8553=DIRECTION('center_axis',(0.66593718275386,-0.6892213230689,0.285484914580451));
#8554=DIRECTION('ref_axis',(0.394016383317762,0.,-0.919103416203634));
#8555=DIRECTION('center_axis',(0.00169896299720074,0.713797276224675,-0.700350313756601));
#8556=DIRECTION('ref_axis',(0.,0.700351324530718,0.713798306405996));
#8557=DIRECTION('center_axis',(-0.665936916604903,-0.689221557047047,-0.285484970540305));
#8558=DIRECTION('ref_axis',(-0.202418031942677,0.535264697311457,-0.820072340806912));
#8559=DIRECTION('center_axis',(-0.665936916604903,-0.689221557047047,-0.285484970540305));
#8560=DIRECTION('ref_axis',(-0.394016581586584,0.,0.919103331206466));
#8561=DIRECTION('',(-0.683979598058923,0.71686650672477,-0.135182546859344));
#8562=DIRECTION('center_axis',(-0.723439338075042,-0.690387571444531,-0.000724789947625794));
#8563=DIRECTION('ref_axis',(-0.00100186642573965,0.,0.999999498131707));
#8564=DIRECTION('',(0.513708085691296,-0.539002240727707,0.667518229852859));
#8565=DIRECTION('center_axis',(-0.826221039176803,-0.520464372675397,0.215582075315202));
#8566=DIRECTION('ref_axis',(0.252472502529338,0.,0.967604069579378));
#8567=DIRECTION('axis',(0.,0.,1.));
#8568=DIRECTION('refdir',(1.,0.,0.));
#8569=DIRECTION('center_axis',(-0.529127348042699,0.,-0.848542426489861));
#8570=DIRECTION('ref_axis',(0.,1.,0.));
#8571=DIRECTION('center_axis',(0.529127348042661,0.,0.848542426489885));
#8572=DIRECTION('ref_axis',(0.,1.,0.));
#8573=DIRECTION('',(-0.303494978666199,-0.819152044289007,-0.486703941078706));
#8574=DIRECTION('center_axis',(-0.529127348042661,0.,-0.848542426489885));
#8575=DIRECTION('ref_axis',(0.,1.,0.));
#8576=DIRECTION('center_axis',(0.529127348042661,0.,0.848542426489885));
#8577=DIRECTION('ref_axis',(0.,1.,0.));
#8578=DIRECTION('',(0.,1.,0.));
#8579=DIRECTION('',(0.848542426489884,0.,-0.529127348042661));
#8580=DIRECTION('',(0.,-1.,0.));
#8581=DIRECTION('',(-0.848542426489884,0.,0.529127348042661));
#8582=DIRECTION('center_axis',(-0.529127348042664,0.,-0.848542426489883));
#8583=DIRECTION('ref_axis',(0.,1.,0.));
#8584=DIRECTION('center_axis',(-0.529127348042659,-8.47872940993909E-8,
-0.848542426489881));
#8585=DIRECTION('ref_axis',(-4.48632760745241E-8,0.999999999999996,-7.19456162706085E-8));
#8586=DIRECTION('',(-0.529127348042664,0.,-0.848542426489883));
#8587=DIRECTION('center_axis',(-0.303494978666179,0.819152044289005,-0.486703941078721));
#8588=DIRECTION('ref_axis',(-0.848542426489884,0.,0.529127348042661));
#8589=DIRECTION('',(-0.848542426489884,0.,0.529127348042661));
#8590=DIRECTION('',(0.798165440369253,0.497542812164505,0.339680850010112));
#8591=DIRECTION('',(0.848542426489884,0.,-0.529127348042661));
#8592=DIRECTION('',(0.0462069298641333,-0.497542812164521,-0.866207867486755));
#8593=DIRECTION('center_axis',(0.391590284658962,0.,-0.920139689917087));
#8594=DIRECTION('ref_axis',(-0.920139689917087,0.,-0.391590284658962));
#8595=DIRECTION('',(0.,1.,0.));
#8596=DIRECTION('',(0.798165440369253,-0.497542812164505,0.339680850010112));
#8597=DIRECTION('',(0.,-1.,0.));
#8598=DIRECTION('center_axis',(-0.303494978666187,-0.819152044288994,-0.486703941078735));
#8599=DIRECTION('ref_axis',(-0.848542426489884,0.,0.529127348042661));
#8600=DIRECTION('',(-0.848542426489884,0.,0.529127348042661));
#8601=DIRECTION('',(0.848542426489884,0.,-0.529127348042661));
#8602=DIRECTION('',(-0.0462069298641347,-0.497542812164536,0.866207867486746));
#8603=DIRECTION('center_axis',(-0.99858024199132,0.,-0.0532681922403641));
#8604=DIRECTION('ref_axis',(-0.0532681922403641,0.,0.99858024199132));
#8605=DIRECTION('',(0.,-1.,0.));
#8606=DIRECTION('',(0.,1.,0.));
#8607=DIRECTION('center_axis',(0.848542426489886,0.,-0.529127348042658));
#8608=DIRECTION('ref_axis',(0.,1.,0.));
#8609=DIRECTION('',(0.529127348042658,0.,0.848542426489886));
#8610=DIRECTION('',(0.529127348042658,0.,0.848542426489886));
#8611=DIRECTION('center_axis',(0.,-1.,0.));
#8612=DIRECTION('ref_axis',(0.848542426489884,0.,-0.529127348042661));
#8613=DIRECTION('',(0.529127348042658,0.,0.848542426489886));
#8614=DIRECTION('center_axis',(0.529127348042661,0.,0.848542426489885));
#8615=DIRECTION('ref_axis',(0.,1.,0.));
#8616=DIRECTION('center_axis',(-0.529127348042661,0.,-0.848542426489885));
#8617=DIRECTION('ref_axis',(0.848542426489884,-1.70750430240942E-15,-0.529127348042661));
#8618=DIRECTION('',(-0.848542426489884,1.54465812121761E-15,0.529127348042661));
#8619=DIRECTION('',(0.,1.,0.));
#8620=DIRECTION('',(0.848542426489884,1.54465812121761E-15,-0.529127348042661));
#8621=DIRECTION('center_axis',(-0.529127348042661,0.,-0.848542426489885));
#8622=DIRECTION('ref_axis',(0.848542426489884,1.88414267852074E-15,-0.529127348042661));
#8623=DIRECTION('',(-6.55353975137646E-16,-1.,4.08660427656215E-16));
#8624=DIRECTION('center_axis',(-0.848542426489886,0.,0.529127348042658));
#8625=DIRECTION('ref_axis',(0.,-1.,0.));
#8626=DIRECTION('',(0.529127348042658,0.,0.848542426489886));
#8627=DIRECTION('center_axis',(0.,1.,0.));
#8628=DIRECTION('ref_axis',(-0.848542426489884,0.,0.529127348042661));
#8629=DIRECTION('center_axis',(0.,1.,0.));
#8630=DIRECTION('ref_axis',(0.,0.,1.));
#8631=DIRECTION('center_axis',(0.,-1.,0.));
#8632=DIRECTION('ref_axis',(1.,0.,0.));
#8633=DIRECTION('center_axis',(-1.,0.,0.));
#8634=DIRECTION('ref_axis',(0.,0.,-1.));
#8635=DIRECTION('center_axis',(0.,1.,0.));
#8636=DIRECTION('ref_axis',(1.,0.,0.));
#8637=DIRECTION('center_axis',(0.,1.,0.));
#8638=DIRECTION('ref_axis',(1.,0.,0.));
#8639=DIRECTION('center_axis',(0.,1.,0.));
#8640=DIRECTION('ref_axis',(1.,0.,0.));
#8641=DIRECTION('',(0.,1.,0.));
#8642=DIRECTION('center_axis',(-0.135013158062475,-0.990842828036579,0.00139186151324452));
#8643=DIRECTION('ref_axis',(0.990790180261767,-0.135020332278049,-0.0102141357138604));
#8644=DIRECTION('center_axis',(-0.135013158062475,-0.990842828036579,0.00139186151324452));
#8645=DIRECTION('ref_axis',(0.990790180261767,-0.135020332278049,-0.0102141357138604));
#8646=DIRECTION('center_axis',(0.,1.,0.));
#8647=DIRECTION('ref_axis',(-1.,0.,0.));
#8648=DIRECTION('',(0.,0.,1.));
#8649=DIRECTION('',(-1.,0.,0.));
#8650=DIRECTION('',(0.,0.,1.));
#8651=DIRECTION('',(-1.,0.,0.));
#8652=DIRECTION('',(0.,0.,1.));
#8653=DIRECTION('',(-1.,0.,0.));
#8654=DIRECTION('',(0.,0.,-1.));
#8655=DIRECTION('',(-1.,0.,0.));
#8656=DIRECTION('',(9.58998221157262E-11,0.,-1.));
#8657=DIRECTION('center_axis',(0.,1.,0.));
#8658=DIRECTION('ref_axis',(2.71946492425891E-6,0.,-0.999999999996302));
#8659=DIRECTION('',(-1.,0.,1.5602787526424E-11));
#8660=DIRECTION('center_axis',(0.,1.,0.));
#8661=DIRECTION('ref_axis',(-0.999999999310853,0.,-3.71253855628125E-5));
#8662=DIRECTION('',(-2.99440023719322E-10,0.,1.));
#8663=DIRECTION('center_axis',(0.,1.,0.));
#8664=DIRECTION('ref_axis',(-3.99128982493158E-6,0.,0.999999999992035));
#8665=DIRECTION('',(1.,0.,7.30008393971963E-14));
#8666=DIRECTION('center_axis',(0.,1.,0.));
#8667=DIRECTION('ref_axis',(0.999999999928812,0.,1.19321276703917E-5));
#8668=DIRECTION('center_axis',(-0.0103085327206988,4.20448323166711E-14,
-0.999946865664944));
#8669=DIRECTION('ref_axis',(0.110349287261331,0.993892217832434,-0.00113759968400021));
#8670=DIRECTION('center_axis',(0.110349287261418,0.993892217832425,-0.0011375996840404));
#8671=DIRECTION('ref_axis',(0.993839408030313,-0.110355150908981,-0.0102455704483512));
#8672=DIRECTION('center_axis',(0.110349287261418,0.993892217832425,-0.0011375996840404));
#8673=DIRECTION('ref_axis',(0.,0.00114458984430373,0.99999934495683));
#8674=DIRECTION('center_axis',(0.110349287261418,0.993892217832425,-0.0011375996840404));
#8675=DIRECTION('ref_axis',(0.993839408030313,-0.110355150908981,-0.010245570448351));
#8676=DIRECTION('',(0.0103126582372593,-4.58094146013458E-7,0.999946823126046));
#8677=DIRECTION('',(-0.992928198375118,0.110292527497144,0.0439221043420482));
#8678=DIRECTION('',(-0.993892860947428,0.110349358664816,0.));
#8679=DIRECTION('center_axis',(4.31782295662145E-16,-0.81915204428898,-0.573576436351063));
#8680=DIRECTION('ref_axis',(-1.,0.,-7.52789459778065E-16));
#8681=DIRECTION('center_axis',(-4.31782295662145E-16,0.81915204428898,0.573576436351063));
#8682=DIRECTION('ref_axis',(0.,0.573576436351063,-0.81915204428898));
#8683=DIRECTION('',(-1.,-5.2710885442144E-16,0.));
#8684=DIRECTION('center_axis',(-4.31782295662145E-16,0.81915204428898,0.573576436351063));
#8685=DIRECTION('ref_axis',(0.,0.573576436351063,-0.81915204428898));
#8686=DIRECTION('',(1.,5.2710885442144E-16,0.));
#8687=DIRECTION('center_axis',(-5.2710885442144E-16,1.,0.));
#8688=DIRECTION('ref_axis',(1.,5.2710885442144E-16,0.));
#8689=DIRECTION('',(0.,0.,-1.));
#8690=DIRECTION('',(0.,0.,-1.));
#8691=DIRECTION('',(-1.,-5.2710885442144E-16,0.));
#8692=DIRECTION('',(0.,0.,1.));
#8693=DIRECTION('',(-1.,-1.05421770884288E-15,0.));
#8694=DIRECTION('',(0.,0.,1.));
#8695=DIRECTION('',(-1.,-5.2710885442144E-16,0.));
#8696=DIRECTION('',(0.,0.,-1.));
#8697=DIRECTION('',(-1.,-5.2710885442144E-16,0.));
#8698=DIRECTION('',(0.,0.,-1.));
#8699=DIRECTION('',(-1.,-5.2710885442144E-16,0.));
#8700=DIRECTION('',(0.,0.,-1.));
#8701=DIRECTION('',(-1.,-5.2710885442144E-16,0.));
#8702=DIRECTION('center_axis',(4.3178229566214E-16,-0.81915204428897,-0.573576436351077));
#8703=DIRECTION('ref_axis',(-1.,0.,-7.52789459778038E-16));
#8704=DIRECTION('',(0.,-0.573576436351077,0.81915204428897));
#8705=DIRECTION('',(1.,5.2710885442144E-16,0.));
#8706=DIRECTION('',(0.,-0.573576436351077,0.81915204428897));
#8707=DIRECTION('center_axis',(0.,0.,-1.));
#8708=DIRECTION('ref_axis',(1.,-4.09928501400072E-14,0.));
#8709=DIRECTION('center_axis',(0.,0.,-1.));
#8710=DIRECTION('ref_axis',(1.,-4.09928501400072E-14,0.));
#8711=DIRECTION('',(-0.573576436350989,2.03775285126163E-14,0.819152044289032));
#8712=DIRECTION('center_axis',(0.,0.,1.));
#8713=DIRECTION('ref_axis',(1.,-4.09928501400072E-14,0.));
#8714=DIRECTION('center_axis',(-0.819152044289016,1.95973917357777E-15,
-0.573576436351011));
#8715=DIRECTION('ref_axis',(-0.573576436351011,0.,0.819152044289016));
#8716=DIRECTION('',(-2.39239978370405E-15,-1.,0.));
#8717=DIRECTION('',(-0.573576436351011,0.,0.819152044289016));
#8718=DIRECTION('',(2.39239978370405E-15,1.,0.));
#8719=DIRECTION('center_axis',(0.,0.,-1.));
#8720=DIRECTION('ref_axis',(-5.46571335200104E-14,-1.,0.));
#8721=DIRECTION('center_axis',(0.,0.,-1.));
#8722=DIRECTION('ref_axis',(-5.46571335200104E-14,-1.,0.));
#8723=DIRECTION('',(0.,0.573576436351052,0.819152044288987));
#8724=DIRECTION('center_axis',(0.,0.,1.));
#8725=DIRECTION('ref_axis',(-5.46571335200104E-14,-1.,0.));
#8726=DIRECTION('center_axis',(-6.04495213926996E-15,0.81915204428897,-0.573576436351077));
#8727=DIRECTION('ref_axis',(-1.,0.,1.05390524368925E-14));
#8728=DIRECTION('',(-1.,-7.37952396190016E-15,0.));
#8729=DIRECTION('',(0.,0.573576436351063,0.81915204428898));
#8730=DIRECTION('',(1.,7.37952396190016E-15,0.));
#8731=DIRECTION('center_axis',(0.,0.,-1.));
#8732=DIRECTION('ref_axis',(-1.,-1.36642833800017E-14,0.));
#8733=DIRECTION('center_axis',(0.,0.,-1.));
#8734=DIRECTION('ref_axis',(-1.,-1.36642833800017E-14,0.));
#8735=DIRECTION('',(0.573576436351039,0.,0.819152044288997));
#8736=DIRECTION('center_axis',(0.,0.,1.));
#8737=DIRECTION('ref_axis',(-1.,-1.36642833800017E-14,0.));
#8738=DIRECTION('center_axis',(0.819152044288997,0.,-0.573576436351039));
#8739=DIRECTION('ref_axis',(-0.573576436351039,0.,-0.819152044288997));
#8740=DIRECTION('',(0.,1.,0.));
#8741=DIRECTION('',(0.573576436351039,0.,0.819152044288997));
#8742=DIRECTION('',(0.,-1.,0.));
#8743=DIRECTION('center_axis',(0.,0.,-1.));
#8744=DIRECTION('ref_axis',(0.,1.,0.));
#8745=DIRECTION('center_axis',(0.,0.,-1.));
#8746=DIRECTION('ref_axis',(0.,1.,0.));
#8747=DIRECTION('',(0.,-0.573576436351063,0.81915204428898));
#8748=DIRECTION('center_axis',(0.,0.,1.));
#8749=DIRECTION('ref_axis',(0.,1.,0.));
#8750=DIRECTION('center_axis',(4.3178229566214E-16,-0.81915204428897,-0.573576436351077));
#8751=DIRECTION('ref_axis',(-1.,0.,-7.52789459778038E-16));
#8752=DIRECTION('',(0.,0.573576436351077,-0.81915204428897));
#8753=DIRECTION('',(1.,5.2710885442144E-16,0.));
#8754=DIRECTION('center_axis',(0.,0.,-1.));
#8755=DIRECTION('ref_axis',(1.,0.,0.));
#8756=DIRECTION('',(0.,1.,0.));
#8757=DIRECTION('center_axis',(0.,0.,1.));
#8758=DIRECTION('ref_axis',(0.,1.,0.));
#8759=DIRECTION('',(0.,1.,0.));
#8760=DIRECTION('',(0.,-1.,0.));
#8761=DIRECTION('',(0.,1.,0.));
#8762=DIRECTION('center_axis',(0.,0.,1.));
#8763=DIRECTION('ref_axis',(1.,0.,0.));
#8764=DIRECTION('',(1.,0.,0.));
#8765=DIRECTION('center_axis',(0.,0.,1.));
#8766=DIRECTION('ref_axis',(0.,-1.,0.));
#8767=DIRECTION('',(0.,-1.,0.));
#8768=DIRECTION('center_axis',(0.,0.,1.));
#8769=DIRECTION('ref_axis',(-1.,1.77635683940023E-14,0.));
#8770=DIRECTION('',(0.,-1.,0.));
#8771=DIRECTION('center_axis',(0.,0.,-1.));
#8772=DIRECTION('ref_axis',(1.,0.,0.));
#8773=DIRECTION('center_axis',(0.,0.,-1.));
#8774=DIRECTION('ref_axis',(1.,0.,0.));
#8775=DIRECTION('',(0.573576436351039,-7.02428546843645E-17,0.819152044288997));
#8776=DIRECTION('center_axis',(0.,0.,1.));
#8777=DIRECTION('ref_axis',(1.,0.,0.));
#8778=DIRECTION('center_axis',(0.,0.,-1.));
#8779=DIRECTION('ref_axis',(-1.,0.,0.));
#8780=DIRECTION('',(0.,1.,0.));
#8781=DIRECTION('center_axis',(0.,0.,1.));
#8782=DIRECTION('ref_axis',(0.999998592696426,0.00167767850510628,-2.59292196847577E-17));
#8783=DIRECTION('',(-6.84873136137607E-15,-1.,0.));
#8784=DIRECTION('',(0.532997303470607,0.846116939017924,0.));
#8785=DIRECTION('',(0.690387453776589,0.723439813438463,0.));
#8786=DIRECTION('',(0.918436548842064,0.395568332593851,0.));
#8787=DIRECTION('',(0.941754134799266,0.336302170062113,0.));
#8788=DIRECTION('',(0.999999332547972,-0.00115538028797238,0.));
#8789=DIRECTION('',(0.997732103566457,-0.0673100996348361,0.));
#8790=DIRECTION('',(0.99754815911469,-0.0699833569278688,0.));
#8791=DIRECTION('',(0.980898071557476,-0.194522423424203,0.));
#8792=DIRECTION('',(0.946941857446975,-0.321404913800136,0.));
#8793=DIRECTION('',(0.865110571264546,-0.50158119929512,0.));
#8794=DIRECTION('',(0.793534272348474,-0.608525561179133,0.));
#8795=DIRECTION('',(0.664999739854925,-0.746843588707088,0.));
#8796=DIRECTION('',(0.65026417109926,-0.759708172777279,0.));
#8797=DIRECTION('',(0.447155974599583,-0.89445599913014,0.));
#8798=DIRECTION('',(0.101609324096428,-0.994824379102496,0.));
#8799=DIRECTION('',(-3.68608728383716E-16,-1.,0.));
#8800=DIRECTION('',(-0.518517856718861,-0.855066799883891,0.));
#8801=DIRECTION('',(-0.648193266414823,-0.761475862634189,0.));
#8802=DIRECTION('',(-0.645935225587808,-0.763392221826256,0.));
#8803=DIRECTION('',(-0.793535243411365,-0.608524294883997,0.));
#8804=DIRECTION('',(-0.865110276217318,-0.501581708182421,0.));
#8805=DIRECTION('',(-0.980898030955308,-0.194522628164438,0.));
#8806=DIRECTION('',(-0.99754814377206,-0.0699835756225573,0.));
#8807=DIRECTION('',(-0.997732087367331,-0.0673103397527288,0.));
#8808=DIRECTION('',(-0.999999331874653,-0.00115596290917975,0.));
#8809=DIRECTION('',(-0.941754237401308,0.336301882743288,0.));
#8810=DIRECTION('',(-0.918436691899199,0.395568000441462,0.));
#8811=DIRECTION('',(-0.690387752781964,0.723439528093862,0.));
#8812=DIRECTION('',(-0.532997421247705,0.846116864826187,0.));
#8813=DIRECTION('',(-6.84873136137607E-15,-1.,0.));
#8814=DIRECTION('center_axis',(0.,0.,1.));
#8815=DIRECTION('ref_axis',(0.999998592696426,0.00167767850510628,-2.59292196847577E-17));
#8816=DIRECTION('',(0.,1.,0.));
#8817=DIRECTION('center_axis',(0.,0.,-1.));
#8818=DIRECTION('ref_axis',(0.,-1.,0.));
#8819=DIRECTION('',(-1.,0.,0.));
#8820=DIRECTION('center_axis',(0.,0.,-1.));
#8821=DIRECTION('ref_axis',(1.,0.,0.));
#8822=DIRECTION('',(0.,-1.,0.));
#8823=DIRECTION('',(-1.,1.3107079502753E-15,0.));
#8824=DIRECTION('center_axis',(0.,0.,-1.));
#8825=DIRECTION('ref_axis',(0.707106781186522,-0.707106781186573,0.));
#8826=DIRECTION('',(0.,-1.,0.));
#8827=DIRECTION('center_axis',(0.,0.,-1.));
#8828=DIRECTION('ref_axis',(0.707106781186585,0.70710678118651,0.));
#8829=DIRECTION('',(1.,1.31070795027529E-15,0.));
#8830=DIRECTION('',(0.,-1.,0.));
#8831=DIRECTION('center_axis',(0.,0.,-1.));
#8832=DIRECTION('ref_axis',(0.,1.,0.));
#8833=DIRECTION('',(1.,0.,0.));
#8834=DIRECTION('center_axis',(0.,0.,-1.));
#8835=DIRECTION('ref_axis',(-1.,1.77635683940023E-14,0.));
#8836=DIRECTION('center_axis',(0.,0.,-1.));
#8837=DIRECTION('ref_axis',(1.,0.,0.));
#8838=DIRECTION('center_axis',(0.,0.,-1.));
#8839=DIRECTION('ref_axis',(1.,0.,0.));
#8840=DIRECTION('center_axis',(0.,0.,-1.));
#8841=DIRECTION('ref_axis',(1.,0.,0.));
#8842=DIRECTION('center_axis',(0.,0.,1.));
#8843=DIRECTION('ref_axis',(1.,0.,0.));
#8844=DIRECTION('',(0.,0.,-1.));
#8845=DIRECTION('center_axis',(0.,0.,-1.));
#8846=DIRECTION('ref_axis',(1.,0.,0.));
#8847=DIRECTION('',(0.573576436351039,-7.02428546843645E-17,0.819152044288997));
#8848=DIRECTION('center_axis',(0.,0.,1.));
#8849=DIRECTION('ref_axis',(1.,0.,0.));
#8850=DIRECTION('center_axis',(0.,0.,-1.));
#8851=DIRECTION('ref_axis',(1.,0.,0.));
#8852=DIRECTION('center_axis',(0.,0.,1.));
#8853=DIRECTION('ref_axis',(1.,0.,0.));
#8854=DIRECTION('',(0.,0.,-1.));
#8855=DIRECTION('center_axis',(0.,0.,-1.));
#8856=DIRECTION('ref_axis',(1.,0.,0.));
#8857=DIRECTION('',(0.57357643635105,-7.02428546843658E-17,0.819152044288989));
#8858=DIRECTION('center_axis',(0.,0.,1.));
#8859=DIRECTION('ref_axis',(1.,0.,0.));
#8860=DIRECTION('center_axis',(0.,0.,-1.));
#8861=DIRECTION('ref_axis',(1.,0.,0.));
#8862=DIRECTION('center_axis',(0.,0.,1.));
#8863=DIRECTION('ref_axis',(1.,0.,0.));
#8864=DIRECTION('',(0.,0.,-1.));
#8865=DIRECTION('center_axis',(0.,0.,-1.));
#8866=DIRECTION('ref_axis',(1.,0.,0.));
#8867=DIRECTION('center_axis',(0.,0.,-1.));
#8868=DIRECTION('ref_axis',(1.,0.,0.));
#8869=DIRECTION('center_axis',(0.,0.,-1.));
#8870=DIRECTION('ref_axis',(1.,0.,0.));
#8871=DIRECTION('center_axis',(-3.78092105113236E-6,0.000793670604949072,
0.999999685036288));
#8872=DIRECTION('ref_axis',(0.110214478825608,0.993907514335781,-0.000788418714246461));
#8873=DIRECTION('center_axis',(-0.114704335384339,-0.993399336703657,0.000820536880373569));
#8874=DIRECTION('ref_axis',(0.993373920320525,-0.114707270199996,-0.00710609529180494));
#8875=DIRECTION('center_axis',(0.993907823296772,-0.110214512606588,6.04760830376134E-7));
#8876=DIRECTION('ref_axis',(6.08467806602197E-7,7.51535586576199E-13,-0.999999999999815));
#8877=DIRECTION('center_axis',(0.110214478825308,0.993907514335814,-0.000788418714291058));
#8878=DIRECTION('ref_axis',(0.993882084950824,-0.110217298763866,-0.00710973044490694));
#8879=DIRECTION('center_axis',(-0.993907823244436,0.110214513080208,-7.25560552419746E-14));
#8880=DIRECTION('ref_axis',(0.07790270143899,0.702521857134327,-0.707385474375212));
#8881=DIRECTION('center_axis',(0.993907823244433,-0.110214513080231,0.));
#8882=DIRECTION('ref_axis',(0.,0.,-1.));
#8883=DIRECTION('',(0.993907823244436,-0.110214513080208,7.25560539068659E-14));
#8884=DIRECTION('',(-0.993907823244436,0.110214513080208,-7.25560552419746E-14));
#8885=DIRECTION('center_axis',(-2.74185674943296E-6,0.000793555383105932,
0.999999685131119));
#8886=DIRECTION('ref_axis',(0.999999999996241,0.,2.74185761274829E-6));
#8887=DIRECTION('center_axis',(0.110214478825308,0.993907514335814,-0.000788418714291058));
#8888=DIRECTION('ref_axis',(-0.993882084950824,0.110217298763866,0.00710973044490702));
#8889=DIRECTION('center_axis',(-0.114704335384089,-0.993399336703686,0.000820536880372306));
#8890=DIRECTION('ref_axis',(-0.993373920320554,0.114707270199747,0.00710609529180968));
#8891=DIRECTION('center_axis',(4.69344653879103E-10,-0.000793251390690112,
-0.999999685376066));
#8892=DIRECTION('ref_axis',(0.745055192192423,0.667002609170087,-0.000529100564327629));
#8893=DIRECTION('center_axis',(-4.69231343637748E-10,0.000793251390632649,
0.999999685376066));
#8894=DIRECTION('ref_axis',(1.,0.,4.69231491269206E-10));
#8895=DIRECTION('',(-4.69344653867153E-10,0.000793251390690112,0.999999685376066));
#8896=DIRECTION('',(4.69344653879103E-10,-0.000793251390690112,-0.999999685376066));
#8897=DIRECTION('center_axis',(-0.993907823936977,0.11021450651705,-8.37059126086362E-6));
#8898=DIRECTION('ref_axis',(-8.42189908813691E-6,-1.22978550603611E-12,
0.999999999964536));
#8899=DIRECTION('center_axis',(0.110214478825308,0.993907514335814,-0.000788418714291058));
#8900=DIRECTION('ref_axis',(-0.993882084950824,0.110217298763866,0.00710973044490693));
#8901=DIRECTION('center_axis',(-0.114704335383882,-0.99339933670371,0.000820536880370539));
#8902=DIRECTION('ref_axis',(-0.993373920320578,0.11470727019954,0.00710609529180736));
#8903=DIRECTION('center_axis',(0.993907823244436,-0.110214513080208,0.));
#8904=DIRECTION('ref_axis',(0.0779641456185033,0.70307595703106,0.706827978112663));
#8905=DIRECTION('',(-0.993907823244436,0.110214513080208,0.));
#8906=DIRECTION('',(0.993907823244436,-0.110214513080208,0.));
#8907=DIRECTION('center_axis',(0.993892860947428,-0.110349358664816,0.));
#8908=DIRECTION('ref_axis',(0.0780731499535751,0.703188014046157,0.706704464509846));
#8909=DIRECTION('',(0.993892860947428,-0.110349358664816,0.));
#8910=DIRECTION('center_axis',(-0.993892860947437,0.110349358664738,7.53922453798125E-15));
#8911=DIRECTION('ref_axis',(0.,-6.83214169000008E-14,1.));
#8912=DIRECTION('center_axis',(-0.114844488633961,-0.993382777037095,0.00118394107679418));
#8913=DIRECTION('ref_axis',(0.993329994303781,-0.114850591143753,-0.0102403188612414));
#8914=DIRECTION('center_axis',(-0.114704335384097,-0.993399336703685,0.00082053688037243));
#8915=DIRECTION('ref_axis',(0.993373920320553,-0.114707270199755,-0.00710609529181025));
#8916=DIRECTION('center_axis',(5.51739266756934E-6,-0.00079386316228918,
-0.999999684875369));
#8917=DIRECTION('ref_axis',(-0.999999999984779,-1.84467825632941E-12,-5.51739440468781E-6));
#8918=DIRECTION('center_axis',(0.110214478825308,0.993907514335814,-0.000788418714291058));
#8919=DIRECTION('ref_axis',(0.993882084950824,-0.110217298763866,-0.00710973044490695));
#8920=DIRECTION('center_axis',(-9.9073672233167E-11,0.000793251349630761,
0.999999685376099));
#8921=DIRECTION('ref_axis',(-0.667002819025034,0.745054957780044,-0.000591016103106426));
#8922=DIRECTION('',(9.90736722212175E-11,-0.000793251349630761,-0.999999685376099));
#8923=DIRECTION('',(-9.90736722331669E-11,0.000793251349630761,0.999999685376099));
#8924=DIRECTION('center_axis',(0.,1.,0.));
#8925=DIRECTION('ref_axis',(-0.999999999819103,0.,-1.90208957566779E-5));
#8926=DIRECTION('',(0.,1.,0.));
#8927=DIRECTION('center_axis',(0.,1.,0.));
#8928=DIRECTION('ref_axis',(-0.707097078626855,0.,-0.707116483613108));
#8929=DIRECTION('',(0.,1.,0.));
#8930=DIRECTION('center_axis',(-1.,0.,-4.69344801546211E-10));
#8931=DIRECTION('ref_axis',(-4.69344801546211E-10,0.,1.));
#8932=DIRECTION('',(0.,1.,0.));
#8933=DIRECTION('',(-4.69344801546211E-10,0.,1.));
#8934=DIRECTION('center_axis',(0.,1.,0.));
#8935=DIRECTION('ref_axis',(-6.22907947433167E-6,0.,0.999999999980599));
#8936=DIRECTION('',(0.,1.,0.));
#8937=DIRECTION('center_axis',(0.,1.,0.));
#8938=DIRECTION('ref_axis',(-0.707109952884613,0.,0.707103609474256));
#8939=DIRECTION('center_axis',(-7.30007889515631E-14,0.,1.));
#8940=DIRECTION('ref_axis',(1.,0.,7.30007889515631E-14));
#8941=DIRECTION('',(0.,1.,0.));
#8942=DIRECTION('',(1.,0.,7.30007889515631E-14));
#8943=DIRECTION('center_axis',(0.,1.,0.));
#8944=DIRECTION('ref_axis',(0.999999999992852,0.,3.78092228721168E-6));
#8945=DIRECTION('',(0.,1.,0.));
#8946=DIRECTION('center_axis',(0.,1.,0.));
#8947=DIRECTION('ref_axis',(0.707105229301149,0.,0.70710833306854));
#8948=DIRECTION('center_axis',(0.110214478825308,0.993907514335814,-0.000788418714291058));
#8949=DIRECTION('ref_axis',(0.,0.000793251338644481,0.999999685376107));
#8950=DIRECTION('',(0.00615305400166055,0.000110923947084478,0.999981063631872));
#8951=DIRECTION('',(0.983954716760876,-0.109222724136424,-0.141079806833731));
#8952=DIRECTION('center_axis',(0.,-1.,0.));
#8953=DIRECTION('ref_axis',(0.70710522930115,0.,0.707108333068539));
#8954=DIRECTION('center_axis',(3.78092238406685E-6,0.,-0.999999999992852));
#8955=DIRECTION('ref_axis',(0.999999999992852,0.,3.78092238406685E-6));
#8956=DIRECTION('center_axis',(0.,-1.,0.));
#8957=DIRECTION('ref_axis',(0.707105229301149,0.,0.70710833306854));
#8958=DIRECTION('center_axis',(-0.999999999999815,0.,-6.0846758714163E-7));
#8959=DIRECTION('ref_axis',(0.,-1.,0.));
#8960=DIRECTION('center_axis',(-1.,0.,-7.30007889515631E-14));
#8961=DIRECTION('ref_axis',(0.,-0.707106781186598,0.707106781186497));
#8962=DIRECTION('center_axis',(-1.,0.,-1.42108547152028E-13));
#8963=DIRECTION('ref_axis',(0.,-1.,0.));
#8964=DIRECTION('',(-1.,0.,-7.30007889515631E-14));
#8965=DIRECTION('center_axis',(0.,-1.,0.));
#8966=DIRECTION('ref_axis',(0.,0.,-1.));
#8967=DIRECTION('center_axis',(2.74185737225705E-6,0.,-0.999999999996241));
#8968=DIRECTION('ref_axis',(0.,-1.,0.));
#8969=DIRECTION('center_axis',(0.,-1.,0.));
#8970=DIRECTION('ref_axis',(-0.707109952884613,0.,0.707103609474256));
#8971=DIRECTION('center_axis',(4.69344801546211E-10,0.,-1.));
#8972=DIRECTION('ref_axis',(-0.707106781186497,-0.707106781186598,-3.3180449910872E-10));
#8973=DIRECTION('center_axis',(4.69384531243149E-10,0.,-1.));
#8974=DIRECTION('ref_axis',(0.,-1.,0.));
#8975=DIRECTION('',(4.69344801546211E-10,0.,-1.));
#8976=DIRECTION('center_axis',(0.,-1.,0.));
#8977=DIRECTION('ref_axis',(0.,0.,-1.));
#8978=DIRECTION('center_axis',(0.999999999964536,0.,8.42189890505407E-6));
#8979=DIRECTION('ref_axis',(0.,-1.,0.));
#8980=DIRECTION('center_axis',(0.,-1.,0.));
#8981=DIRECTION('ref_axis',(-0.707097078626855,0.,-0.707116483613108));
#8982=DIRECTION('center_axis',(1.,0.,0.));
#8983=DIRECTION('ref_axis',(0.,-0.707106781186598,-0.707106781186497));
#8984=DIRECTION('center_axis',(1.,0.,0.));
#8985=DIRECTION('ref_axis',(0.,-1.,0.));
#8986=DIRECTION('',(-1.,0.,0.));
#8987=DIRECTION('',(1.,0.,0.));
#8988=DIRECTION('center_axis',(0.,-1.,0.));
#8989=DIRECTION('ref_axis',(0.,0.,-1.));
#8990=DIRECTION('center_axis',(-5.51739418592683E-6,0.,0.999999999984779));
#8991=DIRECTION('ref_axis',(0.,-1.,0.));
#8992=DIRECTION('center_axis',(0.,1.,0.));
#8993=DIRECTION('ref_axis',(0.707108447117478,0.,-0.707105115251692));
#8994=DIRECTION('center_axis',(0.,-1.,0.));
#8995=DIRECTION('ref_axis',(0.707108447117478,0.,-0.707105115251692));
#8996=DIRECTION('center_axis',(-9.9073703404122E-11,0.,1.));
#8997=DIRECTION('ref_axis',(0.707106781186598,-0.707106781186497,7.01391703143106E-11));
#8998=DIRECTION('',(9.9073703404122E-11,0.,-1.));
#8999=DIRECTION('',(-9.9073703404122E-11,0.,1.));
#9000=DIRECTION('center_axis',(0.,0.,-1.));
#9001=DIRECTION('ref_axis',(-1.,0.,0.));
#9002=DIRECTION('',(0.,1.,0.));
#9003=DIRECTION('center_axis',(0.,1.,0.));
#9004=DIRECTION('ref_axis',(-8.05424507321339E-7,0.,-0.999999999999676));
#9005=DIRECTION('',(0.,1.,0.));
#9006=DIRECTION('center_axis',(1.,0.,9.9073703404122E-11));
#9007=DIRECTION('ref_axis',(9.9073703404122E-11,0.,-1.));
#9008=DIRECTION('center_axis',(0.,-1.,0.));
#9009=DIRECTION('ref_axis',(1.,0.,0.));
#9010=DIRECTION('center_axis',(0.,-1.,0.));
#9011=DIRECTION('ref_axis',(2.71946492425891E-6,0.,-0.999999999996302));
#9012=DIRECTION('',(-9.58998221157262E-11,0.,1.));
#9013=DIRECTION('center_axis',(0.,-1.,0.));
#9014=DIRECTION('ref_axis',(0.999999999928812,0.,1.19321276703917E-5));
#9015=DIRECTION('',(-1.,0.,-7.30008393971963E-14));
#9016=DIRECTION('center_axis',(0.,-1.,0.));
#9017=DIRECTION('ref_axis',(-3.99128982493158E-6,0.,0.999999999992035));
#9018=DIRECTION('',(2.99440023719322E-10,0.,-1.));
#9019=DIRECTION('center_axis',(0.,-1.,0.));
#9020=DIRECTION('ref_axis',(-0.999999999310853,0.,-3.71253855628125E-5));
#9021=DIRECTION('',(1.,0.,-1.5602787526424E-11));
#9022=DIRECTION('center_axis',(0.,1.,0.));
#9023=DIRECTION('ref_axis',(-3.99128982493158E-6,0.,0.999999999992035));
#9024=DIRECTION('',(0.,1.,0.));
#9025=DIRECTION('',(0.,1.,0.));
#9026=DIRECTION('center_axis',(-7.30008393971963E-14,0.,1.));
#9027=DIRECTION('ref_axis',(1.,0.,7.30008393971963E-14));
#9028=DIRECTION('',(0.,1.,0.));
#9029=DIRECTION('center_axis',(0.,1.,0.));
#9030=DIRECTION('ref_axis',(0.999999999928812,0.,1.19321276703917E-5));
#9031=DIRECTION('',(0.,1.,0.));
#9032=DIRECTION('center_axis',(1.,0.,9.58998221157262E-11));
#9033=DIRECTION('ref_axis',(9.58998221157262E-11,0.,-1.));
#9034=DIRECTION('',(0.,1.,0.));
#9035=DIRECTION('center_axis',(-1.,-5.2710885442144E-16,0.));
#9036=DIRECTION('ref_axis',(0.,0.707106781186573,-0.707106781186522));
#9037=DIRECTION('center_axis',(-1.,0.,0.));
#9038=DIRECTION('ref_axis',(0.,0.707106781186573,-0.707106781186522));
#9039=DIRECTION('',(1.,5.2710885442144E-16,0.));
#9040=DIRECTION('center_axis',(-1.,-5.2710885442144E-16,0.));
#9041=DIRECTION('ref_axis',(0.,0.707106781186573,-0.707106781186522));
#9042=DIRECTION('',(1.,5.2710885442144E-16,0.));
#9043=DIRECTION('center_axis',(-1.,0.,-2.99440023719322E-10));
#9044=DIRECTION('ref_axis',(-2.99440023719322E-10,0.,1.));
#9045=DIRECTION('',(0.,1.,0.));
#9046=DIRECTION('center_axis',(0.,1.,0.));
#9047=DIRECTION('ref_axis',(-0.999999999310853,0.,-3.71253855628125E-5));
#9048=DIRECTION('',(0.,1.,0.));
#9049=DIRECTION('center_axis',(-1.5602787526424E-11,0.,-1.));
#9050=DIRECTION('ref_axis',(-1.,0.,1.5602787526424E-11));
#9051=DIRECTION('',(0.,1.,0.));
#9052=DIRECTION('center_axis',(0.,1.,0.));
#9053=DIRECTION('ref_axis',(2.71946492425891E-6,0.,-0.999999999996302));
#9054=DIRECTION('center_axis',(0.,0.,-1.));
#9055=DIRECTION('ref_axis',(1.,0.,0.));
#9056=DIRECTION('center_axis',(0.,0.,-1.));
#9057=DIRECTION('ref_axis',(1.,0.,0.));
#9058=DIRECTION('center_axis',(1.,0.,0.));
#9059=DIRECTION('ref_axis',(0.,-1.,0.));
#9060=DIRECTION('',(0.,8.17320855312434E-16,1.));
#9061=DIRECTION('',(0.,8.17320855312434E-16,-1.));
#9062=DIRECTION('',(0.,1.,0.));
#9063=DIRECTION('center_axis',(1.,0.,0.));
#9064=DIRECTION('ref_axis',(0.,1.,0.));
#9065=DIRECTION('',(0.,0.,1.));
#9066=DIRECTION('',(0.,1.,0.));
#9067=DIRECTION('',(0.,8.17320855312434E-16,-1.));
#9068=DIRECTION('center_axis',(0.,0.,1.));
#9069=DIRECTION('ref_axis',(0.,1.,0.));
#9070=DIRECTION('center_axis',(0.,0.,1.));
#9071=DIRECTION('ref_axis',(0.,1.,0.));
#9072=DIRECTION('center_axis',(0.,0.,1.));
#9073=DIRECTION('ref_axis',(1.,0.,0.));
#9074=DIRECTION('',(0.,0.,-1.));
#9075=DIRECTION('center_axis',(0.,0.,1.));
#9076=DIRECTION('ref_axis',(1.,0.,0.));
#9077=DIRECTION('center_axis',(0.,0.,-1.));
#9078=DIRECTION('ref_axis',(1.,0.,0.));
#9079=DIRECTION('center_axis',(0.,0.,1.));
#9080=DIRECTION('ref_axis',(1.,0.,0.));
#9081=DIRECTION('center_axis',(0.,0.,-1.));
#9082=DIRECTION('ref_axis',(1.,0.,0.));
#9083=DIRECTION('center_axis',(0.,0.,1.));
#9084=DIRECTION('ref_axis',(1.,0.,0.));
#9085=DIRECTION('',(0.,0.,1.));
#9086=DIRECTION('center_axis',(0.,-1.,0.));
#9087=DIRECTION('ref_axis',(1.,0.,0.));
#9088=DIRECTION('',(1.,0.,0.));
#9089=DIRECTION('',(1.,0.,0.));
#9090=DIRECTION('',(0.,0.,1.));
#9091=DIRECTION('center_axis',(-1.,0.,0.));
#9092=DIRECTION('ref_axis',(0.,-1.,0.));
#9093=DIRECTION('',(0.,-1.,0.));
#9094=DIRECTION('',(0.,-1.,0.));
#9095=DIRECTION('center_axis',(1.,0.,0.));
#9096=DIRECTION('ref_axis',(0.,1.,0.));
#9097=DIRECTION('',(0.,1.,0.));
#9098=DIRECTION('center_axis',(0.,0.,-1.));
#9099=DIRECTION('ref_axis',(1.,0.,0.));
#9100=DIRECTION('center_axis',(0.,0.,-1.));
#9101=DIRECTION('ref_axis',(1.,0.,0.));
#9102=DIRECTION('center_axis',(0.,1.,0.));
#9103=DIRECTION('ref_axis',(1.,0.,0.));
#9104=DIRECTION('',(-1.,0.,0.));
#9105=DIRECTION('',(0.,0.,-1.));
#9106=DIRECTION('',(-1.,0.,0.));
#9107=DIRECTION('',(0.,0.,-1.));
#9108=DIRECTION('center_axis',(-1.,0.,0.));
#9109=DIRECTION('ref_axis',(0.,1.,0.));
#9110=DIRECTION('',(0.,-1.,0.));
#9111=DIRECTION('',(0.,1.,0.));
#9112=DIRECTION('',(0.,0.,1.));
#9113=DIRECTION('',(0.,-0.819152044288993,0.573576436351044));
#9114=DIRECTION('center_axis',(1.,0.,0.));
#9115=DIRECTION('ref_axis',(0.,-1.,0.));
#9116=DIRECTION('',(0.,1.,0.));
#9117=DIRECTION('',(0.,0.819152044288993,-0.573576436351044));
#9118=DIRECTION('',(0.,0.,-1.));
#9119=DIRECTION('',(0.,1.,0.));
#9120=DIRECTION('center_axis',(0.,0.,1.));
#9121=DIRECTION('ref_axis',(-1.,0.,0.));
#9122=DIRECTION('',(1.,0.,0.));
#9123=DIRECTION('center_axis',(2.67157034272713E-7,-0.999999999999964,0.));
#9124=DIRECTION('ref_axis',(-0.999999999999964,-2.67157034272713E-7,0.));
#9125=DIRECTION('',(0.999999999999964,2.67157034272713E-7,0.));
#9126=DIRECTION('',(0.,0.,-1.));
#9127=DIRECTION('',(-0.999999999999964,-2.67157034272713E-7,0.));
#9128=DIRECTION('',(0.,0.,-1.));
#9129=DIRECTION('center_axis',(0.,-1.,0.));
#9130=DIRECTION('ref_axis',(-1.,0.,0.));
#9131=DIRECTION('',(1.,0.,0.));
#9132=DIRECTION('',(1.,0.,0.));
#9133=DIRECTION('',(0.,0.,-1.));
#9134=DIRECTION('center_axis',(1.,0.,0.));
#9135=DIRECTION('ref_axis',(0.,-1.,0.));
#9136=DIRECTION('',(0.,1.,0.));
#9137=DIRECTION('',(0.,1.,0.));
#9138=DIRECTION('',(0.,0.,1.));
#9139=DIRECTION('',(0.,0.819152044288996,0.57357643635104));
#9140=DIRECTION('center_axis',(-0.999999999999964,-2.67157034272711E-7,
0.));
#9141=DIRECTION('ref_axis',(-2.67157034272711E-7,0.999999999999964,0.));
#9142=DIRECTION('',(2.67157034272711E-7,-0.999999999999964,0.));
#9143=DIRECTION('',(2.18842230770674E-7,-0.819152044288957,-0.573576436351054));
#9144=DIRECTION('',(0.,0.,-1.));
#9145=DIRECTION('',(-2.67157034272711E-7,0.999999999999964,0.));
#9146=DIRECTION('center_axis',(0.,0.,1.));
#9147=DIRECTION('ref_axis',(-1.,0.,0.));
#9148=DIRECTION('',(-0.999999999999964,-2.67157030889177E-7,0.));
#9149=DIRECTION('center_axis',(0.,0.,1.));
#9150=DIRECTION('ref_axis',(-1.,0.,0.));
#9151=DIRECTION('',(1.,0.,0.));
#9152=DIRECTION('',(0.,-1.,0.));
#9153=DIRECTION('center_axis',(0.,0.,1.));
#9154=DIRECTION('ref_axis',(0.,1.,0.));
#9155=DIRECTION('center_axis',(0.,0.,1.));
#9156=DIRECTION('ref_axis',(1.,-4.09928501400072E-14,0.));
#9157=DIRECTION('',(2.39239978370405E-15,1.,0.));
#9158=DIRECTION('',(1.,0.,0.));
#9159=DIRECTION('',(3.93196762406689E-10,-1.,0.));
#9160=DIRECTION('center_axis',(0.,0.,1.));
#9161=DIRECTION('ref_axis',(-0.999999999999996,9.10714170742815E-8,0.));
#9162=DIRECTION('',(1.,1.16157809170683E-10,0.));
#9163=DIRECTION('center_axis',(0.,0.,1.));
#9164=DIRECTION('ref_axis',(7.56108275447897E-5,-0.999999997141501,0.));
#9165=DIRECTION('',(4.42676486946572E-10,1.,0.));
#9166=DIRECTION('center_axis',(0.,0.,1.));
#9167=DIRECTION('ref_axis',(0.999999999613367,2.78076574197424E-5,0.));
#9168=DIRECTION('',(-1.,9.64296431929992E-13,0.));
#9169=DIRECTION('center_axis',(0.,0.,1.));
#9170=DIRECTION('ref_axis',(-2.45608866569964E-7,0.99999999999997,0.));
#9171=DIRECTION('',(0.999999999999964,2.67040954157227E-7,0.));
#9172=DIRECTION('center_axis',(0.,0.,1.));
#9173=DIRECTION('ref_axis',(-1.02621626746195E-5,-0.999999999947344,0.));
#9174=DIRECTION('',(-2.6676388604273E-7,0.999999999999964,0.));
#9175=DIRECTION('center_axis',(0.,0.,1.));
#9176=DIRECTION('ref_axis',(0.999999999999998,5.97614398633388E-8,0.));
#9177=DIRECTION('',(-0.999999999999964,-2.67158009263421E-7,0.));
#9178=DIRECTION('center_axis',(0.,0.,1.));
#9179=DIRECTION('ref_axis',(-2.80095058850324E-5,0.999999999607734,0.));
#9180=DIRECTION('',(2.67599712749614E-7,-0.999999999999964,0.));
#9181=DIRECTION('center_axis',(0.,0.,1.));
#9182=DIRECTION('ref_axis',(-0.999999999194492,4.01374645521237E-5,0.));
#9183=DIRECTION('center_axis',(0.,-0.573576436351044,-0.819152044288993));
#9184=DIRECTION('ref_axis',(-1.,0.,0.));
#9185=DIRECTION('',(-1.,0.,0.));
#9186=DIRECTION('',(0.,-0.819152044288993,0.573576436351044));
#9187=DIRECTION('center_axis',(0.,0.,1.));
#9188=DIRECTION('ref_axis',(-1.,0.,0.));
#9189=DIRECTION('',(-0.999999999999964,-2.67157030889177E-7,0.));
#9190=DIRECTION('',(-1.,0.,0.));
#9191=DIRECTION('',(2.39239978370405E-15,1.,0.));
#9192=DIRECTION('center_axis',(0.,0.,1.));
#9193=DIRECTION('ref_axis',(-5.46571335200104E-14,-1.,0.));
#9194=DIRECTION('',(1.,7.37952396190016E-15,0.));
#9195=DIRECTION('center_axis',(0.,0.,1.));
#9196=DIRECTION('ref_axis',(-1.,-1.36642833800017E-14,0.));
#9197=DIRECTION('',(0.,-1.,0.));
#9198=DIRECTION('',(-1.,0.,0.));
#9199=DIRECTION('',(-0.999999999999964,-2.67157030889177E-7,0.));
#9200=DIRECTION('',(2.67161701334975E-7,-0.999999999999964,0.));
#9201=DIRECTION('center_axis',(0.,0.,1.));
#9202=DIRECTION('ref_axis',(-0.999999999999998,-5.97618843409901E-8,0.));
#9203=DIRECTION('',(0.999999999999964,2.67158022036899E-7,0.));
#9204=DIRECTION('center_axis',(0.,0.,1.));
#9205=DIRECTION('ref_axis',(2.80082439611346E-5,-0.999999999607769,0.));
#9206=DIRECTION('',(-2.69075537891465E-7,0.999999999999964,0.));
#9207=DIRECTION('center_axis',(0.,0.,1.));
#9208=DIRECTION('ref_axis',(0.999999999194481,-4.01377261869162E-5,0.));
#9209=DIRECTION('',(-0.999999999999964,-2.6704089071766E-7,0.));
#9210=DIRECTION('center_axis',(0.,0.,1.));
#9211=DIRECTION('ref_axis',(1.02616198791817E-5,0.99999999994735,0.));
#9212=DIRECTION('',(1.,5.60306979574122E-11,0.));
#9213=DIRECTION('center_axis',(0.,0.,1.));
#9214=DIRECTION('ref_axis',(2.46572540162117E-7,-0.99999999999997,0.));
#9215=DIRECTION('',(-6.21725171032613E-13,1.,0.));
#9216=DIRECTION('center_axis',(0.,0.,1.));
#9217=DIRECTION('ref_axis',(0.999999999999996,-9.10650518126515E-8,0.));
#9218=DIRECTION('',(-1.,-3.99669141329989E-12,0.));
#9219=DIRECTION('center_axis',(0.,0.,1.));
#9220=DIRECTION('ref_axis',(-7.56081220152002E-5,0.999999997141706,0.));
#9221=DIRECTION('',(-1.91921218498101E-9,-1.,0.));
#9222=DIRECTION('center_axis',(0.,0.,1.));
#9223=DIRECTION('ref_axis',(-0.999999999613365,-2.78077271466797E-5,0.));
#9224=DIRECTION('center_axis',(-1.53234977723542E-7,0.573576436351034,-0.819152044288986));
#9225=DIRECTION('ref_axis',(-0.999999999999983,0.,1.87065366914326E-7));
#9226=DIRECTION('',(0.999999999999964,2.67157030889177E-7,0.));
#9227=DIRECTION('',(2.18842225933155E-7,-0.819152044288957,-0.573576436351054));
#9228=DIRECTION('center_axis',(0.529127348042695,8.47873046262593E-8,0.848542426489859));
#9229=DIRECTION('ref_axis',(-4.48632760745241E-8,0.999999999999996,-7.19456162706085E-8));
#9230=DIRECTION('center_axis',(0.529127348042659,8.47872940993909E-8,0.848542426489881));
#9231=DIRECTION('ref_axis',(-4.48632760745241E-8,0.999999999999996,-7.19456162706085E-8));
#9232=DIRECTION('',(-0.433435766105119,0.573576389747051,-0.695085291015144));
#9233=DIRECTION('center_axis',(-0.529127348042659,-8.47872940993909E-8,
-0.848542426489881));
#9234=DIRECTION('ref_axis',(-0.848542426489884,0.,0.529127348042661));
#9235=DIRECTION('',(-0.434779170993029,0.858756750234647,0.271116057062363));
#9236=DIRECTION('',(0.801391687333371,0.328703195502962,-0.49972549738743));
#9237=DIRECTION('',(-0.842524039165998,0.118890467812621,0.525374437987526));
#9238=DIRECTION('',(1.60239850989481E-7,-0.999999999999987,7.88949959293123E-15));
#9239=DIRECTION('',(0.842524096488851,0.11888979864129,-0.525374497491721));
#9240=DIRECTION('',(-0.801391369814277,0.328704370503604,0.499725233702507));
#9241=DIRECTION('',(0.434778953874865,0.858756848722021,-0.271116093289393));
#9242=DIRECTION('',(0.709010478507543,-0.549395003756604,-0.442119069045643));
#9243=DIRECTION('',(-0.475254636585833,-0.828436112006116,0.296355595067578));
#9244=DIRECTION('center_axis',(-0.529127348042659,-8.47872940993909E-8,
-0.848542426489881));
#9245=DIRECTION('ref_axis',(-0.142015039305699,-0.985895246922973,0.0885567089818163));
#9246=DIRECTION('',(0.842524142363985,0.118889347130007,-0.525374526098128));
#9247=DIRECTION('',(3.17820268456976E-7,0.999999999999905,-2.98104940902734E-7));
#9248=DIRECTION('',(-0.842524184698002,0.118889035461492,0.52537452873736));
#9249=DIRECTION('center_axis',(-0.529127348042659,-8.47872940993909E-8,
-0.848542426489881));
#9250=DIRECTION('ref_axis',(-0.12744678529613,0.988656408168448,0.0794721555335287));
#9251=DIRECTION('',(0.475254722636841,-0.828436102669605,-0.296355483170085));
#9252=DIRECTION('',(-0.709010542526865,-0.549394800658009,0.442119218758591));
#9253=DIRECTION('center_axis',(0.,-0.573576436351044,-0.819152044288993));
#9254=DIRECTION('ref_axis',(-1.,0.,0.));
#9255=DIRECTION('',(1.95973917357772E-15,0.819152044288993,-0.573576436351044));
#9256=DIRECTION('',(-1.,0.,0.));
#9257=DIRECTION('center_axis',(0.,0.573576436351044,-0.819152044288993));
#9258=DIRECTION('ref_axis',(-1.,0.,0.));
#9259=DIRECTION('',(0.,-0.819152044288993,-0.573576436351044));
#9260=DIRECTION('',(0.,-0.819152044288993,-0.573576436351044));
#9261=DIRECTION('',(1.,0.,0.));
#9262=DIRECTION('center_axis',(-1.53234977723542E-7,0.573576436351034,-0.819152044288986));
#9263=DIRECTION('ref_axis',(-0.999999999999983,0.,1.87065366914326E-7));
#9264=DIRECTION('',(0.999999999999964,2.67157030889177E-7,0.));
#9265=DIRECTION('center_axis',(0.,0.573576436351044,-0.819152044288993));
#9266=DIRECTION('ref_axis',(-1.,0.,0.));
#9267=DIRECTION('',(1.,0.,0.));
#9268=DIRECTION('',(1.95973917357772E-15,0.819152044288993,0.573576436351044));
#9269=DIRECTION('center_axis',(-0.81915204428899,0.,-0.573576436351048));
#9270=DIRECTION('ref_axis',(-0.573576436351048,0.,0.81915204428899));
#9271=DIRECTION('',(0.573576436351048,0.,-0.81915204428899));
#9272=DIRECTION('',(-0.573576436351048,0.,0.81915204428899));
#9273=DIRECTION('center_axis',(0.,0.,-1.));
#9274=DIRECTION('ref_axis',(0.,1.,0.));
#9275=DIRECTION('',(0.,0.573576436351029,-0.819152044289004));
#9276=DIRECTION('center_axis',(0.,-0.819152044288995,-0.573576436351041));
#9277=DIRECTION('ref_axis',(-1.,0.,0.));
#9278=DIRECTION('',(0.,0.573576436351041,-0.819152044288995));
#9279=DIRECTION('center_axis',(0.,0.,-1.));
#9280=DIRECTION('ref_axis',(-1.,1.77635683940023E-14,0.));
#9281=DIRECTION('',(-0.573576436351048,1.01887642563099E-14,-0.81915204428899));
#9282=DIRECTION('center_axis',(0.,0.,1.));
#9283=DIRECTION('ref_axis',(-1.,1.77635683940023E-14,0.));
#9284=DIRECTION('center_axis',(0.81915204428899,0.,-0.573576436351048));
#9285=DIRECTION('ref_axis',(-0.573576436351048,0.,-0.81915204428899));
#9286=DIRECTION('center_axis',(-0.81915204428899,0.,0.573576436351048));
#9287=DIRECTION('ref_axis',(-0.573575369031518,-0.00192915167072013,-0.81915051999873));
#9288=DIRECTION('',(0.,-1.,0.));
#9289=DIRECTION('center_axis',(1.07366909693384E-15,0.819152044288986,-0.573576436351054));
#9290=DIRECTION('ref_axis',(-1.,0.,-1.87188494660667E-15));
#9291=DIRECTION('',(0.,-0.573576436351054,-0.819152044288986));
#9292=DIRECTION('',(0.,0.573576436351054,0.819152044288986));
#9293=DIRECTION('',(1.,-1.3107079502753E-15,0.));
#9294=DIRECTION('center_axis',(0.,0.,-1.));
#9295=DIRECTION('ref_axis',(0.707106781186522,-0.707106781186573,0.));
#9296=DIRECTION('center_axis',(0.,0.,1.));
#9297=DIRECTION('ref_axis',(0.707106781186522,-0.707106781186573,0.));
#9298=DIRECTION('',(0.573576436351085,0.,-0.819152044288965));
#9299=DIRECTION('center_axis',(-0.81915204428899,0.,-0.573576436351048));
#9300=DIRECTION('ref_axis',(-0.573576436351048,0.,0.81915204428899));
#9301=DIRECTION('',(0.573576436351048,0.,-0.81915204428899));
#9302=DIRECTION('',(0.,1.,0.));
#9303=DIRECTION('center_axis',(0.,0.,-1.));
#9304=DIRECTION('ref_axis',(0.707106781186585,0.70710678118651,0.));
#9305=DIRECTION('center_axis',(0.,0.,1.));
#9306=DIRECTION('ref_axis',(0.707106781186585,0.70710678118651,0.));
#9307=DIRECTION('',(0.,0.573576436351074,-0.819152044288972));
#9308=DIRECTION('center_axis',(1.07366909693385E-15,-0.819152044288994,
-0.573576436351043));
#9309=DIRECTION('ref_axis',(-1.,0.,-1.87188494660672E-15));
#9310=DIRECTION('',(0.,0.573576436351049,-0.819152044288989));
#9311=DIRECTION('',(-1.,-1.31070795027529E-15,0.));
#9312=DIRECTION('center_axis',(-0.81915204428899,0.,-0.573576436351048));
#9313=DIRECTION('ref_axis',(-0.573576436351048,0.,0.81915204428899));
#9314=DIRECTION('',(0.573576436351048,0.,-0.81915204428899));
#9315=DIRECTION('',(-0.573576436351048,0.,0.81915204428899));
#9316=DIRECTION('',(0.,1.,0.));
#9317=DIRECTION('center_axis',(0.,0.,-1.));
#9318=DIRECTION('ref_axis',(1.,0.,0.));
#9319=DIRECTION('',(0.,0.573576436351045,0.819152044288992));
#9320=DIRECTION('center_axis',(0.,0.,1.));
#9321=DIRECTION('ref_axis',(1.,0.,0.));
#9322=DIRECTION('center_axis',(0.,0.81915204428899,-0.573576436351048));
#9323=DIRECTION('ref_axis',(-1.,0.,0.));
#9324=DIRECTION('',(0.,0.573576436351048,0.81915204428899));
#9325=DIRECTION('',(1.,0.,0.));
#9326=DIRECTION('center_axis',(0.,0.,-1.));
#9327=DIRECTION('ref_axis',(0.,-1.,0.));
#9328=DIRECTION('',(0.573576436351048,0.,0.81915204428899));
#9329=DIRECTION('center_axis',(0.,0.,1.));
#9330=DIRECTION('ref_axis',(0.,-1.,0.));
#9331=DIRECTION('center_axis',(0.81915204428899,0.,-0.573576436351048));
#9332=DIRECTION('ref_axis',(-0.573576436351048,0.,-0.81915204428899));
#9333=DIRECTION('center_axis',(-0.81915204428899,0.,0.573576436351048));
#9334=DIRECTION('ref_axis',(-0.573575369031518,-0.00192915167072013,-0.81915051999873));
#9335=DIRECTION('',(0.,-1.,0.));
#9336=DIRECTION('center_axis',(0.,8.17320855312434E-16,1.));
#9337=DIRECTION('ref_axis',(-0.707106781186574,0.707106781186521,0.));
#9338=DIRECTION('center_axis',(0.,-8.17320855312434E-16,-1.));
#9339=DIRECTION('ref_axis',(-0.707106781186574,0.707106781186521,0.));
#9340=DIRECTION('center_axis',(0.,-8.17320855312434E-16,1.));
#9341=DIRECTION('ref_axis',(-0.707106781186574,-0.707106781186521,0.));
#9342=DIRECTION('center_axis',(0.,8.17320855312434E-16,-1.));
#9343=DIRECTION('ref_axis',(-0.707106781186574,-0.707106781186521,0.));
#9344=DIRECTION('center_axis',(0.,0.,1.));
#9345=DIRECTION('ref_axis',(-1.,1.77635683940023E-14,0.));
#9346=DIRECTION('',(0.,0.,1.));
#9347=DIRECTION('center_axis',(0.,-8.17320855312434E-16,1.));
#9348=DIRECTION('ref_axis',(-0.707106781186573,-0.707106781186523,0.));
#9349=DIRECTION('',(0.,-8.17320855312434E-16,1.));
#9350=DIRECTION('center_axis',(0.,-0.707106781186497,0.707106781186598));
#9351=DIRECTION('ref_axis',(0.,0.707106781186598,0.707106781186497));
#9352=DIRECTION('center_axis',(-1.31070795027529E-15,1.,8.17320855312434E-16));
#9353=DIRECTION('ref_axis',(0.848542426489884,1.54465812121761E-15,-0.529127348042661));
#9354=DIRECTION('',(0.,8.17320855312434E-16,-1.));
#9355=DIRECTION('',(-1.,0.,3.95565358395422E-15));
#9356=DIRECTION('center_axis',(0.,8.17320855312434E-16,-1.));
#9357=DIRECTION('ref_axis',(0.707106781186585,0.70710678118651,0.));
#9358=DIRECTION('',(0.,-8.17320855312434E-16,1.));
#9359=DIRECTION('center_axis',(-1.,0.,0.));
#9360=DIRECTION('ref_axis',(0.,0.999956910757505,-0.00928313677085654));
#9361=DIRECTION('center_axis',(0.9999999999997,-6.84873136137401E-15,7.74203441130314E-7));
#9362=DIRECTION('ref_axis',(7.18704230622939E-9,0.999956910769193,-0.00928313551189869));
#9363=DIRECTION('center_axis',(1.,0.,0.));
#9364=DIRECTION('ref_axis',(0.,0.,1.));
#9365=DIRECTION('',(0.,-8.17320855312434E-16,-1.));
#9366=DIRECTION('center_axis',(-1.,0.,0.));
#9367=DIRECTION('ref_axis',(0.,-1.,0.));
#9368=DIRECTION('',(0.,0.,1.));
#9369=DIRECTION('center_axis',(0.,8.17320855312434E-16,1.));
#9370=DIRECTION('ref_axis',(0.707106781186522,-0.707106781186573,0.));
#9371=DIRECTION('',(0.,8.17320855312434E-16,1.));
#9372=DIRECTION('center_axis',(-1.3107079502753E-15,-1.,8.17320855312434E-16));
#9373=DIRECTION('ref_axis',(-0.848542426489884,1.54465812121761E-15,0.529127348042661));
#9374=DIRECTION('',(0.,-8.17320855312434E-16,-1.));
#9375=DIRECTION('',(-1.,0.,3.95565358395422E-15));
#9376=DIRECTION('center_axis',(0.,-8.17320855312434E-16,-1.));
#9377=DIRECTION('ref_axis',(-0.707106781186573,0.707106781186523,0.));
#9378=DIRECTION('',(0.,8.17320855312434E-16,1.));
#9379=DIRECTION('center_axis',(0.,0.707106781186636,0.70710678118646));
#9380=DIRECTION('ref_axis',(0.,0.70710678118646,-0.707106781186636));
#9381=DIRECTION('center_axis',(1.,0.,0.));
#9382=DIRECTION('ref_axis',(0.,1.,0.));
#9383=DIRECTION('',(0.,0.,1.));
#9384=DIRECTION('center_axis',(0.,-1.,0.));
#9385=DIRECTION('ref_axis',(-0.707106781186548,0.,-0.707106781186548));
#9386=DIRECTION('',(0.,-1.,0.));
#9387=DIRECTION('center_axis',(3.95565358395422E-15,0.,1.));
#9388=DIRECTION('ref_axis',(-1.,0.,3.95565358395422E-15));
#9389=DIRECTION('center_axis',(0.826221114600198,-0.520464259542564,-0.215582059382539));
#9390=DIRECTION('ref_axis',(-0.252472463481249,0.,-0.967604079768016));
#9391=DIRECTION('',(7.15271034615876E-7,0.382682438446431,-0.923879944204972));
#9392=DIRECTION('',(-0.53387050266931,-0.601227716367598,-0.594564983371053));
#9393=DIRECTION('',(-0.51370800007807,-0.539002314115039,-0.667518236480789));
#9394=DIRECTION('center_axis',(-0.845565897962564,0.380244157740217,0.374743502555009));
#9395=DIRECTION('ref_axis',(0.405177982972387,0.,0.914237825795032));
#9396=DIRECTION('',(5.51417944938558E-7,0.701936966474148,-0.712239071588162));
#9397=DIRECTION('',(-0.460738104919333,-0.165141842566893,-0.872037023588422));
#9398=DIRECTION('',(0.000571411046138065,0.702580535806952,-0.71160400799506));
#9399=DIRECTION('center_axis',(0.883314976128532,-0.181033548508725,-0.432413583576406));
#9400=DIRECTION('ref_axis',(-0.439678424886348,0.,-0.898155266470926));
#9401=DIRECTION('',(2.98981658520051E-7,0.922423568507946,-0.386179699441823));
#9402=DIRECTION('',(-0.466713377034238,-0.253096617195184,-0.847420041102198));
#9403=DIRECTION('center_axis',(0.875939721356569,2.85408670183903E-7,-0.482420568124634));
#9404=DIRECTION('ref_axis',(-0.482420568124654,0.,-0.875939721356605));
#9405=DIRECTION('',(-4.51183291343126E-13,0.999999999999825,5.91617136234437E-7));
#9406=DIRECTION('',(-0.466713521657494,0.253096473982749,-0.847420004224328));
#9407=DIRECTION('',(-4.77984267241808E-7,0.999999999999848,-2.76266694421539E-7));
#9408=DIRECTION('center_axis',(-0.883314895974301,-0.181033612837061,0.432413720380229));
#9409=DIRECTION('ref_axis',(0.439678569282378,0.,0.898155195784003));
#9410=DIRECTION('',(-2.9898165579822E-7,0.922423563147383,0.386179712245992));
#9411=DIRECTION('',(-0.460738242856155,0.165141706442666,-0.872036976488398));
#9412=DIRECTION('center_axis',(0.,0.,1.));
#9413=DIRECTION('ref_axis',(1.,0.,0.));
#9414=DIRECTION('',(0.,0.,1.));
#9415=DIRECTION('center_axis',(0.,-1.,0.));
#9416=DIRECTION('ref_axis',(1.,0.,0.));
#9417=DIRECTION('',(0.,0.,1.));
#9418=DIRECTION('center_axis',(0.,0.,1.));
#9419=DIRECTION('ref_axis',(0.,-1.,0.));
#9420=DIRECTION('center_axis',(1.,-2.39239978370405E-15,0.));
#9421=DIRECTION('ref_axis',(-2.39239978370405E-15,-1.,0.));
#9422=DIRECTION('',(0.,0.,-1.));
#9423=DIRECTION('',(0.,0.,1.));
#9424=DIRECTION('',(-2.39239978370405E-15,-1.,-2.37310176234616E-14));
#9425=DIRECTION('',(0.,0.,1.));
#9426=DIRECTION('',(0.,0.,-1.));
#9427=DIRECTION('center_axis',(0.,0.,-1.));
#9428=DIRECTION('ref_axis',(-5.46571335200104E-14,-1.,0.));
#9429=DIRECTION('',(0.,0.,-1.));
#9430=DIRECTION('center_axis',(7.37952396190016E-15,-1.,0.));
#9431=DIRECTION('ref_axis',(-1.,-7.37952396190016E-15,0.));
#9432=DIRECTION('',(0.,0.,-1.));
#9433=DIRECTION('center_axis',(0.,0.,-1.));
#9434=DIRECTION('ref_axis',(-1.,-1.36642833800017E-14,0.));
#9435=DIRECTION('',(0.,0.,-1.));
#9436=DIRECTION('center_axis',(-0.689076372332922,-0.626798404208254,0.36372725162474));
#9437=DIRECTION('ref_axis',(0.466806856220967,0.,0.884359292926295));
#9438=DIRECTION('',(-0.592039318350712,0.197453381169839,-0.781346023085433));
#9439=DIRECTION('',(-3.62309051162401E-16,0.501908250208341,0.864920868272237));
#9440=DIRECTION('center_axis',(-0.659357724330301,0.65027290560935,-0.377349360137712));
#9441=DIRECTION('ref_axis',(-0.496707929697471,0.,0.86791775680398));
#9442=DIRECTION('',(-0.388539050892424,0.134967099963559,0.91149398673773));
#9443=DIRECTION('center_axis',(0.707106153239415,0.500000598668728,0.500000289381787));
#9444=DIRECTION('ref_axis',(0.577350833767041,0.,-0.816496181710915));
#9445=DIRECTION('',(-0.707107409133063,0.499999998342657,0.499999113605684));
#9446=DIRECTION('',(1.66533453693877E-16,-0.707106562487815,0.707106999885213));
#9447=DIRECTION('',(0.707107409132864,-0.500000315384947,-0.499998796562914));
#9448=DIRECTION('',(6.18574457214248E-8,0.707106518748057,-0.707107043624938));
#9449=DIRECTION('center_axis',(-0.630178543042921,0.124863828084574,0.766344588500739));
#9450=DIRECTION('ref_axis',(0.772389394249314,0.,0.635149292411774));
#9451=DIRECTION('',(-0.707106939871876,-0.500000647203446,-0.499999128380406));
#9452=DIRECTION('',(-2.83624048194856E-17,0.986984781232942,-0.160813686030017));
#9453=DIRECTION('center_axis',(0.630178038787437,0.124863893899337,0.766344992435075));
#9454=DIRECTION('ref_axis',(0.772389807817761,0.,-0.63514878948105));
#9455=DIRECTION('center_axis',(0.707106622500925,-0.500000266850999,-0.499999957564263));
#9456=DIRECTION('ref_axis',(-0.577350322900101,0.,-0.816496542948682));
#9457=DIRECTION('',(6.18573033350856E-8,-0.707106518748099,0.707107043624895));
#9458=DIRECTION('',(-0.707106939872076,-0.500000330160947,-0.499999445423384));
#9459=DIRECTION('center_axis',(-0.659770464847317,-0.649959626240401,-0.377167625827818));
#9460=DIRECTION('ref_axis',(-0.496293605871277,0.,0.868154742411332));
#9461=DIRECTION('',(0.391165918633665,0.131505562294919,-0.9108762326381));
#9462=DIRECTION('',(-5.56074974857819E-17,-0.50190830971702,0.864920833739715));
#9463=DIRECTION('center_axis',(0.707106153239415,-0.500000598668728,0.500000289381787));
#9464=DIRECTION('ref_axis',(0.577350833767041,0.,-0.816496181710915));
#9465=DIRECTION('',(-6.18574457214248E-8,0.707106518748057,0.707107043624938));
#9466=DIRECTION('',(-0.707107409132864,-0.500000315384947,0.499998796562914));
#9467=DIRECTION('',(-1.66533453693877E-16,-0.707106562487815,-0.707106999885213));
#9468=DIRECTION('',(0.707107409133063,0.499999998342657,-0.499999113605684));
#9469=DIRECTION('center_axis',(-0.630178038787437,0.124863893899337,-0.766344992435075));
#9470=DIRECTION('ref_axis',(-0.772389807817761,0.,0.63514878948105));
#9471=DIRECTION('',(-2.83624048194856E-17,-0.986984781232942,-0.160813686030017));
#9472=DIRECTION('center_axis',(0.707106622500925,0.500000266850999,-0.499999957564263));
#9473=DIRECTION('ref_axis',(-0.577350322900101,0.,-0.816496542948682));
#9474=DIRECTION('',(0.707106939872076,-0.500000330160947,0.499999445423384));
#9475=DIRECTION('',(-0.707106939871876,0.500000647203446,-0.499999128380406));
#9476=DIRECTION('',(-6.18573033350856E-8,-0.707106518748099,-0.707107043624895));
#9477=DIRECTION('center_axis',(-0.394835990015775,-0.918748672598378,0.00232757104756828));
#9478=DIRECTION('ref_axis',(0.,-0.00253340619434806,-0.999996790921378));
#9479=DIRECTION('',(0.00615303129081999,-0.000110923947100117,0.999981063771616));
#9480=DIRECTION('',(-0.829465614590563,0.355374521845196,-0.430924289678823));
#9481=DIRECTION('center_axis',(0.395568291063351,-0.918436452415919,0.000458234526654106));
#9482=DIRECTION('ref_axis',(0.,-0.000498928878981844,-0.999999875534979));
#9483=DIRECTION('',(-0.000891928631761191,0.000114777300564443,0.999999595644662));
#9484=DIRECTION('',(-0.908498749316968,-0.391361247256617,-0.146514151655225));
#9485=DIRECTION('center_axis',(0.318367424794818,-0.947967384949828,-0.000141070551154657));
#9486=DIRECTION('ref_axis',(0.,0.000148813716412915,-0.999999988927239));
#9487=DIRECTION('',(0.69037938126481,0.231807962001721,0.685303858647408));
#9488=DIRECTION('center_axis',(0.177094262209703,0.696768208430211,0.695091135041554));
#9489=DIRECTION('ref_axis',(0.969043169240053,0.,-0.246891344824388));
#9490=DIRECTION('',(0.969185157290747,-0.24633337347439,1.91251641638914E-7));
#9491=DIRECTION('',(-0.00669927743970715,0.707091315932564,-0.707090510906872));
#9492=DIRECTION('center_axis',(0.556671001786367,-0.589315453945091,-0.585512332501762));
#9493=DIRECTION('ref_axis',(-0.724730958182658,0.,-0.689031957351505));
#9494=DIRECTION('',(-0.82946547381117,-0.355374840745732,-0.430924297667416));
#9495=DIRECTION('center_axis',(0.176994071147504,-0.697260273324743,0.69462307046465));
#9496=DIRECTION('ref_axis',(0.969036806794472,0.,-0.246916315940386));
#9497=DIRECTION('',(0.983954686651251,0.109223005394282,-0.141079799084346));
#9498=DIRECTION('',(-0.00155820088292307,-0.705963391876334,-0.708246610539345));
#9499=DIRECTION('center_axis',(0.608448263671475,7.15852328105141E-8,-0.79359354233459));
#9500=DIRECTION('ref_axis',(-0.793593542334592,0.,-0.608448263671476));
#9501=DIRECTION('',(0.785838386028782,-0.13945939548035,0.602502371825982));
#9502=DIRECTION('',(-1.1765212701948E-7,0.999999999999993,5.14438819263326E-16));
#9503=DIRECTION('',(-0.785838382382706,-0.139459319406557,-0.602502394190091));
#9504=DIRECTION('center_axis',(-0.556670770196957,-0.589315658145172,0.585512347156958));
#9505=DIRECTION('ref_axis',(0.724731109939632,0.,0.689031797731911));
#9506=DIRECTION('center_axis',(0.110349529821732,-0.993892191025523,-0.00113749136644371));
#9507=DIRECTION('ref_axis',(0.,0.00114448089214376,-0.999999345081529));
#9508=DIRECTION('',(0.992928172059287,0.110292765086462,-0.0439221026430461));
#9509=DIRECTION('',(0.0103125491123236,5.57471247528259E-7,0.999946824251417));
#9510=DIRECTION('center_axis',(-0.0495288743549937,0.705986172275804,0.706491624267752));
#9511=DIRECTION('ref_axis',(0.99755163795721,0.,0.0699337515716618));
#9512=DIRECTION('center_axis',(-0.000823233117633228,0.712161749371756,
0.7020149321909));
#9513=DIRECTION('ref_axis',(0.999999312421128,0.,0.00117267099864432));
#9514=DIRECTION('',(-0.724884782585117,0.483172115751088,-0.491005864055761));
#9515=DIRECTION('center_axis',(0.72343962357283,-0.690387272585495,0.000724497594061026));
#9516=DIRECTION('ref_axis',(0.00100146191491994,0.,-0.999999498536891));
#9517=DIRECTION('center_axis',(0.321192864416133,0.947008011517258,-0.0033120945469779));
#9518=DIRECTION('ref_axis',(0.,0.0034974089448891,0.999993884046634));
#9519=DIRECTION('',(-0.690343944119697,0.231383571705458,-0.685482954975604));
#9520=DIRECTION('',(0.878459106089582,-0.299246226807811,-0.372506771307021));
#9521=DIRECTION('center_axis',(-0.723439338075042,-0.690387571444531,-0.000724789947625794));
#9522=DIRECTION('ref_axis',(-0.00100186642573965,0.,0.999999498131707));
#9523=DIRECTION('',(-0.000892409541864043,-0.000114697148769848,0.999999595224805));
#9524=DIRECTION('',(0.513708085691296,-0.539002240727707,0.667518229852859));
#9525=DIRECTION('center_axis',(1.9733241480841E-7,2.37310171513631E-14,
-0.999999999999981));
#9526=DIRECTION('ref_axis',(-0.99999999999998,0.,-1.9733241480841E-7));
#9527=DIRECTION('',(-0.727433702129978,-0.686177971815952,-1.43546265338034E-7));
#9528=DIRECTION('',(0.727433969538324,-0.68617768832985,1.43546285538973E-7));
#9529=DIRECTION('',(0.969185098256117,0.246333605742792,1.91251641680956E-7));
#9530=DIRECTION('',(0.796098896807289,0.605166544434004,1.57096132094514E-7));
#9531=DIRECTION('',(-0.796088292879715,0.605180493687492,-1.57094010873113E-7));
#9532=DIRECTION('',(0.,1.,2.37310171513636E-14));
#9533=DIRECTION('',(0.99999999999998,0.,1.97332414808409E-7));
#9534=DIRECTION('',(-0.99999999999998,0.,-1.97332414808409E-7));
#9535=DIRECTION('',(-0.999999999999945,-2.67157030889171E-7,-1.97332414808409E-7));
#9536=DIRECTION('',(-0.99999999999998,0.,-1.97332414808409E-7));
#9537=DIRECTION('center_axis',(0.711343855554218,-0.607904560498349,-0.352763326453543));
#9538=DIRECTION('ref_axis',(-0.444280651664879,0.,-0.895887661794843));
#9539=DIRECTION('center_axis',(-0.711343855554218,0.607904560498349,0.352763326453543));
#9540=DIRECTION('ref_axis',(0.691881288152725,0.693961720285518,0.199292282546244));
#9541=DIRECTION('center_axis',(0.630178543042921,0.124863828084574,-0.766344588500739));
#9542=DIRECTION('ref_axis',(-0.772389394249314,0.,-0.635149292411774));
#9543=DIRECTION('center_axis',(-0.395567958889906,-0.918436595424071,-0.000458350865319124));
#9544=DIRECTION('ref_axis',(0.,0.000499055471575461,-0.99999987547181));
#9545=DIRECTION('',(0.90849888084195,-0.391360932957637,0.146514175639943));
#9546=DIRECTION('center_axis',(0.394836349832889,-0.918748517937051,-0.00232758224630697));
#9547=DIRECTION('ref_axis',(0.,0.00253341880982237,-0.999996790889418));
#9548=DIRECTION('center_axis',(0.325511484448285,-0.945532129210581,-0.0033565045476646));
#9549=DIRECTION('ref_axis',(0.,0.00354983537385194,-0.99999369931456));
#9550=DIRECTION('',(-0.879674830746488,-0.304137143998064,0.365612896096183));
#9551=DIRECTION('center_axis',(0.176993877394461,0.69726032126735,0.694623071709417));
#9552=DIRECTION('ref_axis',(0.969036871574306,0.,-0.24691606170819));
#9553=DIRECTION('',(0.00155838883263315,-0.705963391669569,0.708246610331913));
#9554=DIRECTION('center_axis',(-0.138730325172555,0.699560272651236,0.700977404632736));
#9555=DIRECTION('ref_axis',(0.980972999825982,0.,0.194144208289649));
#9556=DIRECTION('center_axis',(0.138730325172555,-0.699560272651236,-0.700977404632736));
#9557=DIRECTION('ref_axis',(-0.96531033608296,-0.253621667818175,0.062064520174826));
#9558=DIRECTION('center_axis',(0.553620094092538,-0.592824319318809,-0.584862477716907));
#9559=DIRECTION('ref_axis',(-0.726237892817218,0.,-0.687443468975018));
#9560=DIRECTION('center_axis',(0.555114955898686,-0.588490536980962,-0.587814829365046));
#9561=DIRECTION('ref_axis',(-0.727040005972727,0.,-0.686595098813833));
#9562=DIRECTION('center_axis',(0.177094443340953,-0.696768221655221,0.695091075636264));
#9563=DIRECTION('ref_axis',(0.969043103776941,0.,-0.246891601765537));
#9564=DIRECTION('',(0.00740020512402204,0.707176967448802,0.706997859737947));
#9565=DIRECTION('center_axis',(-0.555114704430683,-0.588490729853562,0.5878148737496));
#9566=DIRECTION('ref_axis',(0.727040187111918,0.,0.686594907004317));
#9567=DIRECTION('center_axis',(0.553620167651908,0.592824171289472,-0.584862558131417));
#9568=DIRECTION('ref_axis',(-0.726237894403941,0.,-0.687443467298751));
#9569=DIRECTION('',(-0.000571249445105046,0.702580597227065,0.711603947483522));
#9570=DIRECTION('center_axis',(0.110214762918822,-0.993907482833224,-0.000788417955660495));
#9571=DIRECTION('ref_axis',(0.,0.000793250600506975,-0.999999685376693));
#9572=DIRECTION('center_axis',(-0.0479839082611921,0.711259000108388,0.701290367332104));
#9573=DIRECTION('ref_axis',(0.997667380742862,0.,0.0682627087191674));
#9574=DIRECTION('center_axis',(0.47068729549234,0.626039344079491,0.621713929011268));
#9575=DIRECTION('ref_axis',(0.797282288158358,0.,-0.603606621061245));
#9576=DIRECTION('',(0.00302949616380444,0.70350040515302,-0.710688400146316));
#9577=DIRECTION('center_axis',(0.470560747871885,0.626152923320521,0.621695342735828));
#9578=DIRECTION('ref_axis',(0.79735170526891,0.,-0.603514919537837));
#9579=DIRECTION('center_axis',(0.475312357519149,-0.6276102272786,0.616590273524399));
#9580=DIRECTION('ref_axis',(0.791995277562899,0.,-0.610527215051112));
#9581=DIRECTION('center_axis',(0.475312357519149,-0.6276102272786,0.616590273524399));
#9582=DIRECTION('ref_axis',(0.854382603497901,0.496549493350318,-0.153195846855231));
#9583=DIRECTION('',(-0.0159729050272165,-0.706856474757778,-0.707176633096709));
#9584=DIRECTION('center_axis',(-0.475312357519149,0.6276102272786,-0.616590273524399));
#9585=DIRECTION('ref_axis',(0.,0.700816408600231,0.713341686316365));
#9586=DIRECTION('center_axis',(-0.475312357519149,0.6276102272786,-0.616590273524399));
#9587=DIRECTION('ref_axis',(0.,0.700816408600231,0.713341686316365));
#9588=DIRECTION('',(-0.863993605106925,-0.465277944747342,0.192435663186497));
#9589=DIRECTION('center_axis',(0.47463057226941,-0.625057298181606,0.619700890637672));
#9590=DIRECTION('ref_axis',(0.793899135103996,0.,-0.608049474369584));
#9591=DIRECTION('center_axis',(-0.47463057226941,0.625057298181606,-0.619700890637672));
#9592=DIRECTION('ref_axis',(0.,0.704057461090952,0.710143007768268));
#9593=DIRECTION('center_axis',(-0.47463057226941,0.625057298181606,-0.619700890637672));
#9594=DIRECTION('ref_axis',(0.,0.704057461090952,0.710143007768268));
#9595=DIRECTION('center_axis',(-0.47401135446471,-0.62692619109047,-0.618285360301639));
#9596=DIRECTION('ref_axis',(-0.793610961110506,0.,0.608425543846787));
#9597=DIRECTION('center_axis',(-0.47401135446471,-0.62692619109047,-0.618285360301639));
#9598=DIRECTION('ref_axis',(0.,-0.702183086464308,0.711996427718186));
#9599=DIRECTION('',(-0.761509595842624,-0.0600091956460457,0.645369686209011));
#9600=DIRECTION('center_axis',(-0.474301251805936,-0.627985213394966,-0.616986948235213));
#9601=DIRECTION('ref_axis',(-0.792812790288231,0.,0.609465240645756));
#9602=DIRECTION('',(0.863627584919032,-0.467517045693192,-0.188613908695064));
#9603=DIRECTION('center_axis',(-0.474301251805936,-0.627985213394966,-0.616986948235213));
#9604=DIRECTION('ref_axis',(0.,-0.700832750326006,0.713325631160473));
#9605=DIRECTION('',(0.0159735853168295,-0.706856169950171,0.707176922400258));
#9606=DIRECTION('',(-0.87908041882309,0.300027623200895,0.370406590867714));
#9607=DIRECTION('center_axis',(0.670416654420326,0.051333303413147,0.740206999045909));
#9608=DIRECTION('ref_axis',(0.741184193437124,0.,-0.671301714133786));
#9609=DIRECTION('',(0.03736741333545,-0.998673892654894,0.0354137339197499));
#9610=DIRECTION('',(-0.72490324966476,-0.167512391102334,0.668172790116935));
#9611=DIRECTION('',(-0.734497447409152,-0.0954513475515933,0.671864971553083));
#9612=DIRECTION('',(0.0106830898849708,0.996832718092237,-0.0788061148094016));
#9613=DIRECTION('',(0.698147910865747,-0.381460978599603,-0.605868811179141));
#9614=DIRECTION('center_axis',(0.038010164053912,0.942653508356916,0.331601553993633));
#9615=DIRECTION('ref_axis',(0.,0.331841358286863,-0.943335207087242));
#9616=DIRECTION('center_axis',(0.706722811218887,-0.0328673085651211,-0.706726685593913));
#9617=DIRECTION('ref_axis',(0.212679319168846,0.962586703662309,0.16791171826411));
#9618=DIRECTION('center_axis',(0.527887178066051,0.665332397438902,-0.527890072033624));
#9619=DIRECTION('ref_axis',(0.239655317860698,-0.712979468952381,-0.658957969428604));
#9620=DIRECTION('center_axis',(0.47623418453948,0.624147355069133,0.619387665873499));
#9621=DIRECTION('ref_axis',(-0.597081776117384,0.746640358466381,-0.293294268163739));
#9622=DIRECTION('',(0.0431819996437933,0.192107527497409,0.980423384454693));
#9623=DIRECTION('center_axis',(0.707105422609119,-0.500001177158441,-0.500000744156399));
#9624=DIRECTION('ref_axis',(0.592676024443463,0.804747327475681,0.0334195896240719));
#9625=DIRECTION('center_axis',(-0.998330143924805,-0.0388698740279237,-0.0427323837871412));
#9626=DIRECTION('ref_axis',(-0.0427647018895566,0.,0.999085171680722));
#9627=DIRECTION('',(0.00290359936455824,0.705047358907451,-0.709154278565925));
#9628=DIRECTION('',(0.0412847466677047,0.0373132301638051,-0.998450445714421));
#9629=DIRECTION('',(0.0576379053488291,-0.62101110630093,-0.781679651595137));
#9630=DIRECTION('center_axis',(-0.670681644436869,0.0512296727893611,-0.739974089033766));
#9631=DIRECTION('ref_axis',(-0.740947027913697,0.,0.671563475649069));
#9632=DIRECTION('',(-0.698064554756662,-0.380884609495312,0.606327297457394));
#9633=DIRECTION('',(-0.0107413441622476,0.996836667742186,0.0787482150289304));
#9634=DIRECTION('',(0.734313448086172,-0.0950091599903416,-0.672128722401986));
#9635=DIRECTION('',(0.731875781349727,-0.116493870195645,-0.671406746228072));
#9636=DIRECTION('center_axis',(0.670681644436869,-0.0512296727893611,0.739974089033766));
#9637=DIRECTION('ref_axis',(0.188752837518136,0.976558527361418,-0.10346887921762));
#9638=DIRECTION('center_axis',(-0.0381301653227865,0.932099396739177,-0.360189956954549));
#9639=DIRECTION('ref_axis',(0.,-0.360452084623107,-0.932777730593337));
#9640=DIRECTION('center_axis',(0.707105422609119,0.500001177158441,-0.500000744156399));
#9641=DIRECTION('ref_axis',(0.606126697844703,-0.792753762498135,0.0644352248768255));
#9642=DIRECTION('',(-0.040849680618048,0.187803977922427,-0.98135669838745));
#9643=DIRECTION('center_axis',(0.513072966599271,-0.606364662034629,0.607517923670284));
#9644=DIRECTION('ref_axis',(-0.628635258566638,-0.747376201728178,-0.215050051795431));
#9645=DIRECTION('center_axis',(0.527886996187414,-0.665332686052201,-0.52788989015399));
#9646=DIRECTION('ref_axis',(0.223409651480102,0.708437932620572,-0.669480263525243));
#9647=DIRECTION('center_axis',(0.706722811218888,0.0328673085651211,-0.706726685593913));
#9648=DIRECTION('ref_axis',(0.228383933037456,-0.956040775793251,0.183920673527971));
#9649=DIRECTION('center_axis',(-0.0289627604838992,-0.962041481538754,0.271362020746956));
#9650=DIRECTION('ref_axis',(0.,-0.271475907263083,-0.962445235728083));
#9651=DIRECTION('center_axis',(0.470595960390513,-0.626193019855825,0.621628300472214));
#9652=DIRECTION('ref_axis',(0.590373126234714,0.747042341444486,0.305593376742675));
#9653=DIRECTION('center_axis',(0.452868092385216,-0.630760378781219,0.630120492810025));
#9654=DIRECTION('ref_axis',(0.582355445965625,0.744424434805331,0.326641080421526));
#9655=DIRECTION('',(-0.0445862755677787,-0.067702690152722,0.996708788853133));
#9656=DIRECTION('center_axis',(-0.707106583707182,0.500000356139578,-0.499999923138247));
#9657=DIRECTION('ref_axis',(0.561216504266529,0.826998115827868,0.0333189398993071));
#9658=DIRECTION('center_axis',(0.308923514682921,0.865085935922707,0.395212076668574));
#9659=DIRECTION('ref_axis',(0.787865658709951,0.,-0.615847143230799));
#9660=DIRECTION('center_axis',(0.474870914978025,-0.624694660334498,0.619882404539361));
#9661=DIRECTION('ref_axis',(0.793836494852677,0.,-0.608131251819881));
#9662=DIRECTION('',(0.123331780437146,0.744272618546908,0.656389778420972));
#9663=DIRECTION('',(-0.397588156309886,0.476647603186431,0.784047651829107));
#9664=DIRECTION('',(0.879831286952552,0.331482450698468,-0.34061164304579));
#9665=DIRECTION('center_axis',(-0.47623418453948,-0.624147355069133,-0.619387665873499));
#9666=DIRECTION('ref_axis',(-0.792758729208872,0.,0.609535558653582));
#9667=DIRECTION('',(-0.639104383289831,-0.238110110379252,0.731333824320266));
#9668=DIRECTION('center_axis',(-0.47623418453948,-0.624147355069133,-0.619387665873499));
#9669=DIRECTION('ref_axis',(0.,-0.704395136770434,0.709808066518099));
#9670=DIRECTION('center_axis',(-0.47623418453948,-0.624147355069133,-0.619387665873499));
#9671=DIRECTION('ref_axis',(0.,-0.704395136770434,0.709808066518099));
#9672=DIRECTION('center_axis',(0.389466817670726,0.896626502417985,-0.210657335725884));
#9673=DIRECTION('ref_axis',(0.,-0.228716691948167,-0.97349302761976));
#9674=DIRECTION('center_axis',(0.921040497444839,-0.379143231491709,0.0890775621612273));
#9675=DIRECTION('ref_axis',(0.,0.228716691948164,0.973493027619761));
#9676=DIRECTION('center_axis',(-0.655623190597582,-0.726461273862671,-0.205942345156287));
#9677=DIRECTION('ref_axis',(0.,-0.272739446252883,0.962087934888319));
#9678=DIRECTION('center_axis',(0.755088227924817,-0.630767161506924,-0.178814305954133));
#9679=DIRECTION('ref_axis',(0.,0.272739446252881,-0.96208793488832));
#9680=DIRECTION('center_axis',(0.755088227924817,-0.630767161506924,-0.178814305954133));
#9681=DIRECTION('ref_axis',(0.,0.272739446252881,-0.96208793488832));
#9682=DIRECTION('center_axis',(0.707105422609119,-0.500001177158441,-0.500000744156399));
#9683=DIRECTION('ref_axis',(-0.577351581557656,0.,-0.81649565294181));
#9684=DIRECTION('',(0.707108139760937,0.499998477104497,0.499999601576852));
#9685=DIRECTION('',(-0.707108139760618,-0.499998227768167,-0.499999850912948));
#9686=DIRECTION('center_axis',(0.707106583707182,0.500000356139578,0.499999923138247));
#9687=DIRECTION('ref_axis',(0.577350317515582,0.,-0.816496546756112));
#9688=DIRECTION('',(0.707106978665429,-0.499999298123887,-0.50000042259809));
#9689=DIRECTION('center_axis',(-0.704267438986932,0.704266971609972,0.0895288058789235));
#9690=DIRECTION('ref_axis',(0.126108413734872,0.,0.992016465581733));
#9691=DIRECTION('',(-0.707106546555807,-0.707107015817211,1.16697571082025E-16));
#9692=DIRECTION('',(-1.39789907144689E-16,-0.126108496094011,0.992016455111964));
#9693=DIRECTION('center_axis',(-0.64024127127528,-0.752870489960503,-0.152568476109731));
#9694=DIRECTION('ref_axis',(-0.231807556752647,0.,0.972761664865741));
#9695=DIRECTION('',(2.8217399508998E-17,-0.198611902177268,0.980078217446713));
#9696=DIRECTION('center_axis',(0.62020292303623,-0.778178792187677,-0.09892472717498));
#9697=DIRECTION('ref_axis',(-0.157512714223925,0.,-0.987516959276048));
#9698=DIRECTION('',(-1.53768939930296E-16,-0.126108496094011,0.992016455111964));
#9699=DIRECTION('center_axis',(-0.706012897360285,-0.706014832596558,-0.0555773777232196));
#9700=DIRECTION('ref_axis',(-0.0784772797720242,0.,0.996915902450946));
#9701=DIRECTION('',(0.707107750301902,-0.707105812069865,-2.03847887141344E-15));
#9702=DIRECTION('center_axis',(-0.681351324597336,0.616395044300744,-0.394737282038243));
#9703=DIRECTION('ref_axis',(-0.501293746314244,0.,0.86527716941234));
#9704=DIRECTION('',(0.00675178823199845,0.54456037305428,0.838694469669768));
#9705=DIRECTION('center_axis',(0.65025102563239,0.617471932819105,-0.442608196766242));
#9706=DIRECTION('ref_axis',(-0.562690292463797,0.,-0.826667789844872));
#9707=DIRECTION('',(0.730148789442483,-0.66888892786462,0.139536186904315));
#9708=DIRECTION('center_axis',(0.609324479776468,-0.507392704608842,0.609324479776467));
#9709=DIRECTION('ref_axis',(0.707106781186547,0.,-0.707106781186548));
#9710=DIRECTION('',(1.71886905270919E-16,-0.768455490775842,-0.63990324166741));
#9711=DIRECTION('',(0.413443285846076,0.859029559786293,0.301882203520128));
#9712=DIRECTION('',(-0.707106781186547,-6.92695946870118E-16,0.707106781186547));
#9713=DIRECTION('center_axis',(0.569841628847731,0.59208267838609,-0.569840872513827));
#9714=DIRECTION('ref_axis',(-0.707106311925144,0.,-0.707107250447639));
#9715=DIRECTION('',(-0.707106311925144,-9.51203855313283E-16,-0.70710725044764));
#9716=DIRECTION('',(-8.9715568136744E-6,-0.693439663246806,-0.720514700305044));
#9717=DIRECTION('center_axis',(-0.60884672131095,0.0709310219621105,0.790110410051859));
#9718=DIRECTION('ref_axis',(0.792105547331379,0.,0.610384142886147));
#9719=DIRECTION('',(-1.40010647422958E-17,-0.995994548857396,0.0894139734401289));
#9720=DIRECTION('center_axis',(-0.527887178066051,-0.665332397438902,0.527890072033624));
#9721=DIRECTION('ref_axis',(0.707108719418585,0.,0.707104842949197));
#9722=DIRECTION('',(-0.408330588724102,-0.346182916482152,-0.844644018890881));
#9723=DIRECTION('',(0.707108719418586,-1.20762186051606E-15,0.707104842949196));
#9724=DIRECTION('center_axis',(0.707105422609119,0.500001177158441,-0.500000744156399));
#9725=DIRECTION('ref_axis',(-0.577351581557656,0.,-0.81649565294181));
#9726=DIRECTION('',(-0.707108139760937,0.499998477104497,-0.499999601576852));
#9727=DIRECTION('',(0.707108139760618,-0.499998227768167,0.499999850912948));
#9728=DIRECTION('center_axis',(0.707106583707182,-0.500000356139578,0.499999923138247));
#9729=DIRECTION('ref_axis',(0.577350317515582,0.,-0.816496546756112));
#9730=DIRECTION('',(-0.707106978665429,-0.499999298123887,0.50000042259809));
#9731=DIRECTION('center_axis',(-0.64024177271919,-0.752870080353366,0.152568393103242));
#9732=DIRECTION('ref_axis',(0.231807265613954,0.,0.972761734243582));
#9733=DIRECTION('',(2.8217399508998E-17,0.198611902177268,0.980078217446713));
#9734=DIRECTION('center_axis',(0.64024127127528,-0.752870489960503,0.152568476109731));
#9735=DIRECTION('ref_axis',(0.231807556752647,0.,-0.972761664865741));
#9736=DIRECTION('center_axis',(-0.631458071594721,0.63145849065279,0.450023197624718));
#9737=DIRECTION('ref_axis',(0.580368298468396,0.,0.814354123298273));
#9738=DIRECTION('',(0.0295617656543559,-0.560341573958355,0.827733908031603));
#9739=DIRECTION('',(-0.707107015817055,-0.707106546555962,-6.30609329546096E-16));
#9740=DIRECTION('center_axis',(-0.62020292303623,-0.778178792187677,0.09892472717498));
#9741=DIRECTION('ref_axis',(0.157512714223925,0.,0.987516959276048));
#9742=DIRECTION('',(-2.23663912625884E-16,-0.126108496094011,-0.992016455111964));
#9743=DIRECTION('center_axis',(0.620204176374048,-0.778177809170679,0.0989246022105253));
#9744=DIRECTION('ref_axis',(0.157512209774656,0.,-0.987517039737495));
#9745=DIRECTION('',(0.,0.126108496094011,0.992016455111964));
#9746=DIRECTION('center_axis',(0.630450724676569,0.630452452791049,0.452837264946845));
#9747=DIRECTION('ref_axis',(0.583381868871898,0.,-0.812198002380904));
#9748=DIRECTION('',(0.0221722115469753,-0.597769006978387,0.801361720655029));
#9749=DIRECTION('',(0.707107750301903,-0.707105812069864,-7.74539280745136E-16));
#9750=DIRECTION('center_axis',(-0.643995817220379,0.643997582463011,0.412960653312702));
#9751=DIRECTION('ref_axis',(0.539798425412698,0.,0.841794309746729));
#9752=DIRECTION('',(0.707107750301902,0.707105812069865,-5.99550937509804E-16));
#9753=DIRECTION('',(2.23100952346726E-16,-0.539797376922739,0.841794982087284));
#9754=DIRECTION('center_axis',(-0.705686847812982,-0.0633519343969579,0.705685911175744));
#9755=DIRECTION('ref_axis',(0.707106311925144,0.,0.70710725044764));
#9756=DIRECTION('',(-0.707106311925144,-1.12414483035758E-15,-0.70710725044764));
#9757=DIRECTION('center_axis',(-0.609324470381925,-0.507392727172525,-0.609324470381926));
#9758=DIRECTION('ref_axis',(-0.707106781186548,0.,0.707106781186547));
#9759=DIRECTION('',(0.707106781186548,-9.8956560014732E-17,-0.707106781186547));
#9760=DIRECTION('',(-0.413443304117427,0.859029546304085,-0.301882216861248));
#9761=DIRECTION('',(-2.29182521868743E-16,-0.768455471931288,0.639903264297707));
#9762=DIRECTION('center_axis',(-0.569840013513705,0.592085787680326,0.569839257181943));
#9763=DIRECTION('ref_axis',(0.707106311925143,0.,0.70710725044764));
#9764=DIRECTION('',(1.35202717699996E-15,-0.693441234837626,0.720513187823005));
#9765=DIRECTION('center_axis',(0.60884672131095,0.0709310219621105,-0.790110410051859));
#9766=DIRECTION('ref_axis',(-0.792105547331379,0.,-0.610384142886147));
#9767=DIRECTION('',(-3.43026086186247E-16,-0.995994548857396,-0.0894139734401292));
#9768=DIRECTION('center_axis',(-0.635716231267742,0.556181602127143,0.535282074011472));
#9769=DIRECTION('ref_axis',(0.644094974519771,0.,0.764945529955157));
#9770=DIRECTION('',(-0.408330626811913,0.346182679328956,-0.844644097676658));
#9771=DIRECTION('',(2.23184790751071E-16,-0.693439868858378,0.72051450247561));
#9772=DIRECTION('center_axis',(0.474966356743764,-0.624039180675531,0.620469226427361));
#9773=DIRECTION('ref_axis',(0.794055213584524,0.,-0.607845636472974));
#9774=DIRECTION('center_axis',(-0.46816554046522,-0.615851319281928,-0.633678293189546));
#9775=DIRECTION('ref_axis',(-0.804300722662769,0.,0.594222473089117));
#9776=DIRECTION('center_axis',(-0.588523853490964,0.58252528086143,-0.560628193216734));
#9777=DIRECTION('ref_axis',(-0.689738574503191,0.,0.724058491312895));
#9778=DIRECTION('center_axis',(-0.588525202631128,-0.582519689083838,-0.560632587081467));
#9779=DIRECTION('ref_axis',(-0.68974057957165,0.,0.724056581278124));
#9780=DIRECTION('center_axis',(0.513072966599271,-0.606364662034629,0.607517923670284));
#9781=DIRECTION('ref_axis',(0.763994065108352,0.,-0.645223270255511));
#9782=DIRECTION('',(0.626791145683245,-0.218878930044141,-0.747813394956132));
#9783=DIRECTION('center_axis',(0.64024177271919,-0.752870080353366,-0.152568393103242));
#9784=DIRECTION('ref_axis',(-0.231807265613954,0.,-0.972761734243582));
#9785=DIRECTION('center_axis',(-0.704266967863911,-0.704267435240558,-0.0895288648172164));
#9786=DIRECTION('ref_axis',(-0.126108578453147,0.,0.992016444642188));
#9787=DIRECTION('',(-0.707107015817055,0.707106546555962,-1.32960947903301E-15));
#9788=DIRECTION('center_axis',(0.641222602011999,0.641223027550158,-0.421505164391103));
#9789=DIRECTION('ref_axis',(-0.54929648357206,0.,-0.835627532537894));
#9790=DIRECTION('center_axis',(-0.698810123285126,0.602142703443877,-0.386119898844292));
#9791=DIRECTION('ref_axis',(-0.483624086030649,0.,0.875275809908522));
#9792=DIRECTION('',(-0.615643045551817,-0.231448807977125,0.753269599645207));
#9793=DIRECTION('',(5.57752511852862E-17,0.539795895856652,0.841795931812642));
#9794=DIRECTION('center_axis',(-0.649598985448464,0.649598554351437,-0.395022627565624));
#9795=DIRECTION('ref_axis',(-0.519576972665059,0.,0.854423647540383));
#9796=DIRECTION('center_axis',(-0.706012919052934,0.706014854289268,0.0555768265850002));
#9797=DIRECTION('ref_axis',(0.0784765039412015,0.,0.996915963524091));
#9798=DIRECTION('',(-0.0471586477966477,0.0314340168645033,-0.998392690539025));
#9799=DIRECTION('',(0.707107750301903,0.707105812069864,-2.54491727069051E-15));
#9800=DIRECTION('center_axis',(-0.620204176374048,-0.778177809170679,-0.0989246022105253));
#9801=DIRECTION('ref_axis',(-0.157512209774656,0.,0.987517039737495));
#9802=DIRECTION('center_axis',(0.630450906453307,-0.630452634568284,0.452836758797377));
#9803=DIRECTION('ref_axis',(0.58338132776879,0.,-0.812198391041698));
#9804=DIRECTION('',(-0.0221726852592934,-0.59776878232167,-0.801361875128871));
#9805=DIRECTION('center_axis',(0.643996242456602,0.6439980077004,-0.412959327028332));
#9806=DIRECTION('ref_axis',(-0.5397969443461,0.,-0.841795259475018));
#9807=DIRECTION('center_axis',(-0.705686847812982,0.063351934396958,0.705685911175744));
#9808=DIRECTION('ref_axis',(0.707106311925144,0.,0.70710725044764));
#9809=DIRECTION('center_axis',(-0.705686377614935,-0.0633519762708629,-0.705686377614935));
#9810=DIRECTION('ref_axis',(-0.707106781186547,0.,0.707106781186547));
#9811=DIRECTION('center_axis',(-0.703802399737021,0.511850408371717,-0.492616830380487));
#9812=DIRECTION('ref_axis',(-0.573427305796253,0.,0.819256446399569));
#9813=DIRECTION('',(-1.67388596575474E-16,0.693439960542274,0.720514414236891));
#9814=DIRECTION('center_axis',(-0.617338579574432,-0.503410329942165,0.604542072875448));
#9815=DIRECTION('ref_axis',(0.699663027903418,0.,0.714472985762947));
#9816=DIRECTION('center_axis',(-0.706722811218887,0.0328673085651211,0.706726685593913));
#9817=DIRECTION('ref_axis',(0.707108719418586,0.,0.707104842949196));
#9818=DIRECTION('center_axis',(0.635716134223023,0.556181591597939,-0.535282200204825));
#9819=DIRECTION('ref_axis',(-0.644095120904581,0.,-0.764945406697048));
#9820=DIRECTION('center_axis',(-0.9986077748103,-0.0251323981226674,0.0463775231445666));
#9821=DIRECTION('ref_axis',(0.0463921769767533,0.,0.998923303319808));
#9822=DIRECTION('center_axis',(-0.704267438986932,-0.704266971609973,0.0895288058789237));
#9823=DIRECTION('ref_axis',(0.126108413734872,0.,0.992016465581733));
#9824=DIRECTION('',(0.707106546555807,-0.70710701581721,5.80596998910669E-16));
#9825=DIRECTION('center_axis',(-0.704266967863911,0.704267435240558,-0.0895288648172159));
#9826=DIRECTION('ref_axis',(-0.126108578453146,0.,0.992016444642188));
#9827=DIRECTION('center_axis',(-0.648843964156394,-0.648843533560427,-0.397496640406727));
#9828=DIRECTION('ref_axis',(-0.522388255709341,0.,0.852707751985962));
#9829=DIRECTION('center_axis',(0.698812240992262,0.60214028253182,0.386119841489494));
#9830=DIRECTION('ref_axis',(0.483622908191713,0.,-0.875276460709523));
#9831=DIRECTION('',(0.637980925274156,-0.280552698704371,-0.717126573371832));
#9832=DIRECTION('center_axis',(-0.706012919052934,-0.706014854289268,0.0555768265850002));
#9833=DIRECTION('ref_axis',(0.0784765039412015,0.,0.996915963524091));
#9834=DIRECTION('',(0.0471586477966477,0.0314340168645033,0.998392690539025));
#9835=DIRECTION('center_axis',(-0.706012897360285,0.706014832596558,-0.0555773777232196));
#9836=DIRECTION('ref_axis',(-0.0784772797720242,0.,0.996915902450946));
#9837=DIRECTION('',(0.047159427852802,-0.031434015705572,-0.998392653729593));
#9838=DIRECTION('center_axis',(-0.683245593414517,-0.615762240285986,-0.392444037434164));
#9839=DIRECTION('ref_axis',(-0.498068397982723,0.,0.867137746226587));
#9840=DIRECTION('center_axis',(-0.65049524578512,0.617308859709654,0.442476786888221));
#9841=DIRECTION('ref_axis',(0.562431718643018,0.,0.826843734852155));
#9842=DIRECTION('',(0.0221737423928496,0.597768743606059,-0.80136187475817));
#9843=DIRECTION('',(-0.730735838892067,-0.667512718361549,-0.143010155528491));
#9844=DIRECTION('center_axis',(-0.705686377614934,0.0633519762708634,-0.705686377614935));
#9845=DIRECTION('ref_axis',(-0.707106781186548,0.,0.707106781186547));
#9846=DIRECTION('center_axis',(-0.703802457323458,-0.511850429949364,-0.492616725686526));
#9847=DIRECTION('ref_axis',(-0.573427192509461,0.,0.819256525693093));
#9848=DIRECTION('center_axis',(0.617338837253179,-0.503410218352992,-0.604541902664063));
#9849=DIRECTION('ref_axis',(-0.699662778265259,0.,-0.714473230226395));
#9850=DIRECTION('center_axis',(-0.706722811218888,-0.0328673085651211,0.706726685593913));
#9851=DIRECTION('ref_axis',(0.707108719418585,0.,0.707104842949197));
#9852=DIRECTION('',(0.707108719418585,-2.4152427402252E-16,0.707104842949197));
#9853=DIRECTION('center_axis',(-0.527886996187414,0.665332686052201,0.52788989015399));
#9854=DIRECTION('ref_axis',(0.707108719418585,0.,0.707104842949197));
#9855=DIRECTION('center_axis',(-0.998607757346462,0.0251331364356855,0.0463774990741631));
#9856=DIRECTION('ref_axis',(0.0463921537601343,0.,0.998923304398038));
#9857=DIRECTION('center_axis',(0.998607754837536,0.0251317105078686,0.0463783258137216));
#9858=DIRECTION('ref_axis',(0.0463929790972947,0.,-0.998923266067258));
#9859=DIRECTION('center_axis',(0.470595960390513,-0.626193019855825,0.621628300472214));
#9860=DIRECTION('ref_axis',(0.797298649399247,0.,-0.603585009477652));
#9861=DIRECTION('center_axis',(-0.475281205449302,0.589263899765014,-0.653357354118239));
#9862=DIRECTION('ref_axis',(-0.808670009213558,0.,0.58826254019659));
#9863=DIRECTION('center_axis',(0.452868092385216,-0.630760378781219,0.630120492810025));
#9864=DIRECTION('ref_axis',(0.812034311108868,0.,-0.583609696271357));
#9865=DIRECTION('center_axis',(-0.498400175504017,-0.542035081923952,-0.676605671732997));
#9866=DIRECTION('ref_axis',(-0.805141850785053,0.,0.593082287810402));
#9867=DIRECTION('center_axis',(-0.473358131496714,-0.642432891658906,-0.602670771699371));
#9868=DIRECTION('ref_axis',(-0.786425399349934,0.,0.617685268771481));
#9869=DIRECTION('center_axis',(-0.472892092191123,-0.656137224853227,-0.588096090197009));
#9870=DIRECTION('ref_axis',(-0.779305158076013,0.,0.626644612676213));
#9871=DIRECTION('center_axis',(-0.946810485940674,-0.321699388624964,-0.00770759827109743));
#9872=DIRECTION('ref_axis',(0.321723505129234,-0.946831353369838,-0.00209153608633572));
#9873=DIRECTION('center_axis',(0.501551086803836,-0.865057461553518,-0.0110496849038813));
#9874=DIRECTION('ref_axis',(0.865122204310522,0.501459928673422,0.0100752937302486));
#9875=DIRECTION('center_axis',(-1.,0.,0.));
#9876=DIRECTION('ref_axis',(0.,1.,0.));
#9877=DIRECTION('',(0.,0.,-1.));
#9878=DIRECTION('',(0.,0.,1.));
#9879=DIRECTION('',(0.,0.,1.));
#9880=DIRECTION('center_axis',(0.,1.,0.));
#9881=DIRECTION('ref_axis',(1.,0.,0.));
#9882=DIRECTION('center_axis',(0.,-1.,0.));
#9883=DIRECTION('ref_axis',(-1.,0.,0.));
#9884=DIRECTION('',(0.,0.,1.));
#9885=DIRECTION('center_axis',(2.67157030889177E-7,-0.999999999999964,0.));
#9886=DIRECTION('ref_axis',(-0.999999999999964,-2.67157030889177E-7,0.));
#9887=DIRECTION('',(0.,0.,1.));
#9888=DIRECTION('center_axis',(0.,-1.,0.));
#9889=DIRECTION('ref_axis',(-1.,0.,0.));
#9890=DIRECTION('center_axis',(0.,0.,-1.));
#9891=DIRECTION('ref_axis',(0.,1.,0.));
#9892=DIRECTION('center_axis',(0.,0.,-1.));
#9893=DIRECTION('ref_axis',(1.,-4.09928501400072E-14,0.));
#9894=DIRECTION('center_axis',(0.,0.,1.));
#9895=DIRECTION('ref_axis',(-1.,0.,0.));
#9896=DIRECTION('center_axis',(0.,0.,-1.));
#9897=DIRECTION('ref_axis',(-0.999999999613365,-2.78077271466797E-5,0.));
#9898=DIRECTION('',(1.91921218498101E-9,1.,0.));
#9899=DIRECTION('center_axis',(0.,0.,-1.));
#9900=DIRECTION('ref_axis',(-7.56081220152002E-5,0.999999997141706,0.));
#9901=DIRECTION('',(1.,3.99669141329989E-12,0.));
#9902=DIRECTION('center_axis',(0.,0.,-1.));
#9903=DIRECTION('ref_axis',(0.999999999999996,-9.10650518126515E-8,0.));
#9904=DIRECTION('',(6.21725171032613E-13,-1.,0.));
#9905=DIRECTION('center_axis',(0.,0.,-1.));
#9906=DIRECTION('ref_axis',(2.46572540162117E-7,-0.99999999999997,0.));
#9907=DIRECTION('',(-1.,-5.60306979574122E-11,0.));
#9908=DIRECTION('center_axis',(0.,0.,-1.));
#9909=DIRECTION('ref_axis',(-0.999999999613365,-2.78077271466797E-5,0.));
#9910=DIRECTION('',(0.,0.,-1.));
#9911=DIRECTION('',(0.,0.,-1.));
#9912=DIRECTION('center_axis',(-1.,1.91921218498101E-9,0.));
#9913=DIRECTION('ref_axis',(1.91921218498101E-9,1.,0.));
#9914=DIRECTION('',(0.,0.,-1.));
#9915=DIRECTION('center_axis',(0.,0.,-1.));
#9916=DIRECTION('ref_axis',(-7.56081220152002E-5,0.999999997141706,0.));
#9917=DIRECTION('',(0.,0.,-1.));
#9918=DIRECTION('center_axis',(-3.99669141329989E-12,1.,0.));
#9919=DIRECTION('ref_axis',(1.,3.99669141329989E-12,0.));
#9920=DIRECTION('',(0.,0.,-1.));
#9921=DIRECTION('center_axis',(5.60306979574122E-11,-1.,0.));
#9922=DIRECTION('ref_axis',(-1.,-5.60306979574122E-11,0.));
#9923=DIRECTION('',(0.,0.,-1.));
#9924=DIRECTION('center_axis',(0.,0.,-1.));
#9925=DIRECTION('ref_axis',(2.46572540162117E-7,-0.99999999999997,0.));
#9926=DIRECTION('',(0.,0.,-1.));
#9927=DIRECTION('center_axis',(1.,6.21725171032613E-13,0.));
#9928=DIRECTION('ref_axis',(6.21725171032613E-13,-1.,0.));
#9929=DIRECTION('',(0.,0.,-1.));
#9930=DIRECTION('center_axis',(0.,0.,-1.));
#9931=DIRECTION('ref_axis',(0.999999999999996,-9.10650518126515E-8,0.));
#9932=DIRECTION('center_axis',(0.,0.,1.));
#9933=DIRECTION('ref_axis',(-1.,0.,0.));
#9934=DIRECTION('center_axis',(0.,0.,-1.));
#9935=DIRECTION('ref_axis',(-0.999999999194492,4.01374645521237E-5,0.));
#9936=DIRECTION('',(-2.67599712749614E-7,0.999999999999964,0.));
#9937=DIRECTION('center_axis',(0.,0.,-1.));
#9938=DIRECTION('ref_axis',(-2.80095058850324E-5,0.999999999607734,0.));
#9939=DIRECTION('',(0.999999999999964,2.67158009263421E-7,0.));
#9940=DIRECTION('center_axis',(0.,0.,-1.));
#9941=DIRECTION('ref_axis',(0.999999999999998,5.97614398633388E-8,0.));
#9942=DIRECTION('',(2.6676388604273E-7,-0.999999999999964,0.));
#9943=DIRECTION('center_axis',(0.,0.,-1.));
#9944=DIRECTION('ref_axis',(-1.02621626746195E-5,-0.999999999947344,0.));
#9945=DIRECTION('',(-0.999999999999964,-2.67040954157227E-7,0.));
#9946=DIRECTION('center_axis',(0.,0.,-1.));
#9947=DIRECTION('ref_axis',(-0.999999999194492,4.01374645521237E-5,0.));
#9948=DIRECTION('',(0.,0.,-1.));
#9949=DIRECTION('',(0.,0.,-1.));
#9950=DIRECTION('center_axis',(-0.999999999999964,-2.67599712749614E-7,
0.));
#9951=DIRECTION('ref_axis',(-2.67599712749614E-7,0.999999999999964,0.));
#9952=DIRECTION('',(0.,0.,-1.));
#9953=DIRECTION('center_axis',(0.,0.,-1.));
#9954=DIRECTION('ref_axis',(-2.80095058850324E-5,0.999999999607734,0.));
#9955=DIRECTION('',(0.,0.,-1.));
#9956=DIRECTION('center_axis',(-2.67158009263421E-7,0.999999999999964,0.));
#9957=DIRECTION('ref_axis',(0.999999999999964,2.67158009263421E-7,0.));
#9958=DIRECTION('',(0.,0.,-1.));
#9959=DIRECTION('center_axis',(2.67040954157227E-7,-0.999999999999964,0.));
#9960=DIRECTION('ref_axis',(-0.999999999999964,-2.67040954157227E-7,0.));
#9961=DIRECTION('',(0.,0.,-1.));
#9962=DIRECTION('center_axis',(0.,0.,-1.));
#9963=DIRECTION('ref_axis',(-1.02621626746195E-5,-0.999999999947344,0.));
#9964=DIRECTION('',(0.,0.,-1.));
#9965=DIRECTION('center_axis',(0.999999999999964,2.6676388604273E-7,0.));
#9966=DIRECTION('ref_axis',(2.6676388604273E-7,-0.999999999999964,0.));
#9967=DIRECTION('',(0.,0.,-1.));
#9968=DIRECTION('center_axis',(0.,0.,-1.));
#9969=DIRECTION('ref_axis',(0.999999999999998,5.97614398633388E-8,0.));
#9970=DIRECTION('center_axis',(0.,0.,1.));
#9971=DIRECTION('ref_axis',(-1.,0.,0.));
#9972=DIRECTION('center_axis',(0.,0.,-1.));
#9973=DIRECTION('ref_axis',(1.02616198791817E-5,0.99999999994735,0.));
#9974=DIRECTION('',(0.999999999999964,2.6704089071766E-7,0.));
#9975=DIRECTION('center_axis',(0.,0.,-1.));
#9976=DIRECTION('ref_axis',(0.999999999194481,-4.01377261869162E-5,0.));
#9977=DIRECTION('',(2.69075537891465E-7,-0.999999999999964,0.));
#9978=DIRECTION('center_axis',(0.,0.,-1.));
#9979=DIRECTION('ref_axis',(2.80082439611346E-5,-0.999999999607769,0.));
#9980=DIRECTION('',(-0.999999999999964,-2.67158022036899E-7,0.));
#9981=DIRECTION('center_axis',(0.,0.,-1.));
#9982=DIRECTION('ref_axis',(-0.999999999999998,-5.97618843409901E-8,0.));
#9983=DIRECTION('',(-2.67161701334975E-7,0.999999999999964,0.));
#9984=DIRECTION('center_axis',(0.,0.,-1.));
#9985=DIRECTION('ref_axis',(1.02616198791817E-5,0.99999999994735,0.));
#9986=DIRECTION('',(0.,0.,-1.));
#9987=DIRECTION('',(0.,0.,-1.));
#9988=DIRECTION('center_axis',(-2.6704089071766E-7,0.999999999999964,0.));
#9989=DIRECTION('ref_axis',(0.999999999999964,2.6704089071766E-7,0.));
#9990=DIRECTION('',(0.,0.,-1.));
#9991=DIRECTION('center_axis',(0.,0.,-1.));
#9992=DIRECTION('ref_axis',(0.999999999194481,-4.01377261869162E-5,0.));
#9993=DIRECTION('',(0.,0.,-1.));
#9994=DIRECTION('center_axis',(0.999999999999964,2.69075537891465E-7,0.));
#9995=DIRECTION('ref_axis',(2.69075537891465E-7,-0.999999999999964,0.));
#9996=DIRECTION('',(0.,0.,-1.));
#9997=DIRECTION('center_axis',(-0.999999999999964,-2.67161701334975E-7,
0.));
#9998=DIRECTION('ref_axis',(-2.67161701334975E-7,0.999999999999964,0.));
#9999=DIRECTION('',(0.,0.,-1.));
#10000=DIRECTION('center_axis',(0.,0.,-1.));
#10001=DIRECTION('ref_axis',(-0.999999999999998,-5.97618843409901E-8,0.));
#10002=DIRECTION('',(0.,0.,-1.));
#10003=DIRECTION('center_axis',(2.67158022036899E-7,-0.999999999999964,
0.));
#10004=DIRECTION('ref_axis',(-0.999999999999964,-2.67158022036899E-7,0.));
#10005=DIRECTION('',(0.,0.,-1.));
#10006=DIRECTION('center_axis',(0.,0.,-1.));
#10007=DIRECTION('ref_axis',(2.80082439611346E-5,-0.999999999607769,0.));
#10008=DIRECTION('center_axis',(0.,0.,1.));
#10009=DIRECTION('ref_axis',(-1.,0.,0.));
#10010=DIRECTION('center_axis',(0.,0.,-1.));
#10011=DIRECTION('ref_axis',(-2.45608866569964E-7,0.99999999999997,0.));
#10012=DIRECTION('',(1.,-9.64296431929992E-13,0.));
#10013=DIRECTION('center_axis',(0.,0.,-1.));
#10014=DIRECTION('ref_axis',(0.999999999613367,2.78076574197424E-5,0.));
#10015=DIRECTION('',(-4.42676486946572E-10,-1.,0.));
#10016=DIRECTION('center_axis',(0.,0.,-1.));
#10017=DIRECTION('ref_axis',(7.56108275447897E-5,-0.999999997141501,0.));
#10018=DIRECTION('',(-1.,-1.16157809170683E-10,0.));
#10019=DIRECTION('center_axis',(0.,0.,-1.));
#10020=DIRECTION('ref_axis',(-0.999999999999996,9.10714170742815E-8,0.));
#10021=DIRECTION('',(-3.93196762406689E-10,1.,0.));
#10022=DIRECTION('center_axis',(0.,0.,-1.));
#10023=DIRECTION('ref_axis',(-2.45608866569964E-7,0.99999999999997,0.));
#10024=DIRECTION('',(0.,0.,-1.));
#10025=DIRECTION('',(0.,0.,-1.));
#10026=DIRECTION('center_axis',(9.64296431929992E-13,1.,0.));
#10027=DIRECTION('ref_axis',(1.,-9.64296431929992E-13,0.));
#10028=DIRECTION('',(0.,0.,-1.));
#10029=DIRECTION('center_axis',(0.,0.,-1.));
#10030=DIRECTION('ref_axis',(0.999999999613367,2.78076574197424E-5,0.));
#10031=DIRECTION('',(0.,0.,-1.));
#10032=DIRECTION('center_axis',(1.,-4.42676486946572E-10,0.));
#10033=DIRECTION('ref_axis',(-4.42676486946572E-10,-1.,0.));
#10034=DIRECTION('',(0.,0.,-1.));
#10035=DIRECTION('center_axis',(-1.,-3.93196762406689E-10,0.));
#10036=DIRECTION('ref_axis',(-3.93196762406689E-10,1.,0.));
#10037=DIRECTION('',(0.,0.,-1.));
#10038=DIRECTION('center_axis',(0.,0.,-1.));
#10039=DIRECTION('ref_axis',(-0.999999999999996,9.10714170742815E-8,0.));
#10040=DIRECTION('',(0.,0.,-1.));
#10041=DIRECTION('center_axis',(1.16157809170683E-10,-1.,0.));
#10042=DIRECTION('ref_axis',(-1.,-1.16157809170683E-10,0.));
#10043=DIRECTION('',(0.,0.,-1.));
#10044=DIRECTION('center_axis',(0.,0.,-1.));
#10045=DIRECTION('ref_axis',(7.56108275447897E-5,-0.999999997141501,0.));
#10046=DIRECTION('center_axis',(-0.308923740827597,0.865085735867578,-0.395212337802775));
#10047=DIRECTION('ref_axis',(-0.787865637405713,0.,0.615847170485737));
#10048=DIRECTION('',(0.724884597567721,0.483172466313476,0.491005792232267));
#10049=DIRECTION('center_axis',(-0.000822818197537773,-0.71216175047446,
0.702014931558701));
#10050=DIRECTION('ref_axis',(0.999999313114049,0.,0.00117207995922336));
#10051=DIRECTION('center_axis',(-0.0479837372435761,-0.711259013977687,
0.701290364967057));
#10052=DIRECTION('ref_axis',(0.997667397296221,0.,0.0682624667894776));
#10053=DIRECTION('center_axis',(-0.0495287168887984,-0.705986144772352,
0.706491662790738));
#10054=DIRECTION('ref_axis',(0.997551653734142,0.,0.0699335265254014));
#10055=DIRECTION('center_axis',(-0.138730174611174,-0.699560278694336,0.700977428399415));
#10056=DIRECTION('ref_axis',(0.980973041207648,0.,0.194143999196002));
#10057=DIRECTION('',(0.938382410286998,-0.319093068515802,-0.132733061778645));
#10058=DIRECTION('center_axis',(-0.321402034261619,-0.946933373583056,0.00423300922577652));
#10059=DIRECTION('ref_axis',(0.,-0.00447018454570814,-0.99999000867515));
#10060=DIRECTION('',(0.0345213782732521,-0.00724957691472993,0.999377665388152));
#10061=DIRECTION('center_axis',(0.501550577358786,0.865057755567163,-0.0110497911369811));
#10062=DIRECTION('ref_axis',(-0.0220259151469257,0.,-0.999757400103615));
#10063=DIRECTION('',(0.745211510618192,-0.438482328240251,-0.502387352809722));
#10064=DIRECTION('center_axis',(0.595528955065453,0.776586336167395,0.205569759830457));
#10065=DIRECTION('ref_axis',(0.326295590096227,0.,-0.945267786335573));
#10066=DIRECTION('',(0.765141204371152,-0.47036581207887,-0.439675949081649));
#10067=DIRECTION('center_axis',(0.643720605408012,0.573177625955992,0.507041607046794));
#10068=DIRECTION('ref_axis',(0.618772678132407,0.,-0.785570094133457));
#10069=DIRECTION('center_axis',(-0.641968040906276,-0.549485751174771,-0.534735863497911));
#10070=DIRECTION('ref_axis',(-0.640016621703914,0.,0.768361063525937));
#10071=DIRECTION('',(0.706773092983042,-0.15372848821514,-0.690535550819993));
#10072=DIRECTION('center_axis',(-0.693030955063329,-0.346459672069273,-0.632197588538316));
#10073=DIRECTION('ref_axis',(-0.673938029707994,0.,0.738787880323782));
#10074=DIRECTION('',(-0.712295599136834,0.193936924578416,0.674554259296733));
#10075=DIRECTION('center_axis',(-0.696005476345011,-0.0710885735255414,
-0.71450877644145));
#10076=DIRECTION('ref_axis',(-0.716321063772579,0.,0.697770831717492));
#10077=DIRECTION('center_axis',(0.684122412526398,-2.52173492540155E-16,
0.729367208393044));
#10078=DIRECTION('ref_axis',(0.729367208393044,0.,-0.684122412526398));
#10079=DIRECTION('',(0.71453705821936,0.200629938618356,-0.670212220241632));
#10080=DIRECTION('center_axis',(0.68195366563639,-0.413540969121205,0.603260362350607));
#10081=DIRECTION('ref_axis',(0.662569974651742,0.,-0.749000019152196));
#10082=DIRECTION('',(-0.706425518327113,-0.158743541347533,0.68975609829614));
#10083=DIRECTION('center_axis',(0.644074721114839,-0.548257558487054,0.533461716698262));
#10084=DIRECTION('ref_axis',(0.637875918054178,0.,-0.770139151820331));
#10085=DIRECTION('center_axis',(0.643724093526644,-0.544679465784595,0.537534716056468));
#10086=DIRECTION('ref_axis',(0.640956731381015,0.,-0.76757701144404));
#10087=DIRECTION('',(-0.765141110207322,-0.470366015833768,0.439675894971937));
#10088=DIRECTION('center_axis',(-0.595528160863918,0.776587866848535,-0.205566278075176));
#10089=DIRECTION('ref_axis',(-0.326291040798356,0.,0.94526935668873));
#10090=DIRECTION('',(-0.745211202484279,-0.438482677730281,0.502387504843043));
#10091=DIRECTION('center_axis',(0.501551086803836,-0.865057461553518,-0.0110496849038813));
#10092=DIRECTION('ref_axis',(-0.0220256811301808,0.,-0.999757405259272));
#10093=DIRECTION('center_axis',(-0.826221039176803,-0.520464372675397,0.215582075315202));
#10094=DIRECTION('ref_axis',(0.252472502529338,0.,0.967604069579378));
#10095=DIRECTION('',(-7.15271044401755E-7,0.38268239158525,0.923879963615448));
#10096=DIRECTION('',(0.533870594660012,-0.601227637197933,0.594564980827795));
#10097=DIRECTION('center_axis',(0.845565839996813,0.380244094821737,-0.37474369719007));
#10098=DIRECTION('ref_axis',(-0.405178182082475,0.,-0.914237737552077));
#10099=DIRECTION('',(-5.51417749255513E-7,0.701937210336521,0.712238831253027));
#10100=DIRECTION('center_axis',(-0.9999999999997,6.84873136137401E-15,-7.74203441130314E-7));
#10101=DIRECTION('ref_axis',(-7.74203441130314E-7,0.,0.9999999999997));
#10102=DIRECTION('',(0.,0.,1.));
#10103=DIRECTION('',(1.,0.,0.));
#10104=DIRECTION('',(0.,0.,1.));
#10105=DIRECTION('',(1.,0.,0.));
#10106=CARTESIAN_POINT('',(0.,0.,0.));
#10107=CARTESIAN_POINT('',(0.,0.,0.));
#10108=CARTESIAN_POINT('Origin',(280.043674093723,-91.6687789343055,303.735402857613));
#10109=CARTESIAN_POINT('',(281.943674093723,-91.6687789343055,303.985402857613));
#10110=CARTESIAN_POINT('Origin',(280.043674093723,-91.6687789343055,303.985402857613));
#10111=CARTESIAN_POINT('',(281.693674093723,-91.6687789343055,303.735402857613));
#10112=CARTESIAN_POINT('Origin',(281.943674093723,-91.6687789343055,303.735402857613));
#10113=CARTESIAN_POINT('',(278.393674093723,-91.6687789343055,303.735402857613));
#10114=CARTESIAN_POINT('Origin',(280.043674093723,-91.6687789343055,303.735402857613));
#10115=CARTESIAN_POINT('Origin',(280.043674093723,-91.6687789343055,303.735402857613));
#10116=CARTESIAN_POINT('Origin',(326.446694937402,-101.762659286646,303.985402857613));
#10117=CARTESIAN_POINT('',(286.343674093724,-91.4626578172827,303.985402857613));
#10118=CARTESIAN_POINT('',(286.343674089355,-101.166091775257,303.985402857613));
#10119=CARTESIAN_POINT('',(286.343674093724,-106.762658551964,303.985402857613));
#10120=CARTESIAN_POINT('',(326.743674093724,-91.4626578172827,303.985402857613));
#10121=CARTESIAN_POINT('',(306.495184515563,-91.4626578172827,303.985402857613));
#10122=CARTESIAN_POINT('',(326.743674093724,-111.962657817283,303.985402857613));
#10123=CARTESIAN_POINT('',(326.743674093724,-96.7126585519645,303.985402857613));
#10124=CARTESIAN_POINT('',(286.343674093724,-111.962657817283,303.985402857613));
#10125=CARTESIAN_POINT('',(326.495184515563,-111.962657817283,303.985402857613));
#10126=CARTESIAN_POINT('',(286.343674093724,-102.259985514204,303.985402857613));
#10127=CARTESIAN_POINT('',(286.343674093724,-106.762658551964,303.985402857613));
#10128=CARTESIAN_POINT('',(257.892318187684,-105.562100652375,303.985402857613));
#10129=CARTESIAN_POINT('Ctrl Pts',(286.343674093724,-102.259985514204,303.985402857613));
#10130=CARTESIAN_POINT('Ctrl Pts',(286.128318263485,-102.529945037524,303.985402857613));
#10131=CARTESIAN_POINT('Ctrl Pts',(285.545904292129,-102.921964102983,303.985402857613));
#10132=CARTESIAN_POINT('Ctrl Pts',(284.28797752907,-103.484551530777,303.985402857613));
#10133=CARTESIAN_POINT('Ctrl Pts',(281.953749380007,-104.170977988097,303.985402857613));
#10134=CARTESIAN_POINT('Ctrl Pts',(278.570392772073,-104.790110046559,303.985402857614));
#10135=CARTESIAN_POINT('Ctrl Pts',(273.056777978488,-105.424558205728,303.985402857614));
#10136=CARTESIAN_POINT('Ctrl Pts',(266.193611127451,-105.762439023205,303.985402857613));
#10137=CARTESIAN_POINT('Ctrl Pts',(260.652287716822,-105.693301708356,303.985402857613));
#10138=CARTESIAN_POINT('Ctrl Pts',(257.892318187255,-105.562100661385,303.985402857613));
#10139=CARTESIAN_POINT('',(257.892318187684,-106.935754988921,303.985402857613));
#10140=CARTESIAN_POINT('',(257.892318187684,-101.762659286646,303.985402857613));
#10141=CARTESIAN_POINT('',(258.129294118197,-107.31194692414,303.985402857613));
#10142=CARTESIAN_POINT('',(267.128009789998,-121.597128780859,303.985402857613));
#10143=CARTESIAN_POINT('',(267.684721335858,-117.324832768688,303.985402857613));
#10144=CARTESIAN_POINT('',(275.819391425291,-125.848943845375,303.985402857613));
#10145=CARTESIAN_POINT('',(271.939917378598,-119.15753327484,303.985402857613));
#10146=CARTESIAN_POINT('',(294.258196930749,-128.769951086113,303.985402857613));
#10147=CARTESIAN_POINT('',(289.80900864772,-125.538613176641,303.985402857613));
#10148=CARTESIAN_POINT('',(297.987937241549,-128.459321123247,303.985402857613));
#10149=CARTESIAN_POINT('',(295.379619151003,-125.532173753216,303.985402857613));
#10150=CARTESIAN_POINT('',(308.522378403604,-125.516981200845,303.985402857613));
#10151=CARTESIAN_POINT('',(328.189371709805,-123.318718237554,303.985402857613));
#10152=CARTESIAN_POINT('',(318.823598612157,-123.950564579103,303.985402857613));
#10153=CARTESIAN_POINT('',(338.441654893506,-122.599463292347,303.985402857613));
#10154=CARTESIAN_POINT('',(326.131210757935,-123.463109727346,303.985402857613));
#10155=CARTESIAN_POINT('',(351.66897900725,-119.976342673293,303.985402857614));
#10156=CARTESIAN_POINT('',(341.460711375055,-122.000751924972,303.985402857613));
#10157=CARTESIAN_POINT('',(377.943664710095,-111.047365263677,303.985402857613));
#10158=CARTESIAN_POINT('Ctrl Pts',(377.943664710095,-111.047365263677,303.985402857613));
#10159=CARTESIAN_POINT('Ctrl Pts',(364.80633061099,-115.511858635136,303.985402857614));
#10160=CARTESIAN_POINT('Ctrl Pts',(351.66897900725,-119.976342673293,303.985402857614));
#10161=CARTESIAN_POINT('',(383.936190318595,-107.572962850865,303.985402857613));
#10162=CARTESIAN_POINT('',(362.62783948384,-119.927317323429,303.985402857613));
#10163=CARTESIAN_POINT('',(384.969818000648,-106.780323126774,303.985402857613));
#10164=CARTESIAN_POINT('',(368.132267724553,-119.692236610651,303.985402857613));
#10165=CARTESIAN_POINT('',(385.857204094708,-105.731574560158,303.985402857613));
#10166=CARTESIAN_POINT('',(374.403474378457,-119.268052878598,303.985402857613));
#10167=CARTESIAN_POINT('',(387.807320052884,-103.440643277113,303.985402857613));
#10168=CARTESIAN_POINT('',(373.341900752859,-120.434136129602,303.985402857613));
#10169=CARTESIAN_POINT('',(388.205459780579,-102.784087175031,303.985402857613));
#10170=CARTESIAN_POINT('',(379.654283634372,-116.885485473731,303.985402857613));
#10171=CARTESIAN_POINT('',(388.205459780579,-101.574838779439,303.985402857613));
#10172=CARTESIAN_POINT('',(388.205459780579,-101.845020532298,303.985402857613));
#10173=CARTESIAN_POINT('',(388.108833624269,-100.62880300161,303.985402857613));
#10174=CARTESIAN_POINT('',(387.827660972078,-97.8759315341164,303.985402857613));
#10175=CARTESIAN_POINT('',(387.801128080321,-100.013292787314,303.985402857613));
#10176=CARTESIAN_POINT('',(381.806151756807,-88.0214088769798,303.985402857613));
#10177=CARTESIAN_POINT('',(385.843708312353,-97.7264256010638,303.985402857613));
#10178=CARTESIAN_POINT('',(373.276525264209,-83.0440978721295,303.985402857613));
#10179=CARTESIAN_POINT('',(384.969809608314,-96.7449731204456,303.985402857613));
#10180=CARTESIAN_POINT('',(373.687979441122,-84.0746485710135,303.985402857613));
#10181=CARTESIAN_POINT('',(383.936186200113,-95.9523340543821,303.985402857613));
#10182=CARTESIAN_POINT('',(368.132313777856,-83.8330587191211,303.985402857613));
#10183=CARTESIAN_POINT('',(377.881566495087,-92.4419349056538,303.985402857613));
#10184=CARTESIAN_POINT('',(362.627825374568,-83.5979905370359,303.985402857613));
#10185=CARTESIAN_POINT('',(351.696881853297,-83.5544976844626,303.985402857613));
#10186=CARTESIAN_POINT('',(346.61300622685,-81.8289613227116,303.985402857613));
#10187=CARTESIAN_POINT('',(338.441647501138,-80.9258450405201,303.985402857613));
#10188=CARTESIAN_POINT('',(341.460705981769,-81.5245561493913,303.985402857613));
#10189=CARTESIAN_POINT('',(328.189364192441,-80.2065923452368,303.985402857613));
#10190=CARTESIAN_POINT('',(326.131205411664,-80.0622014611944,303.985402857613));
#10191=CARTESIAN_POINT('',(295.379612500012,-77.993144820077,303.985402857613));
#10192=CARTESIAN_POINT('',(318.823592754658,-79.5747483799269,303.985402857613));
#10193=CARTESIAN_POINT('',(289.809001388318,-77.9867086415108,303.985402857613));
#10194=CARTESIAN_POINT('',(308.522367566492,-78.0083297103457,303.985402857613));
#10195=CARTESIAN_POINT('',(271.939909066806,-84.3677950659899,303.985402857613));
#10196=CARTESIAN_POINT('',(297.987927124507,-75.0659989018679,303.985402857613));
#10197=CARTESIAN_POINT('',(267.684713273496,-86.2004972890689,303.985402857613));
#10198=CARTESIAN_POINT('',(294.258185553913,-74.7553690061774,303.985402857613));
#10199=CARTESIAN_POINT('',(258.12929370552,-96.2133834036249,303.985402857613));
#10200=CARTESIAN_POINT('',(275.819378149516,-77.6763846214642,303.985402857613));
#10201=CARTESIAN_POINT('',(257.892318187684,-96.5895747998436,303.985402857613));
#10202=CARTESIAN_POINT('',(267.128007818561,-81.9281996121765,303.985402857613));
#10203=CARTESIAN_POINT('',(257.892318147693,-97.9563700097171,303.985402857613));
#10204=CARTESIAN_POINT('',(257.892318187684,-101.762659286646,303.985402857613));
#10205=CARTESIAN_POINT('Ctrl Pts',(286.343674086691,-101.166091777388,303.985402857613));
#10206=CARTESIAN_POINT('Ctrl Pts',(286.127921238871,-100.896335247758,303.985402857613));
#10207=CARTESIAN_POINT('Ctrl Pts',(285.546028690452,-100.506677340409,303.985402857613));
#10208=CARTESIAN_POINT('Ctrl Pts',(284.279236610238,-99.9439045415124,303.985402857614));
#10209=CARTESIAN_POINT('Ctrl Pts',(281.898602158655,-99.2567627695504,303.985402857613));
#10210=CARTESIAN_POINT('Ctrl Pts',(277.253280472195,-98.4337878317913,303.985402857614));
#10211=CARTESIAN_POINT('Ctrl Pts',(270.22589594514,-97.848137441899,303.985402857613));
#10212=CARTESIAN_POINT('Ctrl Pts',(263.493836204764,-97.7525678141133,303.985402857613));
#10213=CARTESIAN_POINT('Ctrl Pts',(259.271759772423,-97.8863283715604,303.985402857613));
#10214=CARTESIAN_POINT('Ctrl Pts',(257.892318149467,-97.9563700446648,303.985402857613));
#10215=CARTESIAN_POINT('',(281.943674093724,-111.767920113285,303.985402857613));
#10216=CARTESIAN_POINT('Origin',(280.043674093724,-111.767920113285,303.985402857613));
#10217=CARTESIAN_POINT('',(371.924544333613,-101.762979512766,303.985402857613));
#10218=CARTESIAN_POINT('Origin',(370.024544333613,-101.762979512766,303.985402857613));
#10219=CARTESIAN_POINT('Origin',(280.043674093723,-91.6687789343055,297.985402857613));
#10220=CARTESIAN_POINT('',(278.393674093723,-91.6687789343055,301.185402857613));
#10221=CARTESIAN_POINT('',(278.393674093723,-91.6687789343055,297.985402857613));
#10222=CARTESIAN_POINT('Origin',(280.043674093723,-91.6687789343055,301.185402857613));
#10223=CARTESIAN_POINT('Origin',(280.043674093724,-111.767920113285,303.735402857613));
#10224=CARTESIAN_POINT('',(281.693674093724,-111.767920113285,303.735402857613));
#10225=CARTESIAN_POINT('Origin',(281.943674093724,-111.767920113285,303.735402857613));
#10226=CARTESIAN_POINT('',(278.393674093724,-111.767920113285,303.735402857613));
#10227=CARTESIAN_POINT('Origin',(280.043674093724,-111.767920113285,303.735402857613));
#10228=CARTESIAN_POINT('Origin',(280.043674093724,-111.767920113285,303.735402857613));
#10229=CARTESIAN_POINT('Origin',(280.043674093724,-111.767920113285,297.985402857613));
#10230=CARTESIAN_POINT('',(278.393674093724,-111.767920113285,301.185402857613));
#10231=CARTESIAN_POINT('',(278.393674093724,-111.767920113285,297.985402857613));
#10232=CARTESIAN_POINT('Origin',(280.043674093724,-111.767920113285,301.185402857613));
#10233=CARTESIAN_POINT('Origin',(370.024544333613,-101.762979512766,303.735402857613));
#10234=CARTESIAN_POINT('',(371.674544333613,-101.762979512766,303.735402857613));
#10235=CARTESIAN_POINT('Origin',(371.924544333613,-101.762979512766,303.735402857613));
#10236=CARTESIAN_POINT('',(368.374544333613,-101.762979512766,303.735402857613));
#10237=CARTESIAN_POINT('Origin',(370.024544333613,-101.762979512766,303.735402857613));
#10238=CARTESIAN_POINT('Origin',(370.024544333613,-101.762979512766,303.735402857613));
#10239=CARTESIAN_POINT('Origin',(370.024544333613,-101.762979512766,297.985402857613));
#10240=CARTESIAN_POINT('',(368.374544333613,-101.762979512766,301.185402857613));
#10241=CARTESIAN_POINT('',(368.374544333613,-101.762979512766,297.985402857613));
#10242=CARTESIAN_POINT('Origin',(370.024544333613,-101.762979512766,301.185402857613));
#10243=CARTESIAN_POINT('Origin',(280.043674093724,-111.767920113285,298.235402857613));
#10244=CARTESIAN_POINT('',(276.593674093724,-111.767920113285,297.985402857613));
#10245=CARTESIAN_POINT('Origin',(280.043674093724,-111.767920113285,297.985402857613));
#10246=CARTESIAN_POINT('',(277.093674093724,-111.767920113285,298.485402857613));
#10247=CARTESIAN_POINT('',(276.843674093724,-111.767920113285,298.235402857613));
#10248=CARTESIAN_POINT('Origin',(280.043674093724,-111.767920113285,298.485402857613));
#10249=CARTESIAN_POINT('Origin',(374.333639466387,-101.931228001091,297.985402857613));
#10250=CARTESIAN_POINT('',(257.892322832904,-98.7748250656962,297.985402857613));
#10251=CARTESIAN_POINT('',(257.892322832904,-104.863904012733,297.985402857613));
#10252=CARTESIAN_POINT('',(257.892322832904,-101.846943643868,297.985402857613));
#10253=CARTESIAN_POINT('',(280.951045628503,-83.8909868470711,297.985402857613));
#10254=CARTESIAN_POINT('',(304.189703150091,-68.8910051900043,297.985402857613));
#10255=CARTESIAN_POINT('',(295.358581849053,-83.9076330415291,297.985402857613));
#10256=CARTESIAN_POINT('',(332.459071742559,-83.9504982448367,297.985402857613));
#10257=CARTESIAN_POINT('',(338.380328389123,-86.9258394471688,297.985402857613));
#10258=CARTESIAN_POINT('',(349.544123940964,-87.7090396181436,297.985402857613));
#10259=CARTESIAN_POINT('',(377.751293202355,-94.7371674291176,297.985402857613));
#10260=CARTESIAN_POINT('',(370.166383542816,-93.2322965846978,297.985402857613));
#10261=CARTESIAN_POINT('',(380.118876196976,-95.6820746034925,298.101266222911));
#10262=CARTESIAN_POINT('',(381.708242731228,-96.8125653558984,297.985402857613));
#10263=CARTESIAN_POINT('',(389.221501214767,-100.753227466023,297.985402857613));
#10264=CARTESIAN_POINT('',(381.708242731228,-96.8125653558984,297.985402857613));
#10265=CARTESIAN_POINT('',(389.294236893647,-103.017076074075,297.985402857613));
#10266=CARTESIAN_POINT('Origin',(393.067151905559,-101.762762501944,297.985402857613));
#10267=CARTESIAN_POINT('',(377.751259633019,-108.7881542913,297.985402857613));
#10268=CARTESIAN_POINT('',(381.588103334208,-106.869868860525,297.985402857613));
#10269=CARTESIAN_POINT('',(338.38033258529,-116.599469684748,297.985402857613));
#10270=CARTESIAN_POINT('',(370.134201779522,-110.299402456518,297.985402857613));
#10271=CARTESIAN_POINT('',(295.358586569741,-119.617685531763,297.985402857613));
#10272=CARTESIAN_POINT('',(349.532359191641,-115.817092711543,297.985402857613));
#10273=CARTESIAN_POINT('',(280.955366867008,-119.635765862416,297.987438418646));
#10274=CARTESIAN_POINT('',(332.458884291553,-119.574798935024,297.985402857613));
#10275=CARTESIAN_POINT('Origin',(323.717052725589,60.0946199487825,297.985402857613));
#10276=CARTESIAN_POINT('',(276.593674093723,-91.6687789343055,297.985402857613));
#10277=CARTESIAN_POINT('Origin',(280.043674093723,-91.6687789343055,297.985402857613));
#10278=CARTESIAN_POINT('',(355.002986699128,-101.754296193552,297.985402857613));
#10279=CARTESIAN_POINT('Origin',(357.952986699128,-101.754296193552,297.985402857613));
#10280=CARTESIAN_POINT('',(270.00222678896,-94.7635303793758,297.985402857613));
#10281=CARTESIAN_POINT('Origin',(272.95222678896,-94.7635303793758,297.985402857613));
#10282=CARTESIAN_POINT('',(328.443674093724,-100.962657817282,297.985402857613));
#10283=CARTESIAN_POINT('',(328.443674093724,-102.562657817282,297.985402857613));
#10284=CARTESIAN_POINT('',(328.443674093724,-101.446942909188,297.985402857613));
#10285=CARTESIAN_POINT('',(317.443674093724,-89.9626578172827,297.985402857613));
#10286=CARTESIAN_POINT('Origin',(317.443674093724,-100.962657817283,297.985402857613));
#10287=CARTESIAN_POINT('',(295.743674093724,-89.9626578172827,297.985402857613));
#10288=CARTESIAN_POINT('',(335.038656780056,-89.9626578172827,297.985402857613));
#10289=CARTESIAN_POINT('',(284.743674093724,-100.962657817283,297.985402857613));
#10290=CARTESIAN_POINT('Origin',(295.743674093724,-100.962657817283,297.985402857613));
#10291=CARTESIAN_POINT('',(284.743674093724,-102.562657817282,297.985402857613));
#10292=CARTESIAN_POINT('',(284.743674093724,-102.246942909185,297.985402857613));
#10293=CARTESIAN_POINT('',(295.743674093724,-113.562657817283,297.985402857613));
#10294=CARTESIAN_POINT('Origin',(295.743674093724,-102.562657817283,297.985402857613));
#10295=CARTESIAN_POINT('',(317.443674093724,-113.562657817283,297.985402857613));
#10296=CARTESIAN_POINT('',(345.888656780056,-113.562657817283,297.985402857613));
#10297=CARTESIAN_POINT('Origin',(317.443674093724,-102.562657817283,297.985402857613));
#10298=CARTESIAN_POINT('',(270.003747706881,-108.763530296762,297.985402857613));
#10299=CARTESIAN_POINT('Origin',(272.953747706881,-108.763530296762,297.985402857613));
#10300=CARTESIAN_POINT('',(366.574544333613,-101.762979512766,297.985402857613));
#10301=CARTESIAN_POINT('Origin',(370.024544333613,-101.762979512766,297.985402857613));
#10302=CARTESIAN_POINT('Origin',(280.043674093724,-111.767920113285,301.185402857613));
#10303=CARTESIAN_POINT('',(277.093674093724,-111.767920113285,301.185402857613));
#10304=CARTESIAN_POINT('Origin',(280.043674093724,-111.767920113285,301.185402857613));
#10305=CARTESIAN_POINT('',(277.093674093724,-111.767920113285,301.185402857613));
#10306=CARTESIAN_POINT('Origin',(280.043674093723,-91.6687789343055,298.235402857613));
#10307=CARTESIAN_POINT('',(277.093674093723,-91.6687789343055,298.485402857613));
#10308=CARTESIAN_POINT('',(276.843674093723,-91.6687789343055,298.235402857613));
#10309=CARTESIAN_POINT('Origin',(280.043674093723,-91.6687789343055,298.485402857613));
#10310=CARTESIAN_POINT('Origin',(280.043674093723,-91.6687789343055,301.185402857613));
#10311=CARTESIAN_POINT('',(277.093674093723,-91.6687789343055,301.185402857613));
#10312=CARTESIAN_POINT('Origin',(280.043674093723,-91.6687789343055,301.185402857613));
#10313=CARTESIAN_POINT('',(277.093674093723,-91.6687789343055,301.185402857613));
#10314=CARTESIAN_POINT('Origin',(370.024544333613,-101.762979512766,298.235402857613));
#10315=CARTESIAN_POINT('',(367.074544333613,-101.762979512766,298.485402857613));
#10316=CARTESIAN_POINT('',(366.824544333613,-101.762979512766,298.235402857613));
#10317=CARTESIAN_POINT('Origin',(370.024544333613,-101.762979512766,298.485402857613));
#10318=CARTESIAN_POINT('Origin',(370.024544333613,-101.762979512766,301.185402857613));
#10319=CARTESIAN_POINT('',(367.074544333613,-101.762979512766,301.185402857613));
#10320=CARTESIAN_POINT('Origin',(370.024544333613,-101.762979512766,301.185402857613));
#10321=CARTESIAN_POINT('',(367.074544333613,-101.762979512766,301.185402857613));
#10322=CARTESIAN_POINT('Origin',(370.024544333613,-101.762979512766,301.185402857613));
#10323=CARTESIAN_POINT('Origin',(280.043674093723,-91.6687789343055,301.185402857613));
#10324=CARTESIAN_POINT('Origin',(280.043674093724,-111.767920113285,301.185402857613));
#10325=CARTESIAN_POINT('Origin',(326.495184515563,-111.962657817283,303.785402857613));
#10326=CARTESIAN_POINT('',(326.543674093724,-111.762657817283,303.785402857613));
#10327=CARTESIAN_POINT('Origin',(326.743674093724,-111.962657817283,303.785402857613));
#10328=CARTESIAN_POINT('',(286.543674093724,-111.762657817283,303.785402857613));
#10329=CARTESIAN_POINT('',(326.495184515563,-111.762657817283,303.785402857613));
#10330=CARTESIAN_POINT('Origin',(286.343674093724,-111.962657817283,303.785402857613));
#10331=CARTESIAN_POINT('Origin',(326.743674093724,-96.7126585519645,303.785402857613));
#10332=CARTESIAN_POINT('',(326.543674093724,-91.6626578172827,303.785402857613));
#10333=CARTESIAN_POINT('Origin',(326.743674093724,-91.4626578172827,303.785402857613));
#10334=CARTESIAN_POINT('',(326.543674093724,-96.7126585519645,303.785402857613));
#10335=CARTESIAN_POINT('Origin',(306.495184515563,-91.4626578172827,303.785402857613));
#10336=CARTESIAN_POINT('',(286.543674093724,-91.6626578172827,303.785402857613));
#10337=CARTESIAN_POINT('',(306.495184515563,-91.6626578172827,303.785402857613));
#10338=CARTESIAN_POINT('Origin',(286.343674093724,-91.4626578172827,303.785402857613));
#10339=CARTESIAN_POINT('Origin',(286.343674093724,-106.762658551964,303.785402857613));
#10340=CARTESIAN_POINT('',(286.543674093724,-102.259985514204,303.785402857613));
#10341=CARTESIAN_POINT('',(286.543674093724,-106.762658551964,303.785402857613));
#10342=CARTESIAN_POINT('Origin',(286.343674093724,-102.259985514204,303.785402857613));
#10343=CARTESIAN_POINT('Origin',(286.343674093724,-102.259985514204,303.785402857613));
#10344=CARTESIAN_POINT('',(286.309445479685,-102.232680192637,303.980551061282));
#10345=CARTESIAN_POINT('Origin',(286.343674093724,-102.259985514204,303.785402857613));
#10346=CARTESIAN_POINT('Origin',(286.343674093724,-102.259985514204,303.785402857613));
#10347=CARTESIAN_POINT('Origin',(286.343674093724,-106.762658551964,303.785402857613));
#10348=CARTESIAN_POINT('',(286.543674093724,-101.166091786181,303.785402857613));
#10349=CARTESIAN_POINT('Origin',(286.343674093724,-101.166091775257,303.785402857613));
#10350=CARTESIAN_POINT('',(286.543674093724,-106.762658551964,303.785402857613));
#10351=CARTESIAN_POINT('Ctrl Pts',(286.543674093724,-102.259985514204,303.785402857613));
#10352=CARTESIAN_POINT('Ctrl Pts',(286.543674093724,-101.897727126937,303.734715320815));
#10353=CARTESIAN_POINT('Ctrl Pts',(286.543674093724,-101.528371983856,303.734712464923));
#10354=CARTESIAN_POINT('Ctrl Pts',(286.543674093724,-101.166091786181,303.785402857613));
#10355=CARTESIAN_POINT('Ctrl Pts',(286.543674093724,-102.251935523825,303.842935275177));
#10356=CARTESIAN_POINT('Ctrl Pts',(286.54367713653,-101.895014622964,303.793064250753));
#10357=CARTESIAN_POINT('Ctrl Pts',(286.543677567022,-101.53108489581,303.793056527807));
#10358=CARTESIAN_POINT('Ctrl Pts',(286.543674093724,-101.174139725199,303.84292083653));
#10359=CARTESIAN_POINT('Ctrl Pts',(286.489568982103,-102.235954184436,303.95715219316));
#10360=CARTESIAN_POINT('Ctrl Pts',(286.489433583274,-101.88956490885,303.90888446013));
#10361=CARTESIAN_POINT('Ctrl Pts',(286.489443284364,-101.536535214052,303.908866809025));
#10362=CARTESIAN_POINT('Ctrl Pts',(286.489597909295,-101.190117119013,303.957109997086));
#10363=CARTESIAN_POINT('Ctrl Pts',(286.366681257266,-102.231302492569,303.99039733586));
#10364=CARTESIAN_POINT('Ctrl Pts',(286.366325392119,-101.888093274338,303.942437607281));
#10365=CARTESIAN_POINT('Ctrl Pts',(286.366350960246,-101.538005512749,303.942431118385));
#10366=CARTESIAN_POINT('Ctrl Pts',(286.366757445987,-101.194772956572,303.990384897154));
#10367=CARTESIAN_POINT('Ctrl Pts',(286.309445479685,-102.232680192637,303.980551061282));
#10368=CARTESIAN_POINT('Ctrl Pts',(286.30904375554,-101.888516114549,303.932324835738));
#10369=CARTESIAN_POINT('Ctrl Pts',(286.309072748496,-101.537581360818,303.93232747344));
#10370=CARTESIAN_POINT('Ctrl Pts',(286.309531693629,-101.193399076803,303.98056588791));
#10371=CARTESIAN_POINT('',(286.309531693629,-101.193399076803,303.98056588791));
#10372=CARTESIAN_POINT('Origin',(286.343674093724,-101.166091786181,303.785402857613));
#10373=CARTESIAN_POINT('Ctrl Pts',(286.309531693629,-101.193399076803,303.98056588791));
#10374=CARTESIAN_POINT('Ctrl Pts',(286.309072748496,-101.537581360818,303.93232747344));
#10375=CARTESIAN_POINT('Ctrl Pts',(286.30904375554,-101.888516114549,303.932324835738));
#10376=CARTESIAN_POINT('Ctrl Pts',(286.309445479685,-102.232680192637,303.980551061282));
#10377=CARTESIAN_POINT('Ctrl Pts',(286.543674093724,-102.259985514204,303.785402857613));
#10378=CARTESIAN_POINT('Ctrl Pts',(286.543674093724,-101.897727126937,303.734715320815));
#10379=CARTESIAN_POINT('Ctrl Pts',(286.543674093724,-101.528371983856,303.734712464923));
#10380=CARTESIAN_POINT('Ctrl Pts',(286.543674093724,-101.166091786181,303.785402857613));
#10381=CARTESIAN_POINT('Origin',(286.343674093724,-101.166091786181,303.785402857613));
#10382=CARTESIAN_POINT('Origin',(286.343674093724,-101.166091786181,303.785402857613));
#10383=CARTESIAN_POINT('Ctrl Pts',(286.309445479685,-102.232680192637,303.980551061282));
#10384=CARTESIAN_POINT('Ctrl Pts',(286.094388630985,-102.489173100947,303.978719240528));
#10385=CARTESIAN_POINT('Ctrl Pts',(285.512810770108,-102.861627238324,303.973764485251));
#10386=CARTESIAN_POINT('Ctrl Pts',(284.256718407471,-103.396083116025,303.963031240157));
#10387=CARTESIAN_POINT('Ctrl Pts',(281.92593939374,-104.048061175624,303.943021277241));
#10388=CARTESIAN_POINT('Ctrl Pts',(278.54765953452,-104.635912867686,303.913749130075));
#10389=CARTESIAN_POINT('Ctrl Pts',(273.042433119488,-105.238151355176,303.865563176561));
#10390=CARTESIAN_POINT('Ctrl Pts',(266.186689355752,-105.55910763863,303.804885300363));
#10391=CARTESIAN_POINT('Ctrl Pts',(260.65074594969,-105.493825119756,303.755727373974));
#10392=CARTESIAN_POINT('Ctrl Pts',(257.891884874705,-105.36930982935,303.731332791538));
#10393=CARTESIAN_POINT('Ctrl Pts',(286.315057309716,-102.237156939005,303.98216175591));
#10394=CARTESIAN_POINT('Ctrl Pts',(286.099916077021,-102.495829496302,303.980935684222));
#10395=CARTESIAN_POINT('Ctrl Pts',(285.518106742044,-102.871331688187,303.977611670759));
#10396=CARTESIAN_POINT('Ctrl Pts',(284.261521433074,-103.409776574744,303.970363408593));
#10397=CARTESIAN_POINT('Ctrl Pts',(281.929851993809,-104.065753850587,303.956703944279));
#10398=CARTESIAN_POINT('Ctrl Pts',(278.550382427848,-104.655136677134,303.936262925535));
#10399=CARTESIAN_POINT('Ctrl Pts',(273.04350840788,-105.254847740183,303.901407547993));
#10400=CARTESIAN_POINT('Ctrl Pts',(266.186425333558,-105.565521857294,303.854868671291));
#10401=CARTESIAN_POINT('Ctrl Pts',(260.650696090463,-105.486072079292,303.813048585421));
#10402=CARTESIAN_POINT('Ctrl Pts',(257.892675520617,-105.352706124351,303.790528317417));
#10403=CARTESIAN_POINT('Ctrl Pts',(286.326420056427,-102.246221385858,303.984590059181));
#10404=CARTESIAN_POINT('Ctrl Pts',(286.111161676209,-102.50935014183,303.984281538963));
#10405=CARTESIAN_POINT('Ctrl Pts',(285.529027096019,-102.891251340403,303.983444696463));
#10406=CARTESIAN_POINT('Ctrl Pts',(284.271733030317,-103.438705318102,303.981595758912));
#10407=CARTESIAN_POINT('Ctrl Pts',(281.938746670828,-104.105144919462,303.978064649906));
#10408=CARTESIAN_POINT('Ctrl Pts',(278.55738286872,-104.702834149668,303.972575581803));
#10409=CARTESIAN_POINT('Ctrl Pts',(273.047535869221,-105.308208617834,303.962694936755));
#10410=CARTESIAN_POINT('Ctrl Pts',(266.187096156674,-105.615263651059,303.948301431073));
#10411=CARTESIAN_POINT('Ctrl Pts',(260.649629617389,-105.522071060979,303.933354178802));
#10412=CARTESIAN_POINT('Ctrl Pts',(257.891444806848,-105.378551332748,303.924320985376));
#10413=CARTESIAN_POINT('Ctrl Pts',(286.337922741751,-102.25539746647,303.985402857613));
#10414=CARTESIAN_POINT('Ctrl Pts',(286.122599385871,-102.523080055403,303.985402976844));
#10415=CARTESIAN_POINT('Ctrl Pts',(285.540278391877,-102.911729491057,303.985395360935));
#10416=CARTESIAN_POINT('Ctrl Pts',(284.282562312048,-103.469273570751,303.985393320814));
#10417=CARTESIAN_POINT('Ctrl Pts',(281.948746754259,-104.149055846514,303.98534760914));
#10418=CARTESIAN_POINT('Ctrl Pts',(278.566052590138,-104.76104591522,303.98533036578));
#10419=CARTESIAN_POINT('Ctrl Pts',(273.053687997772,-105.38581983249,303.985258266714));
#10420=CARTESIAN_POINT('Ctrl Pts',(266.189306617605,-105.713469547422,303.985268144847));
#10421=CARTESIAN_POINT('Ctrl Pts',(260.647113885704,-105.636038454116,303.985178175073));
#10422=CARTESIAN_POINT('Ctrl Pts',(257.885650691962,-105.500228777533,303.985402857613));
#10423=CARTESIAN_POINT('Ctrl Pts',(286.343674093724,-102.259985514204,303.985402857613));
#10424=CARTESIAN_POINT('Ctrl Pts',(286.128318263485,-102.529945037524,303.985402857613));
#10425=CARTESIAN_POINT('Ctrl Pts',(285.545904292129,-102.921964102983,303.985402857613));
#10426=CARTESIAN_POINT('Ctrl Pts',(284.28797752907,-103.484551530777,303.985402857613));
#10427=CARTESIAN_POINT('Ctrl Pts',(281.953749380007,-104.170977988097,303.985402857613));
#10428=CARTESIAN_POINT('Ctrl Pts',(278.570392772073,-104.790110046559,303.985402857614));
#10429=CARTESIAN_POINT('Ctrl Pts',(273.056777978488,-105.424558205728,303.985402857614));
#10430=CARTESIAN_POINT('Ctrl Pts',(266.19043301747,-105.762595484853,303.985402857613));
#10431=CARTESIAN_POINT('Ctrl Pts',(260.645871938971,-105.693221547222,303.985402857613));
#10432=CARTESIAN_POINT('Ctrl Pts',(257.882726168398,-105.56164429338,303.985402857613));
#10433=CARTESIAN_POINT('',(257.892318401802,-105.369329395677,303.731336625054));
#10434=CARTESIAN_POINT('Ctrl Pts',(286.309445479685,-102.232680192637,303.980551061282));
#10435=CARTESIAN_POINT('Ctrl Pts',(286.094388630985,-102.489173100947,303.978719240528));
#10436=CARTESIAN_POINT('Ctrl Pts',(285.512810770108,-102.861627238324,303.973764485251));
#10437=CARTESIAN_POINT('Ctrl Pts',(284.256718407471,-103.396083116025,303.963031240157));
#10438=CARTESIAN_POINT('Ctrl Pts',(281.92593939374,-104.048061175624,303.943021277241));
#10439=CARTESIAN_POINT('Ctrl Pts',(278.54765953452,-104.635912867686,303.913749130075));
#10440=CARTESIAN_POINT('Ctrl Pts',(273.042433119488,-105.238151355176,303.865563176561));
#10441=CARTESIAN_POINT('Ctrl Pts',(266.186832997032,-105.559100913966,303.804886571684));
#10442=CARTESIAN_POINT('Ctrl Pts',(260.651035921839,-105.493828539027,303.755729948861));
#10443=CARTESIAN_POINT('Ctrl Pts',(257.892318401414,-105.369329394891,303.731336624897));
#10444=CARTESIAN_POINT('Ctrl Pts',(257.892318383958,-105.369329394103,303.731336624743));
#10445=CARTESIAN_POINT('Ctrl Pts',(257.892318373316,-105.365732065663,303.744133814699));
#10446=CARTESIAN_POINT('Ctrl Pts',(257.892313570991,-105.36353018546,303.75722805303));
#10447=CARTESIAN_POINT('Ctrl Pts',(257.892308787162,-105.362638175288,303.77042106514));
#10448=CARTESIAN_POINT('Ctrl Pts',(257.892304206665,-105.361784079256,303.783053319393));
#10449=CARTESIAN_POINT('Ctrl Pts',(257.892299612735,-105.362131514477,303.795777614815));
#10450=CARTESIAN_POINT('Ctrl Pts',(257.892297130807,-105.363649885804,303.808423184663));
#10451=CARTESIAN_POINT('Ctrl Pts',(257.892294513964,-105.365250794044,303.821756153099));
#10452=CARTESIAN_POINT('Ctrl Pts',(257.892294286444,-105.3681371397,303.834870491609));
#10453=CARTESIAN_POINT('Ctrl Pts',(257.892296397556,-105.372247511665,303.847569128411));
#10454=CARTESIAN_POINT('Ctrl Pts',(257.892298379447,-105.376106287339,303.859490480347));
#10455=CARTESIAN_POINT('Ctrl Pts',(257.892302387551,-105.381044569134,303.87104675));
#10456=CARTESIAN_POINT('Ctrl Pts',(257.892306512071,-105.387051133939,303.882061575164));
#10457=CARTESIAN_POINT('Ctrl Pts',(257.892309669077,-105.391648700675,303.890492582806));
#10458=CARTESIAN_POINT('Ctrl Pts',(257.892312814006,-105.396840617701,303.898546542402));
#10459=CARTESIAN_POINT('Ctrl Pts',(257.892314404531,-105.402610702786,303.906150639152));
#10460=CARTESIAN_POINT('Ctrl Pts',(257.892316607141,-105.410601306047,303.916681041981));
#10461=CARTESIAN_POINT('Ctrl Pts',(257.892315886252,-105.419699497596,303.926350815877));
#10462=CARTESIAN_POINT('Ctrl Pts',(257.892314922725,-105.42972004449,303.935076655797));
#10463=CARTESIAN_POINT('Ctrl Pts',(257.892314703306,-105.432001966958,303.937063741968));
#10464=CARTESIAN_POINT('Ctrl Pts',(257.892314464484,-105.434331864612,303.939001717887));
#10465=CARTESIAN_POINT('Ctrl Pts',(257.892314227406,-105.436707770731,303.940889299507));
#10466=CARTESIAN_POINT('Ctrl Pts',(257.892313180153,-105.447202938563,303.949227375556));
#10467=CARTESIAN_POINT('Ctrl Pts',(257.892312254231,-105.458497622725,303.956509523399));
#10468=CARTESIAN_POINT('Ctrl Pts',(257.892312199037,-105.470398312683,303.962656301875));
#10469=CARTESIAN_POINT('Ctrl Pts',(257.892312161171,-105.478562839503,303.96687332945));
#10470=CARTESIAN_POINT('Ctrl Pts',(257.892312487028,-105.487013560064,303.970555259715));
#10471=CARTESIAN_POINT('Ctrl Pts',(257.8923130981,-105.495694642066,303.973663930361));
#10472=CARTESIAN_POINT('Ctrl Pts',(257.892313978221,-105.508197937384,303.978141324668));
#10473=CARTESIAN_POINT('Ctrl Pts',(257.892315440414,-105.521074075734,303.981394138278));
#10474=CARTESIAN_POINT('Ctrl Pts',(257.892316579256,-105.534149167646,303.983328504085));
#10475=CARTESIAN_POINT('Ctrl Pts',(257.892317383792,-105.543386078244,303.984695038572));
#10476=CARTESIAN_POINT('Ctrl Pts',(257.892317996508,-105.552722912305,303.985402738926));
#10477=CARTESIAN_POINT('Ctrl Pts',(257.892317982646,-105.562100651658,303.985402857613));
#10478=CARTESIAN_POINT('Origin',(286.543674093724,-111.762657817283,303.985402857613));
#10479=CARTESIAN_POINT('',(286.543674093724,-111.762657817283,301.985402857613));
#10480=CARTESIAN_POINT('',(286.543674093724,-111.762657817283,303.985402857613));
#10481=CARTESIAN_POINT('',(286.543674093724,-91.6626578172827,301.985402857613));
#10482=CARTESIAN_POINT('',(286.543674093724,-91.6626578172827,301.985402857613));
#10483=CARTESIAN_POINT('',(286.543674093724,-91.6626578172827,303.985402857613));
#10484=CARTESIAN_POINT('Origin',(326.543674093724,-111.762657817283,303.985402857613));
#10485=CARTESIAN_POINT('',(326.543674093724,-111.762657817283,301.985402857613));
#10486=CARTESIAN_POINT('',(326.543674093724,-111.762657817283,303.985402857613));
#10487=CARTESIAN_POINT('',(286.543674093724,-111.762657817283,301.985402857613));
#10488=CARTESIAN_POINT('Ctrl Pts',(257.891887601348,-98.1491949965943,303.731340418748));
#10489=CARTESIAN_POINT('Ctrl Pts',(259.272474802827,-98.0823935042344,303.743544643846));
#10490=CARTESIAN_POINT('Ctrl Pts',(263.491633986549,-97.9550046133628,303.780921154239));
#10491=CARTESIAN_POINT('Ctrl Pts',(270.216539379356,-98.0450668412961,303.84064510599));
#10492=CARTESIAN_POINT('Ctrl Pts',(277.233057440813,-98.5997523086064,303.902391289599));
#10493=CARTESIAN_POINT('Ctrl Pts',(281.871268520549,-99.3803531162817,303.942590395571));
#10494=CARTESIAN_POINT('Ctrl Pts',(284.248271415298,-100.0326078071,303.962998073941));
#10495=CARTESIAN_POINT('Ctrl Pts',(285.513125857449,-100.567024261955,303.97379628637));
#10496=CARTESIAN_POINT('Ctrl Pts',(286.094121023538,-100.93713591125,303.978737751992));
#10497=CARTESIAN_POINT('Ctrl Pts',(286.309531693629,-101.193399076803,303.98056588791));
#10498=CARTESIAN_POINT('Ctrl Pts',(257.892731983204,-98.1657933503926,303.790535331805));
#10499=CARTESIAN_POINT('Ctrl Pts',(259.272884376732,-98.0945655712387,303.80180167596));
#10500=CARTESIAN_POINT('Ctrl Pts',(263.491346671196,-97.955190173091,303.834832381719));
#10501=CARTESIAN_POINT('Ctrl Pts',(270.216846646694,-98.0313558662426,303.882900289764));
#10502=CARTESIAN_POINT('Ctrl Pts',(277.2352515887,-98.5799830404582,303.928340237923));
#10503=CARTESIAN_POINT('Ctrl Pts',(281.875108594709,-99.3626262658552,303.956401420088));
#10504=CARTESIAN_POINT('Ctrl Pts',(284.253027919276,-100.018873236069,303.970342216775));
#10505=CARTESIAN_POINT('Ctrl Pts',(285.518392105246,-100.55731962459,303.977632517092));
#10506=CARTESIAN_POINT('Ctrl Pts',(286.099627696706,-100.93047440967,303.980948090097));
#10507=CARTESIAN_POINT('Ctrl Pts',(286.315129674137,-101.188921779361,303.982171680525));
#10508=CARTESIAN_POINT('Ctrl Pts',(257.891417245504,-98.1399490225624,303.92432381082));
#10509=CARTESIAN_POINT('Ctrl Pts',(259.271635369184,-98.0636416199546,303.928842802406));
#10510=CARTESIAN_POINT('Ctrl Pts',(263.490909347774,-97.911398672723,303.941316753482));
#10511=CARTESIAN_POINT('Ctrl Pts',(270.219228758756,-97.9777449939089,303.957258429075));
#10512=CARTESIAN_POINT('Ctrl Pts',(277.241353279214,-98.5292116511234,303.970453827555));
#10513=CARTESIAN_POINT('Ctrl Pts',(281.883847674991,-99.3230138009747,303.977974268986));
#10514=CARTESIAN_POINT('Ctrl Pts',(284.263143244794,-99.9898699929737,303.981591549439));
#10515=CARTESIAN_POINT('Ctrl Pts',(285.5292499862,-100.537394399422,303.983449046081));
#10516=CARTESIAN_POINT('Ctrl Pts',(286.110830561491,-100.916944027486,303.984284666103));
#10517=CARTESIAN_POINT('Ctrl Pts',(286.326463945383,-101.179856563147,303.984592555801));
#10518=CARTESIAN_POINT('Ctrl Pts',(257.885228456592,-98.0182935094604,303.985402857613));
#10519=CARTESIAN_POINT('Ctrl Pts',(259.267099132058,-97.9458379686769,303.985290461048));
#10520=CARTESIAN_POINT('Ctrl Pts',(263.490635157863,-97.8055424627618,303.985233957024));
#10521=CARTESIAN_POINT('Ctrl Pts',(270.223660751311,-97.8912770943445,303.985181845841));
#10522=CARTESIAN_POINT('Ctrl Pts',(277.249299938649,-98.4655583490251,303.985306302563));
#10523=CARTESIAN_POINT('Ctrl Pts',(281.893682615245,-99.2788331816245,303.98537082529));
#10524=CARTESIAN_POINT('Ctrl Pts',(284.27387171747,-99.9592212088696,303.985390649026));
#10525=CARTESIAN_POINT('Ctrl Pts',(285.540435649039,-100.5169140986,303.985397210318));
#10526=CARTESIAN_POINT('Ctrl Pts',(286.122224335575,-100.903204860626,303.985402976236));
#10527=CARTESIAN_POINT('Ctrl Pts',(286.337937371457,-101.170680050091,303.985402857613));
#10528=CARTESIAN_POINT('Ctrl Pts',(257.882104728274,-97.9568891253932,303.985402857613));
#10529=CARTESIAN_POINT('Ctrl Pts',(259.264823994287,-97.8865482304882,303.985402857613));
#10530=CARTESIAN_POINT('Ctrl Pts',(263.490519644625,-97.7525207315814,303.985402857613));
#10531=CARTESIAN_POINT('Ctrl Pts',(270.22589594514,-97.848137441899,303.985402857613));
#10532=CARTESIAN_POINT('Ctrl Pts',(277.253280472195,-98.4337878317913,303.985402857614));
#10533=CARTESIAN_POINT('Ctrl Pts',(281.898602158655,-99.2567627695504,303.985402857613));
#10534=CARTESIAN_POINT('Ctrl Pts',(284.279236610238,-99.9439045415124,303.985402857614));
#10535=CARTESIAN_POINT('Ctrl Pts',(285.546028693893,-100.506677341938,303.985402857613));
#10536=CARTESIAN_POINT('Ctrl Pts',(286.127921245194,-100.896335251992,303.985402857613));
#10537=CARTESIAN_POINT('Ctrl Pts',(286.343674093724,-101.166091786181,303.985402857613));
#10538=CARTESIAN_POINT('',(257.892318351751,-98.1491741565264,303.731344226243));
#10539=CARTESIAN_POINT('Ctrl Pts',(257.892318153173,-97.9563700444767,303.985402857613));
#10540=CARTESIAN_POINT('Ctrl Pts',(257.892318149933,-97.969684436594,303.98540267839));
#10541=CARTESIAN_POINT('Ctrl Pts',(257.892316811124,-97.9829081173718,303.983979044251));
#10542=CARTESIAN_POINT('Ctrl Pts',(257.892315434008,-97.9958728337677,303.981267972501));
#10543=CARTESIAN_POINT('Ctrl Pts',(257.892314110504,-98.0083328203857,303.978662445569));
#10544=CARTESIAN_POINT('Ctrl Pts',(257.892312816388,-98.0205548931456,303.974866763812));
#10545=CARTESIAN_POINT('Ctrl Pts',(257.892312221521,-98.032380621459,303.969957302339));
#10546=CARTESIAN_POINT('Ctrl Pts',(257.892311597424,-98.0447874138077,303.964806611622));
#10547=CARTESIAN_POINT('Ctrl Pts',(257.892311815033,-98.0566376516546,303.958480460315));
#10548=CARTESIAN_POINT('Ctrl Pts',(257.892312656966,-98.0677577237954,303.951089790966));
#10549=CARTESIAN_POINT('Ctrl Pts',(257.892313451403,-98.0782504666045,303.94411605989));
#10550=CARTESIAN_POINT('Ctrl Pts',(257.892314855863,-98.0880941755647,303.936193489726));
#10551=CARTESIAN_POINT('Ctrl Pts',(257.892315440058,-98.097118645967,303.92738040663));
#10552=CARTESIAN_POINT('Ctrl Pts',(257.892315879419,-98.1039057531868,303.92075227919));
#10553=CARTESIAN_POINT('Ctrl Pts',(257.89231584206,-98.1101817225079,303.913665713442));
#10554=CARTESIAN_POINT('Ctrl Pts',(257.892314162529,-98.1158827474372,303.906154187225));
#10555=CARTESIAN_POINT('Ctrl Pts',(257.892311806307,-98.1238807370509,303.89561623845));
#10556=CARTESIAN_POINT('Ctrl Pts',(257.892306337734,-98.1307495284765,303.884242507298));
#10557=CARTESIAN_POINT('Ctrl Pts',(257.892301894336,-98.1364574055772,303.87223357156));
#10558=CARTESIAN_POINT('Ctrl Pts',(257.892300842516,-98.1378085479344,303.869390871646));
#10559=CARTESIAN_POINT('Ctrl Pts',(257.892299837647,-98.1390944318143,303.866512478249));
#10560=CARTESIAN_POINT('Ctrl Pts',(257.892298914568,-98.1403142399655,303.863600907867));
#10561=CARTESIAN_POINT('Ctrl Pts',(257.892294997606,-98.1454903352243,303.851246042362));
#10562=CARTESIAN_POINT('Ctrl Pts',(257.892292816938,-98.1494331518129,303.838408599656));
#10563=CARTESIAN_POINT('Ctrl Pts',(257.892293467871,-98.1521170765682,303.825295686545));
#10564=CARTESIAN_POINT('Ctrl Pts',(257.892293911171,-98.1539448855271,303.816365518136));
#10565=CARTESIAN_POINT('Ctrl Pts',(257.89229562001,-98.155187886018,303.80730687741));
#10566=CARTESIAN_POINT('Ctrl Pts',(257.892298259107,-98.1558244624193,303.798182383705));
#10567=CARTESIAN_POINT('Ctrl Pts',(257.892302085485,-98.1567474227728,303.784952949002));
#10568=CARTESIAN_POINT('Ctrl Pts',(257.892307944755,-98.1563898995852,303.771696996173));
#10569=CARTESIAN_POINT('Ctrl Pts',(257.892312559118,-98.1547083378924,303.758606819571));
#10570=CARTESIAN_POINT('Ctrl Pts',(257.892315799266,-98.1535275662173,303.749415060613));
#10571=CARTESIAN_POINT('Ctrl Pts',(257.892318376652,-98.1516929812414,303.74030466997));
#10572=CARTESIAN_POINT('Ctrl Pts',(257.892318384315,-98.1491741534352,303.731344226819));
#10573=CARTESIAN_POINT('Ctrl Pts',(257.89231835161,-98.1491741550176,303.73134422653));
#10574=CARTESIAN_POINT('Ctrl Pts',(259.272767335198,-98.0823846720285,303.74354723532));
#10575=CARTESIAN_POINT('Ctrl Pts',(263.491773866601,-97.9550064866842,303.780922396515));
#10576=CARTESIAN_POINT('Ctrl Pts',(270.216539379356,-98.0450668412961,303.84064510599));
#10577=CARTESIAN_POINT('Ctrl Pts',(277.233057440813,-98.5997523086064,303.902391289599));
#10578=CARTESIAN_POINT('Ctrl Pts',(281.871268520549,-99.3803531162817,303.942590395571));
#10579=CARTESIAN_POINT('Ctrl Pts',(284.248271415298,-100.0326078071,303.962998073941));
#10580=CARTESIAN_POINT('Ctrl Pts',(285.513125857449,-100.567024261955,303.97379628637));
#10581=CARTESIAN_POINT('Ctrl Pts',(286.094121023538,-100.93713591125,303.978737751992));
#10582=CARTESIAN_POINT('Ctrl Pts',(286.309531693629,-101.193399076803,303.98056588791));
#10583=CARTESIAN_POINT('Origin',(257.892307523923,-101.762659286646,317.759250475337));
#10584=CARTESIAN_POINT('Origin',(257.892319170049,-101.75925070397,302.716530445749));
#10585=CARTESIAN_POINT('',(257.892318426083,-96.4620270377224,303.677474383471));
#10586=CARTESIAN_POINT('',(257.892312231503,-99.7762351100749,311.678704806793));
#10587=CARTESIAN_POINT('',(257.892320217368,-96.4644531890008,301.363760902213));
#10588=CARTESIAN_POINT('',(257.892311735571,-96.4529652780838,312.319274928214));
#10589=CARTESIAN_POINT('',(257.892321624102,-97.2170813566554,299.546753096219));
#10590=CARTESIAN_POINT('',(257.892315420779,-93.8981908340956,307.559275409225));
#10591=CARTESIAN_POINT('',(257.892322755179,-98.6566868294995,298.085796214244));
#10592=CARTESIAN_POINT('',(257.892318386165,-93.0959225400201,303.729034595179));
#10593=CARTESIAN_POINT('',(257.892318165784,-91.6810167498818,304.013690150897));
#10594=CARTESIAN_POINT('',(257.892321761023,-106.234992289444,299.369898208343));
#10595=CARTESIAN_POINT('Ctrl Pts',(257.892322832904,-104.863904012733,297.985402857613));
#10596=CARTESIAN_POINT('Ctrl Pts',(257.892322296898,-105.549532764999,298.67773558713));
#10597=CARTESIAN_POINT('Ctrl Pts',(257.892321761023,-106.234992289444,299.369898208343));
#10598=CARTESIAN_POINT('',(257.892320217368,-107.060875802534,301.363760609334));
#10599=CARTESIAN_POINT('',(257.89231542078,-109.627137387034,307.559274145252));
#10600=CARTESIAN_POINT('',(257.892318426083,-107.063302932337,303.677473901608));
#10601=CARTESIAN_POINT('',(257.892311735571,-107.072368348208,312.3192750851));
#10602=CARTESIAN_POINT('',(257.892312231501,-103.749094243351,311.67870696151));
#10603=CARTESIAN_POINT('Ctrl Pts',(257.017228428628,-105.370752467056,303.57804667206));
#10604=CARTESIAN_POINT('Ctrl Pts',(257.451711742016,-106.086805770533,301.104349074067));
#10605=CARTESIAN_POINT('Ctrl Pts',(257.707994035926,-103.922967310096,299.621216244059));
#10606=CARTESIAN_POINT('Ctrl Pts',(257.964276329836,-101.759128849658,298.138083414051));
#10607=CARTESIAN_POINT('Ctrl Pts',(257.701166442542,-99.5961382458206,299.620024810107));
#10608=CARTESIAN_POINT('Ctrl Pts',(257.438056555248,-97.4331476419833,301.101966206164));
#10609=CARTESIAN_POINT('Ctrl Pts',(257.005835291319,-98.1506157553539,303.576058538051));
#10610=CARTESIAN_POINT('Ctrl Pts',(285.512393267232,-105.324413576976,308.569559187296));
#10611=CARTESIAN_POINT('Ctrl Pts',(285.946876580619,-106.040466880453,306.095861589303));
#10612=CARTESIAN_POINT('Ctrl Pts',(286.203158874529,-103.876628420016,304.612728759295));
#10613=CARTESIAN_POINT('Ctrl Pts',(286.459441168439,-101.712789959578,303.129595929287));
#10614=CARTESIAN_POINT('Ctrl Pts',(286.196331281145,-99.5497993557406,304.611537325343));
#10615=CARTESIAN_POINT('Ctrl Pts',(285.933221393852,-97.3868087519033,306.0934787214));
#10616=CARTESIAN_POINT('Ctrl Pts',(285.501000129922,-98.1042768652738,308.567571053287));
#10617=CARTESIAN_POINT('Origin',(357.952986699128,-101.754296193552,298.199625058625));
#10618=CARTESIAN_POINT('',(355.302986699128,-101.754296193552,298.413847259636));
#10619=CARTESIAN_POINT('',(355.152986699128,-101.754296193552,298.199625058625));
#10620=CARTESIAN_POINT('Origin',(357.952986699128,-101.754296193552,298.413847259636));
#10621=CARTESIAN_POINT('Origin',(357.952986699128,-101.754296193552,297.985402857613));
#10622=CARTESIAN_POINT('',(355.302986699128,-101.754296193552,300.585402857613));
#10623=CARTESIAN_POINT('',(355.302986699128,-101.754296193552,297.985402857613));
#10624=CARTESIAN_POINT('Origin',(357.952986699128,-101.754296193552,300.585402857613));
#10625=CARTESIAN_POINT('Origin',(272.953747706881,-108.763530296762,298.199625058625));
#10626=CARTESIAN_POINT('',(270.303747706881,-108.763530296762,298.413847259636));
#10627=CARTESIAN_POINT('',(270.153747706881,-108.763530296762,298.199625058625));
#10628=CARTESIAN_POINT('Origin',(272.953747706881,-108.763530296762,298.413847259636));
#10629=CARTESIAN_POINT('Origin',(272.953747706881,-108.763530296762,297.985402857613));
#10630=CARTESIAN_POINT('',(270.303747706881,-108.763530296762,300.585402857613));
#10631=CARTESIAN_POINT('',(270.303747706881,-108.763530296762,297.985402857613));
#10632=CARTESIAN_POINT('Origin',(272.953747706881,-108.763530296762,300.585402857613));
#10633=CARTESIAN_POINT('Origin',(272.95222678896,-94.7635303793758,298.199625058625));
#10634=CARTESIAN_POINT('',(270.30222678896,-94.7635303793758,298.413847259636));
#10635=CARTESIAN_POINT('',(270.15222678896,-94.7635303793758,298.199625058625));
#10636=CARTESIAN_POINT('Origin',(272.95222678896,-94.7635303793758,298.413847259636));
#10637=CARTESIAN_POINT('Origin',(272.95222678896,-94.7635303793758,297.985402857613));
#10638=CARTESIAN_POINT('',(270.30222678896,-94.7635303793758,300.585402857613));
#10639=CARTESIAN_POINT('',(270.30222678896,-94.7635303793758,297.985402857613));
#10640=CARTESIAN_POINT('Origin',(272.95222678896,-94.7635303793758,300.585402857613));
#10641=CARTESIAN_POINT('Origin',(272.95222678896,-94.7635303793758,300.585402857613));
#10642=CARTESIAN_POINT('Origin',(272.953747706881,-108.763530296762,300.585402857613));
#10643=CARTESIAN_POINT('Origin',(357.952986699128,-101.754296193552,300.585402857613));
#10644=CARTESIAN_POINT('Origin',(328.443674093724,-101.446942909188,300.985402857613));
#10645=CARTESIAN_POINT('',(325.443674093724,-102.562657817283,300.985402857613));
#10646=CARTESIAN_POINT('Origin',(328.443674093724,-102.562657817282,300.985402857613));
#10647=CARTESIAN_POINT('',(325.443674093724,-100.962657817283,300.985402857613));
#10648=CARTESIAN_POINT('',(325.443674093724,-101.446942909188,300.985402857613));
#10649=CARTESIAN_POINT('Origin',(328.443674093724,-100.962657817282,300.985402857613));
#10650=CARTESIAN_POINT('Origin',(317.443674093724,-100.962657817283,300.985402857613));
#10651=CARTESIAN_POINT('',(317.443674093724,-92.9626578172827,300.985402857613));
#10652=CARTESIAN_POINT('Origin',(317.443674093724,-89.9626578172827,300.985402857613));
#10653=CARTESIAN_POINT('Origin',(317.443674093724,-100.962657817283,300.985402857613));
#10654=CARTESIAN_POINT('Origin',(335.038656780056,-89.9626578172827,300.985402857613));
#10655=CARTESIAN_POINT('',(295.743674093724,-92.9626578172827,300.985402857613));
#10656=CARTESIAN_POINT('Origin',(295.743674093724,-89.9626578172827,300.985402857613));
#10657=CARTESIAN_POINT('',(335.038656780056,-92.9626578172827,300.985402857613));
#10658=CARTESIAN_POINT('Origin',(295.743674093724,-100.962657817283,300.985402857613));
#10659=CARTESIAN_POINT('',(287.743674093724,-100.962657817283,300.985402857613));
#10660=CARTESIAN_POINT('Origin',(284.743674093724,-100.962657817283,300.985402857613));
#10661=CARTESIAN_POINT('Origin',(295.743674093724,-100.962657817283,300.985402857613));
#10662=CARTESIAN_POINT('Origin',(284.743674093724,-102.246942909185,300.985402857613));
#10663=CARTESIAN_POINT('',(287.743674093724,-102.562657817283,300.985402857613));
#10664=CARTESIAN_POINT('Origin',(284.743674093724,-102.562657817282,300.985402857613));
#10665=CARTESIAN_POINT('',(287.743674093724,-102.246942909185,300.985402857613));
#10666=CARTESIAN_POINT('Origin',(295.743674093724,-102.562657817283,300.985402857613));
#10667=CARTESIAN_POINT('',(295.743674093724,-110.562657817283,300.985402857613));
#10668=CARTESIAN_POINT('Origin',(295.743674093724,-113.562657817283,300.985402857613));
#10669=CARTESIAN_POINT('Origin',(295.743674093724,-102.562657817283,300.985402857613));
#10670=CARTESIAN_POINT('Origin',(345.888656780056,-113.562657817283,300.985402857613));
#10671=CARTESIAN_POINT('',(317.443674093724,-110.562657817283,300.985402857613));
#10672=CARTESIAN_POINT('Origin',(317.443674093724,-113.562657817283,300.985402857613));
#10673=CARTESIAN_POINT('',(345.888656780056,-110.562657817283,300.985402857613));
#10674=CARTESIAN_POINT('Origin',(317.443674093724,-102.562657817283,300.985402857613));
#10675=CARTESIAN_POINT('Origin',(317.443674093724,-102.562657817283,300.985402857613));
#10676=CARTESIAN_POINT('Origin',(295.743674093724,-100.962657817283,303.985402857613));
#10677=CARTESIAN_POINT('',(295.743674093724,-92.9626578172827,301.685402857613));
#10678=CARTESIAN_POINT('',(295.743674093724,-92.9626578172827,303.985402857613));
#10679=CARTESIAN_POINT('',(287.743674093724,-100.962657817283,301.685402857613));
#10680=CARTESIAN_POINT('Origin',(295.743674093724,-100.962657817283,301.685402857613));
#10681=CARTESIAN_POINT('',(287.743674093724,-100.962657817283,303.985402857613));
#10682=CARTESIAN_POINT('Origin',(295.743674093724,-92.9626578172827,303.985402857613));
#10683=CARTESIAN_POINT('',(317.443674093724,-92.9626578172827,301.685402857613));
#10684=CARTESIAN_POINT('',(317.443674093724,-92.9626578172827,303.985402857613));
#10685=CARTESIAN_POINT('',(301.143674093724,-92.9626578172827,301.685402857613));
#10686=CARTESIAN_POINT('Origin',(317.443674093724,-100.962657817283,303.985402857613));
#10687=CARTESIAN_POINT('',(325.443674093724,-100.962657817283,301.685402857613));
#10688=CARTESIAN_POINT('',(325.443674093724,-100.962657817283,303.985402857613));
#10689=CARTESIAN_POINT('Origin',(317.443674093724,-100.962657817283,301.685402857613));
#10690=CARTESIAN_POINT('Origin',(325.443674093724,-100.962657817283,303.985402857613));
#10691=CARTESIAN_POINT('',(325.443674093724,-102.562657817283,301.685402857613));
#10692=CARTESIAN_POINT('',(325.443674093724,-102.562657817283,303.985402857613));
#10693=CARTESIAN_POINT('',(325.443674093724,-101.337657817282,301.685402857613));
#10694=CARTESIAN_POINT('Origin',(325.743674093724,-101.337657817282,301.685402857613));
#10695=CARTESIAN_POINT('',(325.743674093724,-102.562657817283,301.985402857613));
#10696=CARTESIAN_POINT('Origin',(325.743674093724,-102.562657817283,301.685402857613));
#10697=CARTESIAN_POINT('',(325.743674093724,-100.962657817283,301.985402857613));
#10698=CARTESIAN_POINT('',(325.743674093724,-101.337657817282,301.985402857613));
#10699=CARTESIAN_POINT('Origin',(325.743674093724,-100.962657817283,301.685402857613));
#10700=CARTESIAN_POINT('Origin',(317.443674093724,-100.962657817283,301.685402857613));
#10701=CARTESIAN_POINT('',(317.443674093724,-92.6626578172826,301.985402857613));
#10702=CARTESIAN_POINT('Origin',(317.443674093724,-92.6626578172826,301.685402857613));
#10703=CARTESIAN_POINT('Origin',(317.443674093724,-100.962657817283,301.985402857613));
#10704=CARTESIAN_POINT('Origin',(301.143674093724,-92.6626578172826,301.685402857613));
#10705=CARTESIAN_POINT('',(295.743674093724,-92.6626578172826,301.985402857613));
#10706=CARTESIAN_POINT('Origin',(295.743674093724,-92.6626578172826,301.685402857613));
#10707=CARTESIAN_POINT('',(301.143674093724,-92.6626578172826,301.985402857613));
#10708=CARTESIAN_POINT('Origin',(295.743674093724,-100.962657817283,301.685402857613));
#10709=CARTESIAN_POINT('',(287.443674093724,-100.962657817283,301.985402857613));
#10710=CARTESIAN_POINT('Origin',(287.443674093724,-100.962657817283,301.685402857613));
#10711=CARTESIAN_POINT('Origin',(295.743674093724,-100.962657817283,301.985402857613));
#10712=CARTESIAN_POINT('Origin',(287.443674093724,-102.137657817282,301.685402857613));
#10713=CARTESIAN_POINT('',(287.443674093724,-102.562657817283,301.985402857613));
#10714=CARTESIAN_POINT('',(287.743674093724,-102.562657817283,301.685402857613));
#10715=CARTESIAN_POINT('Origin',(287.443674093724,-102.562657817283,301.685402857613));
#10716=CARTESIAN_POINT('',(287.743674093724,-102.137657817282,301.685402857613));
#10717=CARTESIAN_POINT('',(287.443674093724,-102.137657817282,301.985402857613));
#10718=CARTESIAN_POINT('Origin',(295.743674093724,-102.562657817283,301.685402857613));
#10719=CARTESIAN_POINT('',(295.743674093724,-110.862657817283,301.985402857613));
#10720=CARTESIAN_POINT('',(295.743674093724,-110.562657817283,301.685402857613));
#10721=CARTESIAN_POINT('Origin',(295.743674093724,-110.862657817283,301.685402857613));
#10722=CARTESIAN_POINT('Origin',(295.743674093724,-102.562657817283,301.685402857613));
#10723=CARTESIAN_POINT('Origin',(295.743674093724,-102.562657817283,301.985402857613));
#10724=CARTESIAN_POINT('Origin',(311.993674093724,-110.862657817283,301.685402857613));
#10725=CARTESIAN_POINT('',(317.443674093724,-110.862657817283,301.985402857613));
#10726=CARTESIAN_POINT('',(317.443674093724,-110.562657817283,301.685402857613));
#10727=CARTESIAN_POINT('Origin',(317.443674093724,-110.862657817283,301.685402857613));
#10728=CARTESIAN_POINT('',(311.993674093724,-110.562657817283,301.685402857613));
#10729=CARTESIAN_POINT('',(311.993674093724,-110.862657817283,301.985402857613));
#10730=CARTESIAN_POINT('Origin',(317.443674093724,-102.562657817283,301.685402857613));
#10731=CARTESIAN_POINT('Origin',(317.443674093724,-102.562657817283,301.685402857613));
#10732=CARTESIAN_POINT('Origin',(317.443674093724,-102.562657817283,301.985402857613));
#10733=CARTESIAN_POINT('Origin',(295.743674093724,-102.562657817283,303.985402857613));
#10734=CARTESIAN_POINT('',(287.743674093724,-102.562657817283,303.985402857613));
#10735=CARTESIAN_POINT('',(295.743674093724,-110.562657817283,303.985402857613));
#10736=CARTESIAN_POINT('Origin',(317.443674093724,-110.562657817283,303.985402857613));
#10737=CARTESIAN_POINT('',(317.443674093724,-110.562657817283,303.985402857613));
#10738=CARTESIAN_POINT('Origin',(317.443674093724,-102.562657817283,303.985402857613));
#10739=CARTESIAN_POINT('Origin',(306.543674093724,-101.712657817283,301.985402857613));
#10740=CARTESIAN_POINT('',(326.543674093724,-91.6626578172827,301.985402857613));
#10741=CARTESIAN_POINT('',(326.543674093724,-111.762657817283,301.985402857613));
#10742=CARTESIAN_POINT('',(326.543674093724,-91.6626578172827,301.985402857613));
#10743=CARTESIAN_POINT('Origin',(290.567499085381,-80.6877987138314,301.246160653583));
#10744=CARTESIAN_POINT('Ctrl Pts',(295.379612500012,-77.993144820077,303.985402857613));
#10745=CARTESIAN_POINT('Ctrl Pts',(295.372602283026,-79.9646408938944,301.985402857613));
#10746=CARTESIAN_POINT('Ctrl Pts',(295.36559206604,-81.9361369677117,299.985402857613));
#10747=CARTESIAN_POINT('Ctrl Pts',(295.358581849053,-83.9076330415291,297.985402857613));
#10748=CARTESIAN_POINT('',(286.044411684085,-80.4959992212194,301.435430963661));
#10749=CARTESIAN_POINT('Origin',(364.643129114424,-112.157422867604,298.751212075702));
#10750=CARTESIAN_POINT('',(377.839333596265,-111.060506324983,300.278545082993));
#10751=CARTESIAN_POINT('',(377.771956478784,-109.8095275333,299.007192975891));
#10752=CARTESIAN_POINT('',(377.697690102604,-111.098650137271,300.276995939285));
#10753=CARTESIAN_POINT('Ctrl Pts',(377.840460025814,-111.066186448358,300.272853453127));
#10754=CARTESIAN_POINT('Ctrl Pts',(377.792870051411,-111.077007677995,300.274234281846));
#10755=CARTESIAN_POINT('Ctrl Pts',(377.745280077007,-111.087828907633,300.275615110565));
#10756=CARTESIAN_POINT('Ctrl Pts',(377.697690102604,-111.098650137271,300.276995939285));
#10757=CARTESIAN_POINT('Ctrl Pts',(377.697690102604,-111.098650137271,300.276995939285));
#10758=CARTESIAN_POINT('Ctrl Pts',(364.591904263499,-112.932256653097,299.513131578728));
#10759=CARTESIAN_POINT('Ctrl Pts',(351.486118424395,-114.765863168922,298.74926721817));
#10760=CARTESIAN_POINT('Ctrl Pts',(338.38033258529,-116.599469684748,297.985402857613));
#10761=CARTESIAN_POINT('Origin',(324.066580697015,-83.2940513205412,300.611124630125));
#10762=CARTESIAN_POINT('Ctrl Pts',(338.441647501138,-80.9258450405201,303.985402857613));
#10763=CARTESIAN_POINT('Ctrl Pts',(338.421207797133,-82.9258431760697,301.985402857613));
#10764=CARTESIAN_POINT('Ctrl Pts',(338.400768093128,-84.9258413116192,299.985402857613));
#10765=CARTESIAN_POINT('Ctrl Pts',(338.380328389123,-86.9258394471688,297.985402857613));
#10766=CARTESIAN_POINT('Ctrl Pts',(295.358581849053,-83.9076330415291,297.985402857613));
#10767=CARTESIAN_POINT('Ctrl Pts',(306.302175963516,-82.6739528094317,299.985402857613));
#10768=CARTESIAN_POINT('Ctrl Pts',(317.245770077978,-81.4402725773342,301.985402857613));
#10769=CARTESIAN_POINT('Ctrl Pts',(328.189364192441,-80.2065923452368,303.985402857613));
#10770=CARTESIAN_POINT('Origin',(351.546315658206,-86.1383919946236,301.376933848214));
#10771=CARTESIAN_POINT('',(377.753713569885,-92.428829022506,300.270933127554));
#10772=CARTESIAN_POINT('',(355.225053278323,-84.7542378265621,303.486347258755));
#10773=CARTESIAN_POINT('Ctrl Pts',(377.772242444302,-92.4370812148756,300.281341675286));
#10774=CARTESIAN_POINT('Ctrl Pts',(364.641604425909,-90.60000062564,299.516028736062));
#10775=CARTESIAN_POINT('Ctrl Pts',(351.510966407516,-88.7629200364044,298.750715796838));
#10776=CARTESIAN_POINT('Ctrl Pts',(338.380328389123,-86.9258394471688,297.985402857613));
#10777=CARTESIAN_POINT('Origin',(281.343080222721,-81.4521130474292,303.017447538527));
#10778=CARTESIAN_POINT('',(267.685325261071,-86.2005760423226,303.299263512444));
#10779=CARTESIAN_POINT('',(274.617134482472,-84.9937338024848,300.522582920048));
#10780=CARTESIAN_POINT('',(279.053844835326,-81.303268254737,305.132671651146));
#10781=CARTESIAN_POINT('Origin',(381.999708068485,-106.556683388539,307.794754985324));
#10782=CARTESIAN_POINT('',(389.935652877888,-102.96344085481,301.906199231508));
#10783=CARTESIAN_POINT('Ctrl Pts',(385.857204094708,-105.731574560158,303.985402857613));
#10784=CARTESIAN_POINT('Ctrl Pts',(387.216476247476,-104.809265112516,303.292176530017));
#10785=CARTESIAN_POINT('Ctrl Pts',(388.575748400245,-103.886955664874,302.598950202421));
#10786=CARTESIAN_POINT('Ctrl Pts',(389.935020553013,-102.964646217232,301.905723874825));
#10787=CARTESIAN_POINT('',(384.345949100537,-104.218460992694,307.365096343914));
#10788=CARTESIAN_POINT('Origin',(268.780038090661,-89.6627037835004,299.756689742557));
#10789=CARTESIAN_POINT('Ctrl Pts',(257.892322755179,-98.6566868294995,298.085796214244));
#10790=CARTESIAN_POINT('Ctrl Pts',(261.15665692381,-94.5046499004405,299.823618646977));
#10791=CARTESIAN_POINT('Ctrl Pts',(264.42099109244,-90.3526129713815,301.561441079711));
#10792=CARTESIAN_POINT('Ctrl Pts',(267.685325261071,-86.2005760423226,303.299263512444));
#10793=CARTESIAN_POINT('Origin',(381.729315459842,-107.967601703791,298.943183262499));
#10794=CARTESIAN_POINT('',(389.620314491573,-104.039240242164,298.562199289877));
#10795=CARTESIAN_POINT('',(383.892903143298,-107.453326927882,299.396695147618));
#10796=CARTESIAN_POINT('',(383.584586508637,-106.453304658928,298.268006832324));
#10797=CARTESIAN_POINT('Origin',(309.737427826836,-79.0736969224495,303.871882426095));
#10798=CARTESIAN_POINT('Origin',(382.001909657433,-96.9406337253136,307.790142086498));
#10799=CARTESIAN_POINT('',(389.948403466412,-100.48076507823,301.887721731945));
#10800=CARTESIAN_POINT('',(384.352773659592,-99.2632496444839,307.354534114847));
#10801=CARTESIAN_POINT('Ctrl Pts',(389.94631960006,-100.47988815227,301.889495384049));
#10802=CARTESIAN_POINT('Ctrl Pts',(388.578782504158,-99.5620673018678,302.588131208571));
#10803=CARTESIAN_POINT('Ctrl Pts',(387.211245408256,-98.6442464514658,303.286767033092));
#10804=CARTESIAN_POINT('Ctrl Pts',(385.843708312353,-97.7264256010638,303.985402857613));
#10805=CARTESIAN_POINT('Origin',(382.088669606164,-101.92738177795,309.722750524036));
#10806=CARTESIAN_POINT('',(390.050238522327,-102.254814337469,302.255061173947));
#10807=CARTESIAN_POINT('',(384.268377792521,-103.889553306582,307.678256055551));
#10808=CARTESIAN_POINT('Ctrl Pts',(390.048143865967,-102.244112359509,302.257025892604));
#10809=CARTESIAN_POINT('Ctrl Pts',(389.433915837505,-102.021021166152,302.833151547607));
#10810=CARTESIAN_POINT('Ctrl Pts',(388.819687809042,-101.797929972796,303.40927720261));
#10811=CARTESIAN_POINT('Ctrl Pts',(388.205459780579,-101.574838779439,303.985402857613));
#10812=CARTESIAN_POINT('Origin',(364.643136108035,-91.3678873133543,298.751212075702));
#10813=CARTESIAN_POINT('',(377.751573202497,-94.470127373383,298.249804354777));
#10814=CARTESIAN_POINT('',(377.753727977275,-92.4150884929698,300.284537890222));
#10815=CARTESIAN_POINT('',(377.753727977275,-92.4150884929698,300.284537890222));
#10816=CARTESIAN_POINT('Origin',(393.067151905559,-101.762762501944,299.364817691353));
#10817=CARTESIAN_POINT('Origin',(392.995087618725,-101.719062267576,299.301069184704));
#10818=CARTESIAN_POINT('',(389.850746811962,-103.779800729116,301.180656498047));
#10819=CARTESIAN_POINT('Origin',(393.069880167984,-101.765070988662,299.367095896849));
#10820=CARTESIAN_POINT('',(389.695014610234,-104.184482081533,300.106594168476));
#10821=CARTESIAN_POINT('Origin',(393.081577282534,-101.781573657267,299.369797088213));
#10822=CARTESIAN_POINT('',(389.698038134972,-104.181776034177,300.077854464313));
#10823=CARTESIAN_POINT('Origin',(393.259163616377,-102.094108864555,299.353819429538));
#10824=CARTESIAN_POINT('',(397.129025531382,-101.09019287544,300.236487498811));
#10825=CARTESIAN_POINT('Origin',(393.067151905559,-101.762762501944,299.364817691353));
#10826=CARTESIAN_POINT('',(389.633339105573,-104.195837573678,299.371949159696));
#10827=CARTESIAN_POINT('Origin',(393.259163616377,-102.094108864555,299.353819429538));
#10828=CARTESIAN_POINT('Origin',(393.269453636868,-102.119808431635,299.293162387052));
#10829=CARTESIAN_POINT('',(389.415822125399,-103.440630197043,298.114407221891));
#10830=CARTESIAN_POINT('Origin',(393.31319134346,-102.280029495878,298.559847360784));
#10831=CARTESIAN_POINT('Origin',(393.215289518759,-102.059058798104,298.252383513683));
#10832=CARTESIAN_POINT('',(389.353029812286,-100.280222431233,298.053960138878));
#10833=CARTESIAN_POINT('Origin',(393.148552442127,-101.607564402019,298.13787316388));
#10834=CARTESIAN_POINT('',(389.61966154845,-99.4875922853893,298.560384786612));
#10835=CARTESIAN_POINT('Origin',(393.287535397926,-101.311662464542,298.542747273787));
#10836=CARTESIAN_POINT('',(389.633419965127,-99.3295684190157,299.370016147332));
#10837=CARTESIAN_POINT('Ctrl Pts',(389.620620685331,-99.48566247161,298.560321881714));
#10838=CARTESIAN_POINT('Ctrl Pts',(389.62039056205,-99.4648231899983,298.620292679923));
#10839=CARTESIAN_POINT('Ctrl Pts',(389.620483105618,-99.445907711909,298.680961084804));
#10840=CARTESIAN_POINT('Ctrl Pts',(389.622085673685,-99.3752374213088,298.936951215995));
#10841=CARTESIAN_POINT('Ctrl Pts',(389.626243069747,-99.3422224074019,299.137283830046));
#10842=CARTESIAN_POINT('Ctrl Pts',(389.632704093573,-99.3306094780408,299.347374382201));
#10843=CARTESIAN_POINT('Ctrl Pts',(389.633058909704,-99.3300537618425,299.358698508714));
#10844=CARTESIAN_POINT('Ctrl Pts',(389.633419965127,-99.3295684190157,299.370016147331));
#10845=CARTESIAN_POINT('',(389.695070861581,-99.3408461326578,300.106582369349));
#10846=CARTESIAN_POINT('Origin',(393.259264358451,-101.431241847951,299.353813779286));
#10847=CARTESIAN_POINT('',(389.850827839207,-99.745548819192,301.18060511454));
#10848=CARTESIAN_POINT('Origin',(393.081681297785,-101.743815770001,299.369833070782));
#10849=CARTESIAN_POINT('Origin',(393.07132800929,-101.759044042099,299.368107097237));
#10850=CARTESIAN_POINT('',(390.007315016319,-101.145703068085,302.187513455019));
#10851=CARTESIAN_POINT('Origin',(392.982412226349,-101.805125517991,299.287516352273));
#10852=CARTESIAN_POINT('Origin',(393.019157831535,-101.767664518345,299.31554769525));
#10853=CARTESIAN_POINT('Origin',(381.817737090701,-108.7860774509,302.799967940004));
#10854=CARTESIAN_POINT('Origin',(7338.46785635174,3923.67072539055,375.976908839586));
#10855=CARTESIAN_POINT('Ctrl Pts',(377.839502708205,-111.060455190162,300.282217922404));
#10856=CARTESIAN_POINT('Ctrl Pts',(381.788801576128,-108.769952908234,300.224211710208));
#10857=CARTESIAN_POINT('Ctrl Pts',(385.738100444051,-106.479450626306,300.166205498013));
#10858=CARTESIAN_POINT('Ctrl Pts',(389.687399311974,-104.188948344378,300.108199285817));
#10859=CARTESIAN_POINT('',(384.265332045574,-107.379295679307,303.763510472736));
#10860=CARTESIAN_POINT('Origin',(381.817731495812,-94.7392204038185,302.799967940004));
#10861=CARTESIAN_POINT('',(384.265327131357,-96.1460005232904,303.763511168082));
#10862=CARTESIAN_POINT('Ctrl Pts',(389.687399311974,-99.3363468877358,300.108199285817));
#10863=CARTESIAN_POINT('Ctrl Pts',(385.724195118859,-97.037782946416,300.166409694505));
#10864=CARTESIAN_POINT('Ctrl Pts',(381.760990925744,-94.7392190050962,300.224620103192));
#10865=CARTESIAN_POINT('Ctrl Pts',(377.797786732629,-92.4406550637764,300.28283051188));
#10866=CARTESIAN_POINT('',(377.950982403205,-92.4565124222589,305.994960750897));
#10867=CARTESIAN_POINT('Origin',(386.038104776655,-103.614086087732,305.866509599836));
#10868=CARTESIAN_POINT('Origin',(260.393796940758,-94.8921904913468,300.008911942792));
#10869=CARTESIAN_POINT('',(260.051219372646,-94.7884589031563,300.374005550042));
#10870=CARTESIAN_POINT('Origin',(385.601843281701,-105.419664672204,298.220373864076));
#10871=CARTESIAN_POINT('',(385.528472813169,-105.22275396924,298.071415037051));
#10872=CARTESIAN_POINT('Origin',(385.708090229943,-106.488697090932,299.920845805955));
#10873=CARTESIAN_POINT('',(385.710628467249,-106.479027662514,299.673846898939));
#10874=CARTESIAN_POINT('Origin',(385.837052428836,-97.175193515607,303.098283417376));
#10875=CARTESIAN_POINT('',(385.924784363594,-97.332037931118,303.436642145894));
#10876=CARTESIAN_POINT('Origin',(385.708087432498,-97.036599539904,299.920845805955));
#10877=CARTESIAN_POINT('Ctrl Pts',(389.633419965125,-99.3295684190144,299.370016147331));
#10878=CARTESIAN_POINT('Ctrl Pts',(388.618552875284,-98.7501549910355,299.108192225455));
#10879=CARTESIAN_POINT('Ctrl Pts',(377.774636802048,-92.4271565435768,300.285343099781));
#10880=CARTESIAN_POINT('Origin',(385.923359191532,-97.5563739371183,303.692048783453));
#10881=CARTESIAN_POINT('Origin',(386.072325917199,-100.437816234617,305.950170242142));
#10882=CARTESIAN_POINT('',(386.079473758724,-100.076268616078,305.907236072094));
#10883=CARTESIAN_POINT('Origin',(385.6919209998,-106.435716373909,299.40521818335));
#10884=CARTESIAN_POINT('Origin',(386.026696797326,-99.8454964589956,305.838622748208));
#10885=CARTESIAN_POINT('Origin',(385.460614287967,-98.6000424277666,298.008249866815));
#10886=CARTESIAN_POINT('',(385.49591108891,-98.4373757995439,298.031167553416));
#10887=CARTESIAN_POINT('Origin',(385.460614287967,-98.6000424277666,298.008249866815));
#10888=CARTESIAN_POINT('Origin',(401.354564431244,-110.179547307775,297.598010386282));
#10889=CARTESIAN_POINT('Origin',(385.481041228885,-105.084979660499,298.02840267728));
#10890=CARTESIAN_POINT('Origin',(385.837058023726,-106.350102634418,303.098283417376));
#10891=CARTESIAN_POINT('',(385.928404824786,-106.191037491373,303.43456652927));
#10892=CARTESIAN_POINT('Origin',(385.921160400028,-105.940942083983,303.69666168228));
#10893=CARTESIAN_POINT('Origin',(358.637108021691,-85.8843147126717,309.754658037972));
#10894=CARTESIAN_POINT('Origin',(388.113272841539,-102.290716842123,299.52309003946));
#10895=CARTESIAN_POINT('',(389.638891621545,-99.4952893010659,298.561316418004));
#10896=CARTESIAN_POINT('Origin',(385.580154693241,-98.1704550019783,298.200221053612));
#10897=CARTESIAN_POINT('Origin',(276.917282188053,-82.2214753699186,309.151464592767));
#10898=CARTESIAN_POINT('',(267.681121290996,-86.2000350569571,308.012609653523));
#10899=CARTESIAN_POINT('Origin',(276.917288307463,-121.303850546666,309.151464592767));
#10900=CARTESIAN_POINT('',(267.683542498932,-117.321750385745,303.293043191116));
#10901=CARTESIAN_POINT('',(267.681127417756,-117.325294677867,308.012608393849));
#10902=CARTESIAN_POINT('',(279.053852140652,-122.222056747778,305.132671510551));
#10903=CARTESIAN_POINT('Origin',(281.343087740853,-122.073212169795,303.017447538527));
#10904=CARTESIAN_POINT('Origin',(321.383254444228,-284.64285442637,627.570692922315));
#10905=CARTESIAN_POINT('',(286.044418484083,-123.029324751778,301.435430930323));
#10906=CARTESIAN_POINT('Origin',(290.567505379632,-122.837522656906,301.246160653583));
#10907=CARTESIAN_POINT('Ctrl Pts',(295.358586569741,-119.617685531763,297.985402857613));
#10908=CARTESIAN_POINT('Ctrl Pts',(295.365597430162,-121.589181605581,299.985402857613));
#10909=CARTESIAN_POINT('Ctrl Pts',(295.372608290583,-123.560677679398,301.985402857613));
#10910=CARTESIAN_POINT('Ctrl Pts',(295.379619151003,-125.532173753216,303.985402857613));
#10911=CARTESIAN_POINT('Origin',(309.737434820448,-124.451618154037,303.871882426095));
#10912=CARTESIAN_POINT('Ctrl Pts',(328.189371709805,-123.318718237554,303.985402857613));
#10913=CARTESIAN_POINT('Ctrl Pts',(317.245776663117,-122.085040668957,301.985402857613));
#10914=CARTESIAN_POINT('Ctrl Pts',(306.302181616429,-120.85136310036,299.985402857613));
#10915=CARTESIAN_POINT('Ctrl Pts',(295.358586569741,-119.617685531763,297.985402857613));
#10916=CARTESIAN_POINT('Origin',(324.066586466744,-120.23126060882,300.611124630125));
#10917=CARTESIAN_POINT('Ctrl Pts',(338.38033258529,-116.599469684748,297.985402857613));
#10918=CARTESIAN_POINT('Ctrl Pts',(338.400773354695,-118.599467553948,299.985402857613));
#10919=CARTESIAN_POINT('Ctrl Pts',(338.421214124101,-120.599465423147,301.985402857613));
#10920=CARTESIAN_POINT('Ctrl Pts',(338.441654893506,-122.599463292347,303.985402857613));
#10921=CARTESIAN_POINT('Origin',(351.546322651818,-117.386913640487,301.376933848214));
#10922=CARTESIAN_POINT('Origin',(-10909.5163812907,-2276.47751975192,227.427506557323));
#10923=CARTESIAN_POINT('Origin',(-161.068575889526,1375.54063911916,314.926239357672));
#10924=CARTESIAN_POINT('Origin',(287.743674093724,-102.562657817283,303.985402857613));
#10925=CARTESIAN_POINT('Origin',(286.543674093724,-91.6626578172827,303.985402857613));
#10926=CARTESIAN_POINT('',(326.543674093724,-91.6626578172827,303.985402857613));
#10927=CARTESIAN_POINT('Origin',(326.543674093724,-91.6626578172827,303.985402857613));
#10928=CARTESIAN_POINT('Origin',(259.752763895308,-94.8146486910068,306.830509379856));
#10929=CARTESIAN_POINT('',(261.069352681684,-93.1285597459315,307.805750180646));
#10930=CARTESIAN_POINT('Origin',(263.717099654788,-90.3550247422737,306.878477338306));
#10931=CARTESIAN_POINT('',(261.831030445155,-92.3363599516379,302.142212857747));
#10932=CARTESIAN_POINT('Origin',(259.756656539554,-94.8151491276306,300.996682484301));
#10933=CARTESIAN_POINT('Origin',(323.495975514994,-32.788103817107,386.595171018329));
#10934=CARTESIAN_POINT('Origin',(319.031856287448,-313.072408968206,656.102279184459));
#10935=CARTESIAN_POINT('Origin',(259.756659336999,-108.710181378512,300.996682484301));
#10936=CARTESIAN_POINT('',(261.831034086209,-111.188969769309,302.142212735174));
#10937=CARTESIAN_POINT('Origin',(263.717103151594,-113.170305195638,306.878477338306));
#10938=CARTESIAN_POINT('',(261.06935396344,-110.396770559584,307.805750635314));
#10939=CARTESIAN_POINT('Origin',(259.752764594669,-108.710681465455,306.830509379856));
#10940=CARTESIAN_POINT('',(0.,0.,0.));
#10941=CARTESIAN_POINT('Origin',(355.933057575313,-101.762979512766,323.930669593624));
#10942=CARTESIAN_POINT('',(356.01242667752,-105.362979512766,324.057950957598));
#10943=CARTESIAN_POINT('Origin',(356.01242667752,-101.762979512766,324.057950957598));
#10944=CARTESIAN_POINT('',(355.853688473107,-105.791423914789,323.803388229651));
#10945=CARTESIAN_POINT('',(355.933057575313,-105.577201713778,323.930669593624));
#10946=CARTESIAN_POINT('Origin',(355.853688473107,-101.762979512766,323.803388229651));
#10947=CARTESIAN_POINT('Origin',(355.853688473107,-101.762979512766,323.803388229651));
#10948=CARTESIAN_POINT('',(362.217756671781,-109.262979512766,319.834933119331));
#10949=CARTESIAN_POINT('',(362.217756671781,-94.2629795127663,319.834933119331));
#10950=CARTESIAN_POINT('',(362.217756671781,-94.2629795127663,319.834933119331));
#10951=CARTESIAN_POINT('',(349.489620274433,-109.262979512766,327.771843339971));
#10952=CARTESIAN_POINT('',(362.217756671781,-109.262979512766,319.834933119331));
#10953=CARTESIAN_POINT('',(349.489620274433,-94.2629795127663,327.771843339971));
#10954=CARTESIAN_POINT('',(349.489620274433,-109.262979512766,327.771843339971));
#10955=CARTESIAN_POINT('',(349.489620274433,-94.2629795127663,327.771843339971));
#10956=CARTESIAN_POINT('Origin',(357.441070517235,-101.762979512766,326.34901550912));
#10957=CARTESIAN_POINT('',(357.214373634847,-105.362979512766,325.985469902622));
#10958=CARTESIAN_POINT('Origin',(357.21437347334,-101.762979512766,325.985469643618));
#10959=CARTESIAN_POINT('',(357.441070517235,-105.362979512766,326.34901550912));
#10960=CARTESIAN_POINT('Origin',(351.273190371497,-109.512979512766,323.544949549098));
#10961=CARTESIAN_POINT('',(361.054645840898,-109.762979512766,317.02474216584));
#10962=CARTESIAN_POINT('',(347.47796701706,-109.762979512766,325.490779734523));
#10963=CARTESIAN_POINT('',(351.084272329642,-109.762979512766,323.241988505341));
#10964=CARTESIAN_POINT('',(348.280074314015,-109.262979512766,325.832138148015));
#10965=CARTESIAN_POINT('',(347.47796701706,-109.762979512766,325.490779734523));
#10966=CARTESIAN_POINT('',(361.008210711363,-109.262979512766,317.895227927375));
#10967=CARTESIAN_POINT('',(351.462108413352,-109.262979512766,323.847910592855));
#10968=CARTESIAN_POINT('',(361.008210711363,-109.262979512766,317.895227927375));
#10969=CARTESIAN_POINT('Origin',(347.879020665537,-98.0129795127663,325.661458941269));
#10970=CARTESIAN_POINT('',(347.47796701706,-93.7629795127663,325.490779734523));
#10971=CARTESIAN_POINT('',(347.47796701706,-98.0129795127663,325.490779734523));
#10972=CARTESIAN_POINT('',(348.280074314015,-94.2629795127663,325.832138148015));
#10973=CARTESIAN_POINT('',(347.47796701706,-93.7629795127663,325.490779734523));
#10974=CARTESIAN_POINT('',(348.280074314015,-98.0129795127663,325.832138148015));
#10975=CARTESIAN_POINT('Origin',(357.637258570171,-94.0129795127663,319.576494438778));
#10976=CARTESIAN_POINT('',(361.008210711363,-94.2629795127663,317.895227927375));
#10977=CARTESIAN_POINT('',(357.826176612026,-94.2629795127663,319.879455482535));
#10978=CARTESIAN_POINT('',(361.054645840898,-93.7629795127663,317.02474216584));
#10979=CARTESIAN_POINT('',(357.448340528316,-93.7629795127663,319.273533395021));
#10980=CARTESIAN_POINT('',(361.054645840898,-93.7629795127663,317.02474216584));
#10981=CARTESIAN_POINT('Origin',(361.03142827613,-105.512979512766,317.459985046608));
#10982=CARTESIAN_POINT('',(361.054645840898,-105.512979512766,317.02474216584));
#10983=CARTESIAN_POINT('',(361.008210711363,-105.512979512766,317.895227927375));
#10984=CARTESIAN_POINT('Origin',(360.630374627653,-109.262979512766,317.289305839861));
#10985=CARTESIAN_POINT('',(360.630374627653,-109.262979512766,317.289305839861));
#10986=CARTESIAN_POINT('',(360.630374627653,-94.2629795127663,317.289305839861));
#10987=CARTESIAN_POINT('Origin',(347.902238230305,-109.262979512766,325.226216060501));
#10988=CARTESIAN_POINT('',(347.902238230305,-109.262979512766,325.226216060501));
#10989=CARTESIAN_POINT('Origin',(354.266306428979,-101.762979512766,321.257760950181));
#10990=CARTESIAN_POINT('',(364.024544333613,-112.262979512766,315.172796447691));
#10991=CARTESIAN_POINT('',(363.024544333613,-113.262979512766,315.796368506699));
#10992=CARTESIAN_POINT('Origin',(363.024544333613,-112.262979512766,315.796368506699));
#10993=CARTESIAN_POINT('',(344.508068524345,-113.262979512766,327.342725452672));
#10994=CARTESIAN_POINT('',(364.024544333613,-113.262979512766,315.172796447691));
#10995=CARTESIAN_POINT('',(344.508068524345,-90.2629795127663,327.342725452672));
#10996=CARTESIAN_POINT('',(344.508068524345,-113.262979512766,327.342725452672));
#10997=CARTESIAN_POINT('',(363.024544333613,-90.2629795127663,315.796368506699));
#10998=CARTESIAN_POINT('',(344.508068524345,-90.2629795127663,327.342725452672));
#10999=CARTESIAN_POINT('',(364.024544333613,-91.2629795127663,315.172796447691));
#11000=CARTESIAN_POINT('Origin',(363.024544333613,-91.2629795127663,315.796368506699));
#11001=CARTESIAN_POINT('',(364.024544333613,-90.2629795127663,315.172796447691));
#11002=CARTESIAN_POINT('Origin',(347.902238230305,-94.2629795127663,325.226216060501));
#11003=CARTESIAN_POINT('',(347.902238230305,-94.2629795127663,325.226216060501));
#11004=CARTESIAN_POINT('Origin',(360.630374627653,-94.2629795127663,317.289305839861));
#11005=CARTESIAN_POINT('Origin',(320.112784587549,-82.5126578172826,315.735417502462));
#11006=CARTESIAN_POINT('',(320.112784587549,-82.7626578172826,314.385417502462));
#11007=CARTESIAN_POINT('Origin',(320.112784587549,-82.7626578172826,315.735417502462));
#11008=CARTESIAN_POINT('',(320.112784587549,-82.5126578172826,314.635417502462));
#11009=CARTESIAN_POINT('Origin',(320.112784587549,-82.5126578172826,314.385417502462));
#11010=CARTESIAN_POINT('',(319.012784587549,-82.5126578172826,315.735417502462));
#11011=CARTESIAN_POINT('Origin',(320.112784587549,-82.5126578172826,315.735417502462));
#11012=CARTESIAN_POINT('Origin',(320.112784587549,-82.5126578172826,315.735417502462));
#11013=CARTESIAN_POINT('Origin',(320.112784587549,-82.7626578172826,315.735417502462));
#11014=CARTESIAN_POINT('',(319.012784587549,-77.1018940932232,315.73541751365));
#11015=CARTESIAN_POINT('',(319.012784587549,-82.7626578172826,315.735417502462));
#11016=CARTESIAN_POINT('',(319.012843035318,-77.1018861286689,315.746756888455));
#11017=CARTESIAN_POINT('Origin',(320.112784587549,-77.2517811082795,315.735417502462));
#11018=CARTESIAN_POINT('Origin',(320.112784587549,-77.2517811082795,315.735417502462));
#11019=CARTESIAN_POINT('Origin',(328.043674093724,-82.7626578172826,303.985402857613));
#11020=CARTESIAN_POINT('',(308.453674093724,-82.7626578172826,318.985402857613));
#11021=CARTESIAN_POINT('',(308.453674093724,-82.7626578172826,326.985402857613));
#11022=CARTESIAN_POINT('',(308.453674093724,-82.7626578172826,311.485402857613));
#11023=CARTESIAN_POINT('',(285.043674093724,-82.7626578172826,326.985402857613));
#11024=CARTESIAN_POINT('',(317.293674093724,-82.7626578172826,326.985402857613));
#11025=CARTESIAN_POINT('',(285.043674093724,-82.7626578172826,305.413550864355));
#11026=CARTESIAN_POINT('',(285.043674093724,-82.7626578172826,303.985402857613));
#11027=CARTESIAN_POINT('',(328.043674093724,-82.7626578172826,305.413550864356));
#11028=CARTESIAN_POINT('',(327.245184515563,-82.7626578172826,305.413550864355));
#11029=CARTESIAN_POINT('',(328.043674093724,-82.7626578172826,326.985402857613));
#11030=CARTESIAN_POINT('',(328.043674093724,-82.7626578172826,303.985402857613));
#11031=CARTESIAN_POINT('',(317.043674093724,-82.7626578172826,326.985402857613));
#11032=CARTESIAN_POINT('',(317.293674093724,-82.7626578172826,326.985402857613));
#11033=CARTESIAN_POINT('',(317.043674093724,-82.7626578172826,318.985402857613));
#11034=CARTESIAN_POINT('',(317.043674093724,-82.7626578172826,311.485402857613));
#11035=CARTESIAN_POINT('',(320.396174093724,-82.7626578172826,318.985402857613));
#11036=CARTESIAN_POINT('',(310.91278458748,-82.7626578172826,316.485414193135));
#11037=CARTESIAN_POINT('',(310.912784587626,-82.7626578172826,314.985417908668));
#11038=CARTESIAN_POINT('',(310.912784588079,-82.7626578172826,310.235408524553));
#11039=CARTESIAN_POINT('',(309.96278717112,-82.7626578172826,314.035402857499));
#11040=CARTESIAN_POINT('Origin',(309.962784587628,-82.7626578172826,314.985402857613));
#11041=CARTESIAN_POINT('',(302.662809500498,-82.7626578172826,314.035402857613));
#11042=CARTESIAN_POINT('',(319.0032306325,-82.7626578172826,314.035402857358));
#11043=CARTESIAN_POINT('',(301.712784588062,-82.7626578172826,314.985367588661));
#11044=CARTESIAN_POINT('Origin',(302.662784587902,-82.7626578172826,314.985402857778));
#11045=CARTESIAN_POINT('',(301.712784587613,-82.7626578172826,316.485399497661));
#11046=CARTESIAN_POINT('',(301.712784589709,-82.7626578172826,309.485385219195));
#11047=CARTESIAN_POINT('',(302.662780795889,-82.7626578172826,317.435402857613));
#11048=CARTESIAN_POINT('Origin',(302.662784587614,-82.7626578172826,316.485402857613));
#11049=CARTESIAN_POINT('',(309.962793456298,-82.7626578172826,317.435402857613));
#11050=CARTESIAN_POINT('',(315.353227444806,-82.7626578172826,317.435402857614));
#11051=CARTESIAN_POINT('Origin',(309.962784587614,-82.7626578172826,316.485402857613));
#11052=CARTESIAN_POINT('Ctrl Pts',(319.012843035318,-77.1018861286689,315.746756888455));
#11053=CARTESIAN_POINT('Ctrl Pts',(319.01114666714,-77.1018861286689,315.582206017032));
#11054=CARTESIAN_POINT('Ctrl Pts',(319.082852486812,-77.1121200455489,315.252450525088));
#11055=CARTESIAN_POINT('Ctrl Pts',(319.39448387202,-77.1551438168994,314.853375039371));
#11056=CARTESIAN_POINT('Ctrl Pts',(319.84829045339,-77.2172950286092,314.629054822809));
#11057=CARTESIAN_POINT('Ctrl Pts',(320.354704731632,-77.2863070494213,314.623684405874));
#11058=CARTESIAN_POINT('Ctrl Pts',(320.812734163501,-77.3484165380132,314.838690536208));
#11059=CARTESIAN_POINT('Ctrl Pts',(321.133253092107,-77.3915387245459,315.231663191483));
#11060=CARTESIAN_POINT('Ctrl Pts',(321.249477045613,-77.4066850609098,315.723180660582));
#11061=CARTESIAN_POINT('Ctrl Pts',(321.109906884765,-77.3867374046439,316.38501659112));
#11062=CARTESIAN_POINT('Ctrl Pts',(320.405779392532,-77.2899845631648,316.960061348919));
#11063=CARTESIAN_POINT('Ctrl Pts',(319.517049889844,-77.1691577081577,316.766253200128));
#11064=CARTESIAN_POINT('Ctrl Pts',(319.093900583789,-77.1122408008818,316.23817280773));
#11065=CARTESIAN_POINT('Ctrl Pts',(319.014539403496,-77.1018861286689,315.911307759877));
#11066=CARTESIAN_POINT('Ctrl Pts',(319.012843035318,-77.1018861286689,315.746756888455));
#11067=CARTESIAN_POINT('Ctrl Pts',(319.012843035318,-77.0410437973995,315.746756888455));
#11068=CARTESIAN_POINT('Ctrl Pts',(319.011136838136,-77.0410437973995,315.581252585313));
#11069=CARTESIAN_POINT('Ctrl Pts',(319.08387046691,-77.0510225272828,315.249509362993));
#11070=CARTESIAN_POINT('Ctrl Pts',(319.398854855332,-77.0929054883129,314.849678118097));
#11071=CARTESIAN_POINT('Ctrl Pts',(319.855536340133,-77.1533029736615,314.627478704641));
#11072=CARTESIAN_POINT('Ctrl Pts',(320.36211318843,-77.2202005586485,314.625769390425));
#11073=CARTESIAN_POINT('Ctrl Pts',(320.817269113636,-77.2802391905431,314.843213117278));
#11074=CARTESIAN_POINT('Ctrl Pts',(321.133946531536,-77.3218185465799,315.23529197154));
#11075=CARTESIAN_POINT('Ctrl Pts',(321.248382273108,-77.336399306702,315.723263737687));
#11076=CARTESIAN_POINT('Ctrl Pts',(321.111122624828,-77.3172009853161,316.37973482392));
#11077=CARTESIAN_POINT('Ctrl Pts',(320.414943495792,-77.2238663099534,316.957007210666));
#11078=CARTESIAN_POINT('Ctrl Pts',(319.522757140535,-77.1065548812921,316.770316489847));
#11079=CARTESIAN_POINT('Ctrl Pts',(319.094900544978,-77.0511352194805,316.240980787266));
#11080=CARTESIAN_POINT('Ctrl Pts',(319.0145492325,-77.0410437973995,315.912261191596));
#11081=CARTESIAN_POINT('Ctrl Pts',(319.012843035318,-77.0410437973995,315.746756888455));
#11082=CARTESIAN_POINT('Ctrl Pts',(318.966287046074,-76.9197831680562,315.747236837895));
#11083=CARTESIAN_POINT('Ctrl Pts',(318.964487511174,-76.9197831680562,315.572678602343));
#11084=CARTESIAN_POINT('Ctrl Pts',(319.041466622694,-76.9292314143879,315.222896382409));
#11085=CARTESIAN_POINT('Ctrl Pts',(319.374768387451,-76.9688862183246,314.802432376369));
#11086=CARTESIAN_POINT('Ctrl Pts',(319.856605987015,-77.0258765395063,314.570772125762));
#11087=CARTESIAN_POINT('Ctrl Pts',(320.388927034534,-77.0887081226843,314.571799756546));
#11088=CARTESIAN_POINT('Ctrl Pts',(320.86478699948,-77.1447744496216,314.802160556913));
#11089=CARTESIAN_POINT('Ctrl Pts',(321.194351948137,-77.1834059547507,315.213131279221));
#11090=CARTESIAN_POINT('Ctrl Pts',(321.313028954234,-77.1968986394039,315.722640224469));
#11091=CARTESIAN_POINT('Ctrl Pts',(321.170772729602,-77.1791327748883,316.407701346029));
#11092=CARTESIAN_POINT('Ctrl Pts',(320.445805708182,-77.0923410461192,317.015707194883));
#11093=CARTESIAN_POINT('Ctrl Pts',(319.505919094561,-76.9818309928513,316.825206451238));
#11094=CARTESIAN_POINT('Ctrl Pts',(319.05306494052,-76.9293332915255,316.268322306546));
#11095=CARTESIAN_POINT('Ctrl Pts',(318.968086580974,-76.9197831680562,315.921795073447));
#11096=CARTESIAN_POINT('Ctrl Pts',(318.966287046074,-76.9197831680562,315.747236837895));
#11097=CARTESIAN_POINT('Ctrl Pts',(318.850911147209,-76.8601273388597,315.748426257322));
#11098=CARTESIAN_POINT('Ctrl Pts',(318.848923772674,-76.8601273388597,315.555647227455));
#11099=CARTESIAN_POINT('Ctrl Pts',(318.933291085064,-76.8699614534349,315.169306054509));
#11100=CARTESIAN_POINT('Ctrl Pts',(319.299421274585,-76.9111400130956,314.702739110229));
#11101=CARTESIAN_POINT('Ctrl Pts',(319.831382748754,-76.9704825711723,314.442073913989));
#11102=CARTESIAN_POINT('Ctrl Pts',(320.423158309766,-77.0361429231552,314.438094768888));
#11103=CARTESIAN_POINT('Ctrl Pts',(320.95647574034,-77.095022289385,314.690772956556));
#11104=CARTESIAN_POINT('Ctrl Pts',(321.328498877672,-77.1357658425527,315.14916352521));
#11105=CARTESIAN_POINT('Ctrl Pts',(321.463120972266,-77.150052317806,315.720938553072));
#11106=CARTESIAN_POINT('Ctrl Pts',(321.301550721177,-77.1312474437852,316.490483304876));
#11107=CARTESIAN_POINT('Ctrl Pts',(320.483930475087,-77.0397728424011,317.163541993935));
#11108=CARTESIAN_POINT('Ctrl Pts',(319.443428768142,-76.9245579050649,316.941647559822));
#11109=CARTESIAN_POINT('Ctrl Pts',(318.946190756816,-76.8700679272937,316.324090008694));
#11110=CARTESIAN_POINT('Ctrl Pts',(318.852898521744,-76.8601273388597,315.94120528719));
#11111=CARTESIAN_POINT('Ctrl Pts',(318.850911147209,-76.8601273388597,315.748426257322));
#11112=CARTESIAN_POINT('Ctrl Pts',(318.790443640717,-76.8534130742108,315.749049621714));
#11113=CARTESIAN_POINT('Ctrl Pts',(318.788361734317,-76.8534130742108,315.547100824968));
#11114=CARTESIAN_POINT('Ctrl Pts',(318.876364331186,-76.8636469910908,315.142400903037));
#11115=CARTESIAN_POINT('Ctrl Pts',(319.258821031215,-76.9066707624413,314.652626443292));
#11116=CARTESIAN_POINT('Ctrl Pts',(319.815765471988,-76.9688219741511,314.37732435933));
#11117=CARTESIAN_POINT('Ctrl Pts',(320.437273904375,-77.0378339949632,314.370733393092));
#11118=CARTESIAN_POINT('Ctrl Pts',(320.999400934396,-77.0999434835551,314.634604553047));
#11119=CARTESIAN_POINT('Ctrl Pts',(321.392765074048,-77.1430656700878,315.116889175431));
#11120=CARTESIAN_POINT('Ctrl Pts',(321.535403562443,-77.1582120064516,315.720115160234));
#11121=CARTESIAN_POINT('Ctrl Pts',(321.364112910493,-77.1382643501858,316.532368347713));
#11122=CARTESIAN_POINT('Ctrl Pts',(320.499956442753,-77.0415115087067,317.23810509592));
#11123=CARTESIAN_POINT('Ctrl Pts',(319.409242962181,-76.9206846536996,317.000249640586));
#11124=CARTESIAN_POINT('Ctrl Pts',(318.889923359295,-76.8637677464237,316.352150977188));
#11125=CARTESIAN_POINT('Ctrl Pts',(318.792525547117,-76.8534130742108,315.950998418459));
#11126=CARTESIAN_POINT('Ctrl Pts',(318.790443640717,-76.8534130742108,315.749049621714));
#11127=CARTESIAN_POINT('',(318.790443640717,-76.8534130742108,315.749049621714));
#11128=CARTESIAN_POINT('Origin',(318.762856318902,-77.1018861286689,315.749334021635));
#11129=CARTESIAN_POINT('Origin',(320.140371909365,-77.0033080538214,315.735133102541));
#11130=CARTESIAN_POINT('Origin',(324.169531206404,-77.4540491970264,312.76989159917));
#11131=CARTESIAN_POINT('',(313.248516810607,-76.2392533700539,314.74770854732));
#11132=CARTESIAN_POINT('',(309.977127457871,-75.8795218189004,311.7052549696));
#11133=CARTESIAN_POINT('Origin',(309.977129994958,-75.8757678434381,314.985254969654));
#11134=CARTESIAN_POINT('',(338.654892320636,-79.0486898854793,324.67943026505));
#11135=CARTESIAN_POINT('Ctrl Pts',(338.654891987756,-79.0486898652596,324.679430376839));
#11136=CARTESIAN_POINT('Ctrl Pts',(330.186100262039,-78.1122110335244,321.368856433666));
#11137=CARTESIAN_POINT('Ctrl Pts',(321.717308536323,-77.1757322017891,318.058282490493));
#11138=CARTESIAN_POINT('Ctrl Pts',(313.248516810607,-76.2392533700539,314.74770854732));
#11139=CARTESIAN_POINT('',(338.461552642905,-79.0534041266558,305.861575546858));
#11140=CARTESIAN_POINT('',(338.553013645045,-79.0486855038102,314.800851951951));
#11141=CARTESIAN_POINT('',(295.392869778588,-74.2647762528939,307.767676245522));
#11142=CARTESIAN_POINT('',(317.063438043283,-76.6719007057232,306.809080284575));
#11143=CARTESIAN_POINT('',(305.465604805876,-75.3786191051262,311.7052549696));
#11144=CARTESIAN_POINT('Ctrl Pts',(305.465604805876,-75.3786191051262,311.7052549696));
#11145=CARTESIAN_POINT('Ctrl Pts',(302.108026463447,-75.0073381543821,310.392728728241));
#11146=CARTESIAN_POINT('Ctrl Pts',(298.750448121017,-74.636057203638,309.080202486882));
#11147=CARTESIAN_POINT('Ctrl Pts',(295.392869778588,-74.2647762528939,307.767676245522));
#11148=CARTESIAN_POINT('',(317.416213770494,-76.7054643685508,311.7052549696));
#11149=CARTESIAN_POINT('Origin',(298.118674093724,-85.3626578172826,327.342439859299));
#11150=CARTESIAN_POINT('',(315.462386143815,-85.1126578172826,326.985402857613));
#11151=CARTESIAN_POINT('',(315.644262183703,-85.6126578172826,327.699476860984));
#11152=CARTESIAN_POINT('Origin',(314.453674093724,-85.7626578172826,327.913699061996));
#11153=CARTESIAN_POINT('',(313.263086003745,-85.6126578172826,327.699476860984));
#11154=CARTESIAN_POINT('',(298.118674093724,-85.6126578172826,327.699476860984));
#11155=CARTESIAN_POINT('',(313.444962043632,-85.1126578172826,326.985402857613));
#11156=CARTESIAN_POINT('Origin',(314.453674093724,-85.7626578172826,327.913699061996));
#11157=CARTESIAN_POINT('',(298.118674093724,-85.1126578172826,326.985402857613));
#11158=CARTESIAN_POINT('Origin',(289.693674093724,-85.6126578172826,331.614992543334));
#11159=CARTESIAN_POINT('',(313.263086003745,-85.6126578172826,321.985402857613));
#11160=CARTESIAN_POINT('',(313.263086003745,-85.6126578172826,328.985402857613));
#11161=CARTESIAN_POINT('',(315.644262183703,-85.6126578172826,321.985402857613));
#11162=CARTESIAN_POINT('',(315.644262183703,-85.6126578172826,328.985402857613));
#11163=CARTESIAN_POINT('',(317.039326815958,-85.6126578172826,321.985402857613));
#11164=CARTESIAN_POINT('',(301.221174093724,-85.6126578172826,321.985402857613));
#11165=CARTESIAN_POINT('',(317.039326815958,-85.6126578172826,318.985402857613));
#11166=CARTESIAN_POINT('',(317.039326815958,-85.6126578172826,318.985402857613));
#11167=CARTESIAN_POINT('',(317.043674093724,-85.6126578172826,318.985402857613));
#11168=CARTESIAN_POINT('',(323.393674093724,-85.6126578172826,318.985402857613));
#11169=CARTESIAN_POINT('',(317.043674093724,-85.6126578172826,327.699476860984));
#11170=CARTESIAN_POINT('',(317.043674093724,-85.6126578172826,318.985402857613));
#11171=CARTESIAN_POINT('',(323.393674093724,-85.6126578172826,327.699476860984));
#11172=CARTESIAN_POINT('',(298.118674093724,-85.6126578172826,327.699476860984));
#11173=CARTESIAN_POINT('',(323.393674093724,-85.6126578172826,331.614992543334));
#11174=CARTESIAN_POINT('',(323.393674093724,-85.6126578172826,331.614992543334));
#11175=CARTESIAN_POINT('',(289.693674093724,-85.6126578172826,331.614992543334));
#11176=CARTESIAN_POINT('',(323.393674093724,-85.6126578172826,331.614992543334));
#11177=CARTESIAN_POINT('',(289.693674093724,-85.6126578172826,327.699476860984));
#11178=CARTESIAN_POINT('',(289.693674093724,-85.6126578172826,331.614992543334));
#11179=CARTESIAN_POINT('',(308.453674093724,-85.6126578172826,327.699476860984));
#11180=CARTESIAN_POINT('',(298.118674093724,-85.6126578172826,327.699476860984));
#11181=CARTESIAN_POINT('',(308.453674093724,-85.6126578172826,321.985402857613));
#11182=CARTESIAN_POINT('',(308.453674093724,-85.6126578172826,328.985402857613));
#11183=CARTESIAN_POINT('',(301.221174093724,-85.6126578172826,321.985402857613));
#11184=CARTESIAN_POINT('Origin',(298.118674093724,-85.3626578172826,327.342439859299));
#11185=CARTESIAN_POINT('',(317.043674093724,-85.1126578172826,326.985402857613));
#11186=CARTESIAN_POINT('',(317.043674093724,-83.4405200577951,324.597342649403));
#11187=CARTESIAN_POINT('',(323.393674093724,-85.1126578172826,326.985402857613));
#11188=CARTESIAN_POINT('',(298.118674093724,-85.1126578172826,326.985402857613));
#11189=CARTESIAN_POINT('',(323.393674093724,-85.1126578172826,326.985402857613));
#11190=CARTESIAN_POINT('Origin',(323.393674093724,-86.9126578172825,327.342439859299));
#11191=CARTESIAN_POINT('',(325.193674093724,-86.9126578172826,326.985402857613));
#11192=CARTESIAN_POINT('Origin',(323.393674093724,-86.9126578172825,326.985402857613));
#11193=CARTESIAN_POINT('',(324.693674093724,-86.9126578172826,327.699476860985));
#11194=CARTESIAN_POINT('',(325.193674093724,-86.9126578172826,326.985402857613));
#11195=CARTESIAN_POINT('Origin',(323.393674093724,-86.9126578172825,327.699476860985));
#11196=CARTESIAN_POINT('Origin',(324.943674093724,-95.529786480682,327.342439859299));
#11197=CARTESIAN_POINT('',(325.193674093724,-116.612657817282,326.985402857613));
#11198=CARTESIAN_POINT('',(325.193674093724,-95.529786480682,326.985402857613));
#11199=CARTESIAN_POINT('',(324.693674093724,-116.612657817282,327.699476860984));
#11200=CARTESIAN_POINT('',(325.193674093724,-116.612657817282,326.985402857613));
#11201=CARTESIAN_POINT('',(324.693674093724,-95.529786480682,327.699476860984));
#11202=CARTESIAN_POINT('Origin',(323.393674093724,-116.612657817282,327.342439859299));
#11203=CARTESIAN_POINT('',(323.393674093724,-118.412657817282,326.985402857613));
#11204=CARTESIAN_POINT('Origin',(323.393674093724,-116.612657817282,326.985402857613));
#11205=CARTESIAN_POINT('',(323.393674093724,-117.912657817282,327.699476860984));
#11206=CARTESIAN_POINT('',(323.393674093724,-118.412657817282,326.985402857613));
#11207=CARTESIAN_POINT('Origin',(323.393674093724,-116.612657817282,327.699476860984));
#11208=CARTESIAN_POINT('Origin',(314.968674093724,-118.162657817282,327.342439859299));
#11209=CARTESIAN_POINT('',(289.693674093724,-118.412657817283,326.985402857613));
#11210=CARTESIAN_POINT('',(314.968674093724,-118.412657817283,326.985402857613));
#11211=CARTESIAN_POINT('',(289.693674093724,-117.912657817283,327.699476860984));
#11212=CARTESIAN_POINT('',(289.693674093724,-118.412657817283,326.985402857613));
#11213=CARTESIAN_POINT('',(314.968674093724,-117.912657817282,327.699476860984));
#11214=CARTESIAN_POINT('Origin',(289.693674093724,-116.612657817283,327.342439859299));
#11215=CARTESIAN_POINT('',(287.893674093724,-116.612657817283,326.985402857613));
#11216=CARTESIAN_POINT('Origin',(289.693674093724,-116.612657817283,326.985402857613));
#11217=CARTESIAN_POINT('',(288.393674093724,-116.612657817283,327.699476860984));
#11218=CARTESIAN_POINT('',(287.893674093724,-116.612657817283,326.985402857613));
#11219=CARTESIAN_POINT('Origin',(289.693674093724,-116.612657817283,327.699476860984));
#11220=CARTESIAN_POINT('Origin',(288.143674093724,-107.995531538259,327.342439859299));
#11221=CARTESIAN_POINT('',(287.893674093724,-86.9126578172826,326.985402857613));
#11222=CARTESIAN_POINT('',(287.893674093724,-107.995531538259,326.985402857613));
#11223=CARTESIAN_POINT('',(288.393674093724,-86.9126578172826,327.699476860984));
#11224=CARTESIAN_POINT('',(287.893674093724,-86.9126578172826,326.985402857613));
#11225=CARTESIAN_POINT('',(288.393674093724,-107.995531538259,327.699476860984));
#11226=CARTESIAN_POINT('Origin',(289.693674093724,-86.9126578172826,327.342439859299));
#11227=CARTESIAN_POINT('',(289.693674093724,-85.1126578172826,326.985402857613));
#11228=CARTESIAN_POINT('Origin',(289.693674093724,-86.9126578172826,326.985402857613));
#11229=CARTESIAN_POINT('',(289.693674093724,-85.1126578172826,326.985402857613));
#11230=CARTESIAN_POINT('Origin',(289.693674093724,-86.9126578172826,327.699476860984));
#11231=CARTESIAN_POINT('Origin',(298.118674093724,-85.3626578172826,327.342439859299));
#11232=CARTESIAN_POINT('',(308.453674093724,-85.1126578172826,326.985402857613));
#11233=CARTESIAN_POINT('',(308.453674093724,-82.9717094099145,323.927811657093));
#11234=CARTESIAN_POINT('',(298.118674093724,-85.1126578172826,326.985402857613));
#11235=CARTESIAN_POINT('Origin',(306.543674093724,-101.762657817283,326.985402857613));
#11236=CARTESIAN_POINT('',(317.043674093724,-92.2626578172826,326.985402857613));
#11237=CARTESIAN_POINT('',(329.043674093724,-83.7626578172826,326.985402857613));
#11238=CARTESIAN_POINT('Origin',(328.043674093724,-83.7626578172826,326.985402857613));
#11239=CARTESIAN_POINT('',(329.043674093724,-89.2629795127664,326.985402857613));
#11240=CARTESIAN_POINT('',(329.043674093724,-110.762657817283,326.985402857613));
#11241=CARTESIAN_POINT('',(329.043674093724,-114.262979512766,326.985402857613));
#11242=CARTESIAN_POINT('',(329.043674093724,-83.7626578172826,326.985402857613));
#11243=CARTESIAN_POINT('',(329.043674093724,-119.762657817283,326.985402857613));
#11244=CARTESIAN_POINT('',(329.043674093724,-110.762657817283,326.985402857613));
#11245=CARTESIAN_POINT('',(328.043674093724,-120.762657817283,326.985402857613));
#11246=CARTESIAN_POINT('Origin',(328.043674093724,-119.762657817283,326.985402857613));
#11247=CARTESIAN_POINT('',(285.043674093724,-120.762657817283,326.985402857613));
#11248=CARTESIAN_POINT('',(295.793674093724,-120.762657817283,326.985402857613));
#11249=CARTESIAN_POINT('',(284.043674093724,-119.762657817283,326.985402857613));
#11250=CARTESIAN_POINT('Origin',(285.043674093724,-119.762657817283,326.985402857613));
#11251=CARTESIAN_POINT('',(284.043674093724,-83.7626578172826,326.985402857613));
#11252=CARTESIAN_POINT('',(284.043674093724,-92.7626578172826,326.985402857613));
#11253=CARTESIAN_POINT('Origin',(285.043674093724,-83.7626578172826,326.985402857613));
#11254=CARTESIAN_POINT('',(308.453674093724,-93.6876578172826,326.985402857613));
#11255=CARTESIAN_POINT('Origin',(280.043674093724,-111.767920113285,304.342439859299));
#11256=CARTESIAN_POINT('',(277.343674093724,-111.767920113285,303.985402857613));
#11257=CARTESIAN_POINT('Origin',(280.043674093724,-111.767920113285,303.985402857613));
#11258=CARTESIAN_POINT('',(277.843674093724,-111.767920113285,304.699476860984));
#11259=CARTESIAN_POINT('',(277.593674093724,-111.767920113285,304.342439859299));
#11260=CARTESIAN_POINT('Origin',(280.043674093724,-111.767920113285,304.699476860984));
#11261=CARTESIAN_POINT('Origin',(326.446694937402,-101.762659286646,303.985402857613));
#11262=CARTESIAN_POINT('',(283.043674093724,-99.663516638303,303.985402857613));
#11263=CARTESIAN_POINT('',(283.043674093724,-83.7626578172826,303.985402857613));
#11264=CARTESIAN_POINT('',(283.043674093724,-92.7626585519644,303.985402857613));
#11265=CARTESIAN_POINT('',(257.892318187684,-98.2304460402858,303.985402857613));
#11266=CARTESIAN_POINT('Origin',(265.13596093692,-101.747471080251,303.985402857613));
#11267=CARTESIAN_POINT('',(257.892318187684,-96.5895747998436,303.985402857613));
#11268=CARTESIAN_POINT('',(257.892318187684,-101.762659286646,303.985402857613));
#11269=CARTESIAN_POINT('',(258.12929370552,-96.2133834036249,303.985402857613));
#11270=CARTESIAN_POINT('',(267.128007818561,-81.9281996121765,303.985402857613));
#11271=CARTESIAN_POINT('',(267.684713273496,-86.2004972890689,303.985402857613));
#11272=CARTESIAN_POINT('',(275.819378149516,-77.6763846214642,303.985402857613));
#11273=CARTESIAN_POINT('',(271.939909066806,-84.3677950659899,303.985402857613));
#11274=CARTESIAN_POINT('',(294.258185553913,-74.7553690061774,303.985402857613));
#11275=CARTESIAN_POINT('',(289.809001388318,-77.9867086415108,303.985402857613));
#11276=CARTESIAN_POINT('',(297.987927124507,-75.0659989018679,303.985402857613));
#11277=CARTESIAN_POINT('',(295.379612500012,-77.993144820077,303.985402857613));
#11278=CARTESIAN_POINT('',(308.522367566492,-78.0083297103457,303.985402857613));
#11279=CARTESIAN_POINT('',(328.189364192441,-80.2065923452368,303.985402857613));
#11280=CARTESIAN_POINT('',(318.823592754658,-79.5747483799269,303.985402857613));
#11281=CARTESIAN_POINT('',(338.441647501138,-80.9258450405201,303.985402857613));
#11282=CARTESIAN_POINT('',(326.131205411664,-80.0622014611944,303.985402857613));
#11283=CARTESIAN_POINT('',(351.696881853297,-83.5544976844626,303.985402857613));
#11284=CARTESIAN_POINT('',(341.460705981769,-81.5245561493913,303.985402857613));
#11285=CARTESIAN_POINT('',(377.881566495087,-92.4419349056538,303.985402857613));
#11286=CARTESIAN_POINT('',(346.61300622685,-81.8289613227116,303.985402857613));
#11287=CARTESIAN_POINT('',(383.936186200113,-95.9523340543821,303.985402857613));
#11288=CARTESIAN_POINT('',(362.627825374568,-83.5979905370359,303.985402857613));
#11289=CARTESIAN_POINT('',(384.969809608314,-96.7449731204456,303.985402857613));
#11290=CARTESIAN_POINT('',(368.132313777856,-83.8330587191211,303.985402857613));
#11291=CARTESIAN_POINT('',(385.843708312353,-97.7264256010638,303.985402857613));
#11292=CARTESIAN_POINT('',(373.687979441122,-84.0746485710135,303.985402857613));
#11293=CARTESIAN_POINT('',(387.801128080321,-100.013292787314,303.985402857613));
#11294=CARTESIAN_POINT('',(373.276525264209,-83.0440978721295,303.985402857613));
#11295=CARTESIAN_POINT('',(388.108833624269,-100.62880300161,303.985402857613));
#11296=CARTESIAN_POINT('',(381.806151756807,-88.0214088769798,303.985402857613));
#11297=CARTESIAN_POINT('',(388.205459780579,-101.574838779439,303.985402857613));
#11298=CARTESIAN_POINT('',(387.827660972078,-97.8759315341164,303.985402857613));
#11299=CARTESIAN_POINT('',(388.205459780579,-102.784087175031,303.985402857613));
#11300=CARTESIAN_POINT('',(388.205459780579,-101.845020532298,303.985402857613));
#11301=CARTESIAN_POINT('',(387.807320052884,-103.440643277113,303.985402857613));
#11302=CARTESIAN_POINT('',(379.654283634372,-116.885485473731,303.985402857613));
#11303=CARTESIAN_POINT('',(385.857204094708,-105.731574560158,303.985402857613));
#11304=CARTESIAN_POINT('',(373.341900752859,-120.434136129602,303.985402857613));
#11305=CARTESIAN_POINT('',(384.969818000648,-106.780323126774,303.985402857613));
#11306=CARTESIAN_POINT('',(374.403474378457,-119.268052878598,303.985402857613));
#11307=CARTESIAN_POINT('',(383.936190318595,-107.572962850865,303.985402857613));
#11308=CARTESIAN_POINT('',(368.132267724553,-119.692236610651,303.985402857613));
#11309=CARTESIAN_POINT('',(377.943664710095,-111.047365263677,303.985402857613));
#11310=CARTESIAN_POINT('',(362.62783948384,-119.927317323429,303.985402857613));
#11311=CARTESIAN_POINT('',(351.66897900725,-119.976342673293,303.985402857614));
#11312=CARTESIAN_POINT('Ctrl Pts',(377.943664710095,-111.047365263677,303.985402857613));
#11313=CARTESIAN_POINT('Ctrl Pts',(364.80633061099,-115.511858635136,303.985402857614));
#11314=CARTESIAN_POINT('Ctrl Pts',(351.66897900725,-119.976342673293,303.985402857614));
#11315=CARTESIAN_POINT('',(338.441654893506,-122.599463292347,303.985402857613));
#11316=CARTESIAN_POINT('',(341.460711375055,-122.000751924972,303.985402857613));
#11317=CARTESIAN_POINT('',(328.189371709805,-123.318718237554,303.985402857613));
#11318=CARTESIAN_POINT('',(326.131210757935,-123.463109727346,303.985402857613));
#11319=CARTESIAN_POINT('',(295.379619151003,-125.532173753216,303.985402857613));
#11320=CARTESIAN_POINT('',(318.823598612157,-123.950564579103,303.985402857613));
#11321=CARTESIAN_POINT('',(289.80900864772,-125.538613176641,303.985402857613));
#11322=CARTESIAN_POINT('',(308.522378403604,-125.516981200845,303.985402857613));
#11323=CARTESIAN_POINT('',(271.939917378598,-119.15753327484,303.985402857613));
#11324=CARTESIAN_POINT('',(297.987937241549,-128.459321123247,303.985402857613));
#11325=CARTESIAN_POINT('',(267.684721335858,-117.324832768688,303.985402857613));
#11326=CARTESIAN_POINT('',(294.258196930749,-128.769951086113,303.985402857613));
#11327=CARTESIAN_POINT('',(258.129294118197,-107.31194692414,303.985402857613));
#11328=CARTESIAN_POINT('',(275.819391425291,-125.848943845375,303.985402857613));
#11329=CARTESIAN_POINT('',(257.892318187684,-106.935754988921,303.985402857613));
#11330=CARTESIAN_POINT('',(267.128009789998,-121.597128780859,303.985402857613));
#11331=CARTESIAN_POINT('',(257.892318187684,-105.288055370849,303.985402857613));
#11332=CARTESIAN_POINT('',(257.892318187684,-101.762659286646,303.985402857613));
#11333=CARTESIAN_POINT('',(283.043674093724,-103.773182409287,303.985402857613));
#11334=CARTESIAN_POINT('Origin',(265.13596093692,-101.747471080251,303.985402857613));
#11335=CARTESIAN_POINT('',(283.043674093724,-119.762657817283,303.985402857613));
#11336=CARTESIAN_POINT('',(283.043674093724,-92.7626585519644,303.985402857613));
#11337=CARTESIAN_POINT('',(285.043674093724,-121.762657817283,303.985402857613));
#11338=CARTESIAN_POINT('Origin',(285.043674093724,-119.762657817283,303.985402857613));
#11339=CARTESIAN_POINT('',(328.043674093724,-121.762657817283,303.985402857613));
#11340=CARTESIAN_POINT('',(305.745184515563,-121.762657817283,303.985402857613));
#11341=CARTESIAN_POINT('',(330.043674093724,-119.762657817283,303.985402857613));
#11342=CARTESIAN_POINT('Origin',(328.043674093724,-119.762657817283,303.985402857613));
#11343=CARTESIAN_POINT('',(330.043674093724,-114.262979512766,303.985402857613));
#11344=CARTESIAN_POINT('',(330.043674093724,-110.762658551964,303.985402857613));
#11345=CARTESIAN_POINT('',(363.024544333613,-114.262979512766,303.985402857613));
#11346=CARTESIAN_POINT('',(345.235619635507,-114.262979512766,303.985402857613));
#11347=CARTESIAN_POINT('',(365.024544333613,-112.262979512766,303.985402857613));
#11348=CARTESIAN_POINT('Origin',(363.024544333613,-112.262979512766,303.985402857613));
#11349=CARTESIAN_POINT('',(365.024544333613,-91.2629795127663,303.985402857613));
#11350=CARTESIAN_POINT('',(365.024544333613,-96.0128193997064,303.985402857613));
#11351=CARTESIAN_POINT('',(363.024544333613,-89.2629795127663,303.985402857613));
#11352=CARTESIAN_POINT('Origin',(363.024544333613,-91.2629795127663,303.985402857613));
#11353=CARTESIAN_POINT('',(330.043674093724,-89.2629795127663,303.985402857613));
#11354=CARTESIAN_POINT('',(335.477381730874,-89.2629795127665,303.985402857613));
#11355=CARTESIAN_POINT('',(330.043674093724,-83.7626578172826,303.985402857613));
#11356=CARTESIAN_POINT('',(330.043674093724,-110.762658551964,303.985402857613));
#11357=CARTESIAN_POINT('',(328.043674093724,-81.7626578172826,303.985402857613));
#11358=CARTESIAN_POINT('Origin',(328.043674093724,-83.7626578172826,303.985402857613));
#11359=CARTESIAN_POINT('',(285.043674093724,-81.7626578172826,303.985402857613));
#11360=CARTESIAN_POINT('',(327.245184515563,-81.7626578172826,303.985402857613));
#11361=CARTESIAN_POINT('Origin',(285.043674093724,-83.7626578172826,303.985402857613));
#11362=CARTESIAN_POINT('',(277.343674093723,-91.6687789343055,303.985402857613));
#11363=CARTESIAN_POINT('Origin',(280.043674093723,-91.6687789343055,303.985402857613));
#11364=CARTESIAN_POINT('',(367.324544333613,-101.762979512766,303.985402857613));
#11365=CARTESIAN_POINT('Origin',(370.024544333613,-101.762979512766,303.985402857613));
#11366=CARTESIAN_POINT('Origin',(280.043674093724,-111.767920113285,303.985402857613));
#11367=CARTESIAN_POINT('',(277.843674093724,-111.767920113285,312.985402857613));
#11368=CARTESIAN_POINT('Origin',(280.043674093724,-111.767920113285,312.985402857613));
#11369=CARTESIAN_POINT('',(277.843674093724,-111.767920113285,303.985402857613));
#11370=CARTESIAN_POINT('Origin',(280.043674093723,-91.6687789343055,304.342439859299));
#11371=CARTESIAN_POINT('',(277.843674093723,-91.6687789343055,304.699476860984));
#11372=CARTESIAN_POINT('',(277.593674093723,-91.6687789343055,304.342439859299));
#11373=CARTESIAN_POINT('Origin',(280.043674093723,-91.6687789343055,304.699476860984));
#11374=CARTESIAN_POINT('Origin',(280.043674093723,-91.6687789343055,303.985402857613));
#11375=CARTESIAN_POINT('',(277.843674093723,-91.6687789343055,312.985402857613));
#11376=CARTESIAN_POINT('Origin',(280.043674093723,-91.6687789343055,312.985402857613));
#11377=CARTESIAN_POINT('',(277.843674093723,-91.6687789343055,303.985402857613));
#11378=CARTESIAN_POINT('Origin',(370.024544333613,-101.762979512766,304.342439859299));
#11379=CARTESIAN_POINT('',(367.824544333613,-101.762979512766,304.699476860984));
#11380=CARTESIAN_POINT('',(367.574544333613,-101.762979512766,304.342439859299));
#11381=CARTESIAN_POINT('Origin',(370.024544333613,-101.762979512766,304.699476860984));
#11382=CARTESIAN_POINT('Origin',(370.024544333613,-101.762979512766,303.985402857613));
#11383=CARTESIAN_POINT('',(367.824544333613,-101.762979512766,312.985402857613));
#11384=CARTESIAN_POINT('Origin',(370.024544333613,-101.762979512766,312.985402857613));
#11385=CARTESIAN_POINT('',(367.824544333613,-101.762979512766,303.985402857613));
#11386=CARTESIAN_POINT('Origin',(370.024544333613,-101.762979512766,312.985402857613));
#11387=CARTESIAN_POINT('Origin',(280.043674093723,-91.6687789343055,312.985402857613));
#11388=CARTESIAN_POINT('Origin',(280.043674093724,-111.767920113285,312.985402857613));
#11389=CARTESIAN_POINT('Ctrl Pts',(313.112784587475,-76.3680361628966,316.485414767518));
#11390=CARTESIAN_POINT('Ctrl Pts',(313.112781914904,-76.3674519982957,317.19227168694));
#11391=CARTESIAN_POINT('Ctrl Pts',(312.536241212164,-76.2995167607161,318.84375360441));
#11392=CARTESIAN_POINT('Ctrl Pts',(310.90525856351,-76.1105390236872,319.635403430962));
#11393=CARTESIAN_POINT('Ctrl Pts',(309.962782670941,-76.0017146401708,319.635402857496));
#11394=CARTESIAN_POINT('Ctrl Pts',(313.112784587538,-76.3472208769374,316.485398247033));
#11395=CARTESIAN_POINT('Ctrl Pts',(313.112785635214,-76.3466393331496,317.191730999821));
#11396=CARTESIAN_POINT('Ctrl Pts',(312.537250538908,-76.2790170067202,318.842060023022));
#11397=CARTESIAN_POINT('Ctrl Pts',(310.907444231383,-76.0908132531459,319.634760677511));
#11398=CARTESIAN_POINT('Ctrl Pts',(309.964925041833,-75.9823948687569,319.6354028588));
#11399=CARTESIAN_POINT('Ctrl Pts',(313.1230016938,-76.3056942883068,316.48536532722));
#11400=CARTESIAN_POINT('Ctrl Pts',(313.123007934776,-76.3051179522011,317.192957093425));
#11401=CARTESIAN_POINT('Ctrl Pts',(312.547274597981,-76.2381143640128,318.846324638457));
#11402=CARTESIAN_POINT('Ctrl Pts',(310.914479455302,-76.0514429822399,319.642751244957));
#11403=CARTESIAN_POINT('Ctrl Pts',(309.969201314601,-75.9438316502147,319.644294208535));
#11404=CARTESIAN_POINT('Ctrl Pts',(313.172448048385,-76.2492173110225,316.485320690042));
#11405=CARTESIAN_POINT('Ctrl Pts',(313.17245445473,-76.2486446591512,317.20260580403));
#11406=CARTESIAN_POINT('Ctrl Pts',(312.588866469341,-76.1820850547342,318.878632707911));
#11407=CARTESIAN_POINT('Ctrl Pts',(310.933584566443,-75.9965306413904,319.686130841665));
#11408=CARTESIAN_POINT('Ctrl Pts',(309.975225197019,-75.8895084036918,319.687744741619));
#11409=CARTESIAN_POINT('Ctrl Pts',(313.226079746492,-76.2353869672856,316.485309916078));
#11410=CARTESIAN_POINT('Ctrl Pts',(313.226080296618,-76.2348088535941,317.214277650468));
#11411=CARTESIAN_POINT('Ctrl Pts',(312.63202775125,-76.1675774879843,318.917500800353));
#11412=CARTESIAN_POINT('Ctrl Pts',(310.949852249285,-75.9803855637903,319.735527355018));
#11413=CARTESIAN_POINT('Ctrl Pts',(309.977107957985,-75.8725295133546,319.736143083651));
#11414=CARTESIAN_POINT('Ctrl Pts',(313.257112469722,-76.2388281860329,316.485312764606));
#11415=CARTESIAN_POINT('Ctrl Pts',(313.257109686854,-76.2382440214321,317.221341556894));
#11416=CARTESIAN_POINT('Ctrl Pts',(312.656775240825,-76.1703087838525,318.94097987096));
#11417=CARTESIAN_POINT('Ctrl Pts',(310.958482197145,-75.9813310468236,319.765300960196));
#11418=CARTESIAN_POINT('Ctrl Pts',(309.977110474087,-75.8725066633072,319.765300363063));
#11419=CARTESIAN_POINT('',(313.257112469722,-76.2388281860329,316.485312764606));
#11420=CARTESIAN_POINT('',(313.112784587475,-76.3680361628966,316.485414767518));
#11421=CARTESIAN_POINT('Origin',(313.242784587474,-76.3680361628966,316.485415259038));
#11422=CARTESIAN_POINT('',(309.962782670941,-76.0017146401707,319.635402857613));
#11423=CARTESIAN_POINT('Origin',(309.962784587614,-76.0043167266916,316.485402857613));
#11424=CARTESIAN_POINT('',(309.977110474087,-75.8725066633072,319.765300363063));
#11425=CARTESIAN_POINT('Origin',(309.96278259184,-76.0017146401708,319.765402857496));
#11426=CARTESIAN_POINT('Origin',(309.977112469861,-75.875108749828,316.48530036318));
#11427=CARTESIAN_POINT('Origin',(306.641875198097,-75.6334589701519,319.765402857613));
#11428=CARTESIAN_POINT('',(302.662764966014,-75.1922151380127,319.635402857613));
#11429=CARTESIAN_POINT('',(302.677092848261,-75.063007161149,319.76530036318));
#11430=CARTESIAN_POINT('Origin',(302.662764966014,-75.1922151380127,319.765402857613));
#11431=CARTESIAN_POINT('',(306.656203080344,-75.5042509932883,319.76530036318));
#11432=CARTESIAN_POINT('',(306.641875198097,-75.6334589701519,319.635402857613));
#11433=CARTESIAN_POINT('Ctrl Pts',(302.662766511553,-75.192215226674,319.635402857622));
#11434=CARTESIAN_POINT('Ctrl Pts',(301.955909512952,-75.1105969328901,319.635398801371));
#11435=CARTESIAN_POINT('Ctrl Pts',(300.304427047874,-74.9203822655672,319.058856519581));
#11436=CARTESIAN_POINT('Ctrl Pts',(299.51278200343,-74.8303209669873,317.427870218909));
#11437=CARTESIAN_POINT('Ctrl Pts',(299.512784587565,-74.8310997401334,316.485394220762));
#11438=CARTESIAN_POINT('Ctrl Pts',(302.667051251638,-75.1535756977438,319.63540288221));
#11439=CARTESIAN_POINT('Ctrl Pts',(301.960211509515,-75.0725784939963,319.63638967617));
#11440=CARTESIAN_POINT('Ctrl Pts',(300.306833405576,-74.8836920293795,319.061857824343));
#11441=CARTESIAN_POINT('Ctrl Pts',(299.51277318922,-74.7941647646108,317.428951420431));
#11442=CARTESIAN_POINT('Ctrl Pts',(299.512784587644,-74.794938518481,316.485365524821));
#11443=CARTESIAN_POINT('Ctrl Pts',(302.6744657477,-75.0867105282178,319.668042217881));
#11444=CARTESIAN_POINT('Ctrl Pts',(301.960066294001,-75.0067020910508,319.669566187837));
#11445=CARTESIAN_POINT('Ctrl Pts',(300.288198314938,-74.8199950244699,319.090217653974));
#11446=CARTESIAN_POINT('Ctrl Pts',(299.484761959243,-74.7314198968653,317.439473108248));
#11447=CARTESIAN_POINT('Ctrl Pts',(299.484778412084,-74.7321855549859,316.485315650065));
#11448=CARTESIAN_POINT('Ctrl Pts',(302.677091279461,-75.0630301162345,319.736143094275));
#11449=CARTESIAN_POINT('Ctrl Pts',(301.94751171969,-74.9821349504435,319.73659424909));
#11450=CARTESIAN_POINT('Ctrl Pts',(300.242130316499,-74.7935015277192,319.142548482394));
#11451=CARTESIAN_POINT('Ctrl Pts',(299.424061142448,-74.7041081522975,317.458514498118));
#11452=CARTESIAN_POINT('Ctrl Pts',(299.424068169227,-74.7048808808597,316.485293815828));
#11453=CARTESIAN_POINT('Ctrl Pts',(302.677093647804,-75.0630072498103,319.765300363187));
#11454=CARTESIAN_POINT('Ctrl Pts',(301.941064773071,-74.9813889560264,319.765296139535));
#11455=CARTESIAN_POINT('Ctrl Pts',(300.221425888801,-74.7911742887035,319.164960049291));
#11456=CARTESIAN_POINT('Ctrl Pts',(299.397109779031,-74.7011129901236,317.466663202878));
#11457=CARTESIAN_POINT('Ctrl Pts',(299.397112469813,-74.7018917632698,316.485291369888));
#11458=CARTESIAN_POINT('',(299.512784587565,-74.8310997401334,316.485394220762));
#11459=CARTESIAN_POINT('',(299.397112469813,-74.7018917632698,316.485291369888));
#11460=CARTESIAN_POINT('Origin',(299.382784587566,-74.8310997401334,316.485393864321));
#11461=CARTESIAN_POINT('Origin',(302.677112469861,-75.0656112021991,316.485300363181));
#11462=CARTESIAN_POINT('Origin',(302.662784587614,-75.1948191790627,316.485402857613));
#11463=CARTESIAN_POINT('Origin',(299.382784586884,-74.8298658878506,318.040830027974));
#11464=CARTESIAN_POINT('',(299.512784588318,-74.8322896579934,314.985342942026));
#11465=CARTESIAN_POINT('',(299.397112470565,-74.7030816811298,314.985240447532));
#11466=CARTESIAN_POINT('Origin',(299.382784588318,-74.8322896579934,314.985342941965));
#11467=CARTESIAN_POINT('',(299.397112469131,-74.700657910987,318.040727533541));
#11468=CARTESIAN_POINT('',(299.512784586884,-74.8298658878506,318.040830028035));
#11469=CARTESIAN_POINT('Ctrl Pts',(299.512784588231,-74.8322896560246,314.985347691332));
#11470=CARTESIAN_POINT('Ctrl Pts',(299.512796967497,-74.8328749392234,314.278493435412));
#11471=CARTESIAN_POINT('Ctrl Pts',(300.089352553639,-74.9008118858863,312.627022959484));
#11472=CARTESIAN_POINT('Ctrl Pts',(301.720338775599,-75.0897900175154,311.835394920346));
#11473=CARTESIAN_POINT('Ctrl Pts',(302.662811116936,-75.1986139849004,311.835402857753));
#11474=CARTESIAN_POINT('Ctrl Pts',(299.512784588735,-74.7961284341287,314.985318936159));
#11475=CARTESIAN_POINT('Ctrl Pts',(299.512803604628,-74.7967099451148,314.277632260549));
#11476=CARTESIAN_POINT('Ctrl Pts',(300.091121059155,-74.8642373171644,312.624107362372));
#11477=CARTESIAN_POINT('Ctrl Pts',(301.724669548761,-75.0519418509018,311.834072418019));
#11478=CARTESIAN_POINT('Ctrl Pts',(302.66710016458,-75.1599356099212,311.835402893875));
#11479=CARTESIAN_POINT('Ctrl Pts',(299.484778430884,-74.7333754517697,314.98526854491));
#11480=CARTESIAN_POINT('Ctrl Pts',(299.484801362472,-74.7339508784342,314.269653228216));
#11481=CARTESIAN_POINT('Ctrl Pts',(300.070007706208,-74.8007679885474,312.59779887918));
#11482=CARTESIAN_POINT('Ctrl Pts',(301.722021982645,-74.9863338740512,311.800646973227));
#11483=CARTESIAN_POINT('Ctrl Pts',(302.674522245646,-75.093006211217,311.802694032464));
#11484=CARTESIAN_POINT('Ctrl Pts',(299.424068170125,-74.7060707964547,314.985245769192));
#11485=CARTESIAN_POINT('Ctrl Pts',(299.424084228711,-74.7066515368755,314.255333089711));
#11486=CARTESIAN_POINT('Ctrl Pts',(300.019907324396,-74.7740810813433,312.550026439753));
#11487=CARTESIAN_POINT('Ctrl Pts',(301.704381902169,-74.9615252595057,311.73387166556));
#11488=CARTESIAN_POINT('Ctrl Pts',(302.677142387383,-75.0693831100444,311.734486945338));
#11489=CARTESIAN_POINT('Ctrl Pts',(299.397112470498,-74.7030816791609,314.985242920185));
#11490=CARTESIAN_POINT('Ctrl Pts',(299.397125360654,-74.7036669623597,314.249216901325));
#11491=CARTESIAN_POINT('Ctrl Pts',(299.997475304318,-74.7716039090226,312.529590500998));
#11492=CARTESIAN_POINT('Ctrl Pts',(301.695772068767,-74.9605820406517,311.705292098343));
#11493=CARTESIAN_POINT('Ctrl Pts',(302.67714009403,-75.0694060080368,311.705300363325));
#11494=CARTESIAN_POINT('',(302.662811116935,-75.1986139849006,311.835402857559));
#11495=CARTESIAN_POINT('',(302.67714009403,-75.0694060080368,311.705300363325));
#11496=CARTESIAN_POINT('Origin',(302.662812211782,-75.1986139849004,311.705402857758));
#11497=CARTESIAN_POINT('Origin',(302.677112470201,-75.0668010796189,314.985300363414));
#11498=CARTESIAN_POINT('Origin',(302.662784587954,-75.1960090564826,314.985402857847));
#11499=CARTESIAN_POINT('Origin',(310.246845839221,-76.0396080427837,311.705402857559));
#11500=CARTESIAN_POINT('',(305.465662868588,-75.3786255076962,311.705300363126));
#11501=CARTESIAN_POINT('',(310.261173721469,-75.9104000659201,311.705300363126));
#11502=CARTESIAN_POINT('',(305.451326221253,-75.5078325125985,311.835402857559));
#11503=CARTESIAN_POINT('',(310.246845839221,-76.0396080427837,311.835402857559));
#11504=CARTESIAN_POINT('Ctrl Pts',(305.451326206183,-75.5078325107619,311.835402857559));
#11505=CARTESIAN_POINT('Ctrl Pts',(305.451465579723,-75.5065764271224,311.835402857558));
#11506=CARTESIAN_POINT('Ctrl Pts',(305.451604973647,-75.5053204079991,311.835384428556));
#11507=CARTESIAN_POINT('Ctrl Pts',(305.453536722226,-75.4879099444276,311.834873409682));
#11508=CARTESIAN_POINT('Ctrl Pts',(305.455303714927,-75.4719859340049,311.831353733554));
#11509=CARTESIAN_POINT('Ctrl Pts',(305.458670158824,-75.4416462887887,311.818327633819));
#11510=CARTESIAN_POINT('Ctrl Pts',(305.460227679746,-75.4276093776013,311.808706136358));
#11511=CARTESIAN_POINT('Ctrl Pts',(305.462848321002,-75.4039912193245,311.784591125611));
#11512=CARTESIAN_POINT('Ctrl Pts',(305.463886388154,-75.394635775124,311.770328165459));
#11513=CARTESIAN_POINT('Ctrl Pts',(305.465301163181,-75.3818853365332,311.738996973545));
#11514=CARTESIAN_POINT('Ctrl Pts',(305.46566433776,-75.3786122425117,311.722228285005));
#11515=CARTESIAN_POINT('Ctrl Pts',(305.465662868588,-75.3786255076962,311.705300363126));
#11516=CARTESIAN_POINT('Origin',(317.40186836315,-76.834670356869,311.705402857559));
#11517=CARTESIAN_POINT('',(309.962782050527,-76.0087278072186,311.835402857559));
#11518=CARTESIAN_POINT('',(317.40186836315,-76.834670356869,311.835402857559));
#11519=CARTESIAN_POINT('Origin',(309.962782050527,-76.0087278072186,311.705402857559));
#11520=CARTESIAN_POINT('Ctrl Pts',(305.465604805876,-75.3786191051262,311.7052549696));
#11521=CARTESIAN_POINT('Ctrl Pts',(305.465662866533,-75.3786255254725,311.705277666392));
#11522=CARTESIAN_POINT('Ctrl Pts',(305.465662868588,-75.3786255076962,311.705300363126));
#11523=CARTESIAN_POINT('Ctrl Pts',(309.962781952521,-76.008727784263,311.835402857559));
#11524=CARTESIAN_POINT('Ctrl Pts',(310.637021908672,-76.0866763308238,311.835402293532));
#11525=CARTESIAN_POINT('Ctrl Pts',(312.212083037569,-76.268145631171,312.357904976867));
#11526=CARTESIAN_POINT('Ctrl Pts',(313.039405751272,-76.3620009907818,313.860645489375));
#11527=CARTESIAN_POINT('Ctrl Pts',(313.104512779474,-76.3684593583721,314.757271384945));
#11528=CARTESIAN_POINT('Ctrl Pts',(309.964929575945,-75.9893846036872,311.835402855763));
#11529=CARTESIAN_POINT('Ctrl Pts',(310.639192642033,-76.067041469309,311.835863242874));
#11530=CARTESIAN_POINT('Ctrl Pts',(312.213488736587,-76.2477866845131,312.359491490472));
#11531=CARTESIAN_POINT('Ctrl Pts',(313.039505380324,-76.3412160680987,313.86144996148));
#11532=CARTESIAN_POINT('Ctrl Pts',(313.104523179495,-76.3476454652744,314.757414609546));
#11533=CARTESIAN_POINT('Ctrl Pts',(309.969216295094,-75.9507749825244,311.826489354928));
#11534=CARTESIAN_POINT('Ctrl Pts',(310.64544217484,-76.0278520438082,311.827595709922));
#11535=CARTESIAN_POINT('Ctrl Pts',(312.223160791092,-76.2071613120392,312.354294156371));
#11536=CARTESIAN_POINT('Ctrl Pts',(313.049656775478,-76.2997498051974,313.859393564712));
#11537=CARTESIAN_POINT('Ctrl Pts',(313.114733303213,-76.3061216367464,314.75696045849));
#11538=CARTESIAN_POINT('Ctrl Pts',(309.975251385261,-75.8964179000497,311.782937711215));
#11539=CARTESIAN_POINT('Ctrl Pts',(310.660834821399,-75.9730719630974,311.784094502631));
#11540=CARTESIAN_POINT('Ctrl Pts',(312.260318952231,-76.1513362598978,312.318150781682));
#11541=CARTESIAN_POINT('Ctrl Pts',(313.098106845938,-76.2433159415497,313.843905214181));
#11542=CARTESIAN_POINT('Ctrl Pts',(313.164074002756,-76.2496470467676,314.753768326101));
#11543=CARTESIAN_POINT('Ctrl Pts',(309.977130939942,-75.879488791429,311.734448007635));
#11544=CARTESIAN_POINT('Ctrl Pts',(310.673017346485,-75.9567420414791,311.734888873057));
#11545=CARTESIAN_POINT('Ctrl Pts',(312.297869583633,-76.1365211483362,312.275213681426));
#11546=CARTESIAN_POINT('Ctrl Pts',(313.150461174193,-76.2294231679216,313.825303265329));
#11547=CARTESIAN_POINT('Ctrl Pts',(313.217568390358,-76.2358146474157,314.749979603731));
#11548=CARTESIAN_POINT('Ctrl Pts',(309.977127251115,-75.8795217959448,311.7052549696));
#11549=CARTESIAN_POINT('Ctrl Pts',(310.679192983234,-75.9574703425056,311.705254382296));
#11550=CARTESIAN_POINT('Ctrl Pts',(312.319256634909,-76.1389396428527,312.249320668435));
#11551=CARTESIAN_POINT('Ctrl Pts',(313.180722825686,-76.2327950024636,313.814079043363));
#11552=CARTESIAN_POINT('Ctrl Pts',(313.248516810607,-76.2392533700539,314.74770854732));
#11553=CARTESIAN_POINT('',(313.104510904499,-76.3684591723801,314.757245565067));
#11554=CARTESIAN_POINT('Ctrl Pts',(313.104510904493,-76.3684591723793,314.75724556507));
#11555=CARTESIAN_POINT('Ctrl Pts',(313.104521485664,-76.3476452978307,314.757391267748));
#11556=CARTESIAN_POINT('Ctrl Pts',(313.109626724537,-76.3268834018487,314.757166623036));
#11557=CARTESIAN_POINT('Ctrl Pts',(313.119228102709,-76.3084346640643,314.756599487324));
#11558=CARTESIAN_POINT('Ctrl Pts',(313.128829480882,-76.2899859262799,314.756032351611));
#11559=CARTESIAN_POINT('Ctrl Pts',(313.142926998426,-76.2738503467004,314.755122725679));
#11560=CARTESIAN_POINT('Ctrl Pts',(313.159944682742,-76.2619558219086,314.753971745307));
#11561=CARTESIAN_POINT('Ctrl Pts',(313.185471209216,-76.2441140347209,314.752245274749));
#11562=CARTESIAN_POINT('Ctrl Pts',(313.217568111466,-76.2358146208472,314.74997576295));
#11563=CARTESIAN_POINT('Ctrl Pts',(313.248516810607,-76.2392533700539,314.74770854732));
#11564=CARTESIAN_POINT('Origin',(309.962784587614,-76.0049738317563,314.985402857613));
#11565=CARTESIAN_POINT('Ctrl Pts',(313.104508130353,-76.3684588836091,314.757207368278));
#11566=CARTESIAN_POINT('Ctrl Pts',(313.110023770758,-76.3690330316341,314.833144966193));
#11567=CARTESIAN_POINT('Ctrl Pts',(313.112785007703,-76.3692889731366,314.909282591881));
#11568=CARTESIAN_POINT('Ctrl Pts',(313.112784587622,-76.369226035777,314.985420237405));
#11569=CARTESIAN_POINT('Ctrl Pts',(313.104519048988,-76.3476470325816,314.757357692604));
#11570=CARTESIAN_POINT('Ctrl Pts',(313.110026965542,-76.348218605786,314.833239389296));
#11571=CARTESIAN_POINT('Ctrl Pts',(313.11278460688,-76.3484734048337,314.909322526921));
#11572=CARTESIAN_POINT('Ctrl Pts',(313.112784587713,-76.3484107498381,314.985403712912));
#11573=CARTESIAN_POINT('Ctrl Pts',(313.114728211893,-76.3061272446108,314.756917641998));
#11574=CARTESIAN_POINT('Ctrl Pts',(313.120240873833,-76.3066937015188,314.832935183795));
#11575=CARTESIAN_POINT('Ctrl Pts',(313.123001152381,-76.3069462520732,314.909154004797));
#11576=CARTESIAN_POINT('Ctrl Pts',(313.1230016925,-76.3068841581485,314.985370802842));
#11577=CARTESIAN_POINT('Ctrl Pts',(313.164061373363,-76.2496551366859,314.753744435209));
#11578=CARTESIAN_POINT('Ctrl Pts',(313.169649477824,-76.2502179737638,314.830803392363));
#11579=CARTESIAN_POINT('Ctrl Pts',(313.172447490485,-76.250468874998,314.908065343498));
#11580=CARTESIAN_POINT('Ctrl Pts',(313.172448046608,-76.2504071780094,314.985326240648));
#11581=CARTESIAN_POINT('Ctrl Pts',(313.217548563403,-76.2358175128845,314.749959931127));
#11582=CARTESIAN_POINT('Ctrl Pts',(313.223233506772,-76.2363857157699,314.828273296339));
#11583=CARTESIAN_POINT('Ctrl Pts',(313.226079823668,-76.2366391256523,314.906796290476));
#11584=CARTESIAN_POINT('Ctrl Pts',(313.226079746664,-76.2365768402122,314.985315557156));
#11585=CARTESIAN_POINT('Ctrl Pts',(313.24849444452,-76.2392509067455,314.747687282222));
#11586=CARTESIAN_POINT('Ctrl Pts',(313.25423771453,-76.2398250547705,314.826758812749));
#11587=CARTESIAN_POINT('Ctrl Pts',(313.257112907285,-76.2400809962729,314.906038626164));
#11588=CARTESIAN_POINT('Ctrl Pts',(313.257112469867,-76.2400180589133,314.985318460234));
#11589=CARTESIAN_POINT('',(313.112784587624,-76.3692260357772,314.985420237405));
#11590=CARTESIAN_POINT('Origin',(309.962784587614,-76.005506604074,314.985402857613));
#11591=CARTESIAN_POINT('',(313.257112469867,-76.2400180589133,314.985318460234));
#11592=CARTESIAN_POINT('Origin',(313.24278458762,-76.369226035777,314.985420954667));
#11593=CARTESIAN_POINT('Origin',(309.977112469862,-75.8762986272103,314.985300363181));
#11594=CARTESIAN_POINT('Origin',(313.242784587247,-76.366206393715,318.792084648121));
#11595=CARTESIAN_POINT('',(313.257112469494,-76.2369984168513,318.791982153688));
#11596=CARTESIAN_POINT('',(313.112784587247,-76.366206393715,318.792084648108));
#11597=CARTESIAN_POINT('Origin',(302.662784587954,-82.2626578172826,314.985402857847));
#11598=CARTESIAN_POINT('',(299.512784588318,-81.6126578172826,314.985342942026));
#11599=CARTESIAN_POINT('',(299.512784588318,-82.2626578172826,314.985342942026));
#11600=CARTESIAN_POINT('',(302.662811116935,-81.6126578172826,311.835402857559));
#11601=CARTESIAN_POINT('Origin',(302.662784587954,-81.6126578172826,314.985402857847));
#11602=CARTESIAN_POINT('',(302.662811116935,-82.2626578172826,311.835402857559));
#11603=CARTESIAN_POINT('Origin',(299.512784588318,-82.2626578172826,314.985342942026));
#11604=CARTESIAN_POINT('',(299.512784587565,-81.6126578172826,316.485394220762));
#11605=CARTESIAN_POINT('',(299.512784587565,-82.2626578172826,316.485394220762));
#11606=CARTESIAN_POINT('',(299.512784588142,-81.6126578172826,315.36037289821));
#11607=CARTESIAN_POINT('Origin',(302.662784587614,-82.2626578172826,316.485402857613));
#11608=CARTESIAN_POINT('',(302.662764966014,-81.6126578172826,319.635402857613));
#11609=CARTESIAN_POINT('',(302.662764966014,-82.2626578172826,319.635402857613));
#11610=CARTESIAN_POINT('Origin',(302.662784587614,-81.6126578172826,316.485402857613));
#11611=CARTESIAN_POINT('Origin',(302.662764966014,-82.2626578172826,319.635402857613));
#11612=CARTESIAN_POINT('',(309.962782670941,-81.6126578172826,319.635402857613));
#11613=CARTESIAN_POINT('',(309.962782670941,-82.2626578172826,319.635402857613));
#11614=CARTESIAN_POINT('',(304.487774776812,-81.6126578172826,319.635402857613));
#11615=CARTESIAN_POINT('Origin',(309.962784587614,-82.2626578172826,316.485402857613));
#11616=CARTESIAN_POINT('',(313.112784587475,-81.6126578172826,316.485414767518));
#11617=CARTESIAN_POINT('',(313.112784587475,-82.2626578172826,316.485414767518));
#11618=CARTESIAN_POINT('Origin',(309.962784587614,-81.6126578172826,316.485402857613));
#11619=CARTESIAN_POINT('Origin',(309.860911580041,-75.8585602036995,321.103029206745));
#11620=CARTESIAN_POINT('',(295.534972973779,-74.2622144929451,330.861980997872));
#11621=CARTESIAN_POINT('',(295.4665160038,-74.2634485983688,319.736501905061));
#11622=CARTESIAN_POINT('',(310.400228809806,-75.9123145531803,328.730594882072));
#11623=CARTESIAN_POINT('Origin',(309.962784587614,-81.6126578172826,316.485402857613));
#11624=CARTESIAN_POINT('',(312.862784587477,-81.8626578172826,316.485413822288));
#11625=CARTESIAN_POINT('Origin',(312.862784587477,-81.6126578172826,316.485413822288));
#11626=CARTESIAN_POINT('',(309.962782823058,-81.8626578172826,319.385402857496));
#11627=CARTESIAN_POINT('Origin',(309.962784587614,-81.8626578172826,316.485402857613));
#11628=CARTESIAN_POINT('Origin',(309.962782823058,-81.6126578172826,319.385402857496));
#11629=CARTESIAN_POINT('Origin',(304.487774776812,-81.6126578172826,319.385402857613));
#11630=CARTESIAN_POINT('',(302.662764966014,-81.8626578172826,319.385402857613));
#11631=CARTESIAN_POINT('Origin',(302.662764966014,-81.6126578172826,319.385402857613));
#11632=CARTESIAN_POINT('',(304.487774776812,-81.8626578172826,319.385402857613));
#11633=CARTESIAN_POINT('Origin',(302.662784587614,-81.6126578172826,316.485402857613));
#11634=CARTESIAN_POINT('',(299.762784587564,-81.8626578172826,316.485394906227));
#11635=CARTESIAN_POINT('Origin',(299.762784587564,-81.6126578172826,316.485394906227));
#11636=CARTESIAN_POINT('Origin',(302.662784587614,-81.8626578172826,316.485402857613));
#11637=CARTESIAN_POINT('Origin',(299.762784588142,-81.6126578172826,315.360372898327));
#11638=CARTESIAN_POINT('',(299.762784588318,-81.8626578172826,314.985342942143));
#11639=CARTESIAN_POINT('Origin',(299.762784588318,-81.6126578172826,314.985342942143));
#11640=CARTESIAN_POINT('',(299.762784588142,-81.8626578172826,315.360372898327));
#11641=CARTESIAN_POINT('Origin',(302.662784587954,-81.6126578172826,314.985402857847));
#11642=CARTESIAN_POINT('',(302.662809011461,-81.8626578172826,312.085402857744));
#11643=CARTESIAN_POINT('Origin',(302.662809011461,-81.6126578172826,312.085402857744));
#11644=CARTESIAN_POINT('Origin',(302.662784587954,-81.8626578172826,314.985402857847));
#11645=CARTESIAN_POINT('Origin',(308.137783319069,-81.6126578172826,312.085402857559));
#11646=CARTESIAN_POINT('',(309.962782050527,-81.8626578172826,312.085402857559));
#11647=CARTESIAN_POINT('',(309.962782050527,-81.6126578172826,311.835402857559));
#11648=CARTESIAN_POINT('Origin',(309.962782050527,-81.6126578172826,312.085402857559));
#11649=CARTESIAN_POINT('',(308.137783319069,-81.6126578172826,311.835402857559));
#11650=CARTESIAN_POINT('',(308.137783319069,-81.8626578172826,312.085402857559));
#11651=CARTESIAN_POINT('Origin',(309.962784587614,-81.6126578172826,314.985402857613));
#11652=CARTESIAN_POINT('',(312.862784587625,-81.8626578172826,314.985418858057));
#11653=CARTESIAN_POINT('',(313.112784587624,-81.6126578172826,314.985420237405));
#11654=CARTESIAN_POINT('Origin',(312.862784587625,-81.6126578172826,314.985418858057));
#11655=CARTESIAN_POINT('Origin',(309.962784587614,-81.6126578172826,314.985402857613));
#11656=CARTESIAN_POINT('Origin',(309.962784587614,-81.8626578172826,314.985402857613));
#11657=CARTESIAN_POINT('Origin',(312.862784587512,-81.6126578172826,316.110408812864));
#11658=CARTESIAN_POINT('',(313.112784587512,-81.6126578172826,316.110408812889));
#11659=CARTESIAN_POINT('',(312.862784587512,-81.8626578172826,316.110408812864));
#11660=CARTESIAN_POINT('Origin',(309.962782050527,-82.2626578172826,311.835402857559));
#11661=CARTESIAN_POINT('',(309.962782050527,-82.2626578172826,311.835402857559));
#11662=CARTESIAN_POINT('Origin',(309.962784587614,-82.2626578172826,314.985402857613));
#11663=CARTESIAN_POINT('',(313.112784587624,-82.2626578172826,314.985420237405));
#11664=CARTESIAN_POINT('Origin',(313.112784587475,-82.2626578172826,316.485414767518));
#11665=CARTESIAN_POINT('Origin',(306.312784587612,-81.8626578172826,315.735402857586));
#11666=CARTESIAN_POINT('',(309.96278717112,-81.8626578172826,314.035402857499));
#11667=CARTESIAN_POINT('',(310.912784587626,-81.8626578172826,314.985417908668));
#11668=CARTESIAN_POINT('Origin',(309.962784587628,-81.8626578172826,314.985402857613));
#11669=CARTESIAN_POINT('',(310.91278458748,-81.8626578172826,316.485414193135));
#11670=CARTESIAN_POINT('',(310.912784587516,-81.8626578172826,316.110408525581));
#11671=CARTESIAN_POINT('',(309.962793456298,-81.8626578172826,317.435402857613));
#11672=CARTESIAN_POINT('Origin',(309.962784587614,-81.8626578172826,316.485402857613));
#11673=CARTESIAN_POINT('',(302.662780795889,-81.8626578172826,317.435402857613));
#11674=CARTESIAN_POINT('',(304.48778269175,-81.8626578172826,317.435402857613));
#11675=CARTESIAN_POINT('',(301.712784587613,-81.8626578172826,316.485399497661));
#11676=CARTESIAN_POINT('Origin',(302.662784587614,-81.8626578172826,316.485402857613));
#11677=CARTESIAN_POINT('',(301.712784588062,-81.8626578172826,314.985367588661));
#11678=CARTESIAN_POINT('',(301.71278458795,-81.8626578172826,315.360385222435));
#11679=CARTESIAN_POINT('',(302.662809500498,-81.8626578172826,314.035402857613));
#11680=CARTESIAN_POINT('Origin',(302.662784587902,-81.8626578172826,314.985402857778));
#11681=CARTESIAN_POINT('',(308.137785879352,-81.8626578172826,314.035402857528));
#11682=CARTESIAN_POINT('Origin',(302.662784587614,-82.7626578172826,316.485402857613));
#11683=CARTESIAN_POINT('',(302.662780795889,-82.2626578172826,317.435402857613));
#11684=CARTESIAN_POINT('',(301.712784587613,-82.7626578172826,316.485399497661));
#11685=CARTESIAN_POINT('Origin',(302.662780795889,-82.7626578172826,317.435402857613));
#11686=CARTESIAN_POINT('',(309.962793456298,-82.2626578172826,317.435402857613));
#11687=CARTESIAN_POINT('Origin',(309.962784587614,-82.7626578172826,316.485402857613));
#11688=CARTESIAN_POINT('',(310.91278458748,-82.2626578172826,316.485414193135));
#11689=CARTESIAN_POINT('Origin',(310.91278458748,-82.7626578172826,316.485414193135));
#11690=CARTESIAN_POINT('',(310.912784587626,-82.2626578172826,314.985417908668));
#11691=CARTESIAN_POINT('Origin',(301.221174093724,-86.6126578172826,321.985402857613));
#11692=CARTESIAN_POINT('',(313.606620376419,-86.6126578172826,320.985402857613));
#11693=CARTESIAN_POINT('',(313.253674093724,-85.7626578222188,321.458620154041));
#11694=CARTESIAN_POINT('Ctrl Pts',(313.606620376419,-86.6126578172822,320.985402857613));
#11695=CARTESIAN_POINT('Ctrl Pts',(313.561148986272,-86.5673440407473,320.985402857613));
#11696=CARTESIAN_POINT('Ctrl Pts',(313.51969195367,-86.518718856788,320.988498992744));
#11697=CARTESIAN_POINT('Ctrl Pts',(313.436074399667,-86.4035946420122,321.005346080629));
#11698=CARTESIAN_POINT('Ctrl Pts',(313.3929304547,-86.329616611432,321.023012224324));
#11699=CARTESIAN_POINT('Ctrl Pts',(313.326110691119,-86.1812507932379,321.079756091171));
#11700=CARTESIAN_POINT('Ctrl Pts',(313.302242784788,-86.107044313293,321.119081098755));
#11701=CARTESIAN_POINT('Ctrl Pts',(313.260785110653,-85.9342157285017,321.239004894987));
#11702=CARTESIAN_POINT('Ctrl Pts',(313.253674094326,-85.8358911617411,321.340453150354));
#11703=CARTESIAN_POINT('Ctrl Pts',(313.253674093724,-85.7626578271551,321.458620154041));
#11704=CARTESIAN_POINT('Ctrl Pts',(313.253674093724,-85.7626578271551,321.458620154041));
#11705=CARTESIAN_POINT('Ctrl Pts',(313.253674093622,-85.7502527431995,321.478636607065));
#11706=CARTESIAN_POINT('Ctrl Pts',(313.253866213748,-85.7385403289841,321.499115955736));
#11707=CARTESIAN_POINT('Ctrl Pts',(313.256404650692,-85.6517801542405,321.664112263567));
#11708=CARTESIAN_POINT('Ctrl Pts',(313.263086003745,-85.6126578172826,321.828211453987));
#11709=CARTESIAN_POINT('Ctrl Pts',(313.263086003745,-85.6126578172826,321.985402857613));
#11710=CARTESIAN_POINT('',(308.453674093724,-86.6126578172826,320.985402857613));
#11711=CARTESIAN_POINT('Origin',(308.453674093724,-86.6126578172826,321.985402857613));
#11712=CARTESIAN_POINT('',(301.221174093724,-86.6126578172826,320.985402857613));
#11713=CARTESIAN_POINT('Origin',(301.221174093724,-86.6126578172826,321.985402857613));
#11714=CARTESIAN_POINT('',(316.900222683063,-86.6126578172826,320.985402857613));
#11715=CARTESIAN_POINT('Ctrl Pts',(316.900222683063,-86.6126578172826,320.985402857613));
#11716=CARTESIAN_POINT('Ctrl Pts',(316.942224649237,-86.4917638748227,320.985402857613));
#11717=CARTESIAN_POINT('Ctrl Pts',(316.97713670241,-86.3593498367179,321.008856731859));
#11718=CARTESIAN_POINT('Ctrl Pts',(317.023063833468,-86.1121449336808,321.109449562384));
#11719=CARTESIAN_POINT('Ctrl Pts',(317.034601197588,-85.9974958801785,321.186697802428));
#11720=CARTESIAN_POINT('Ctrl Pts',(317.04462723192,-85.8177453669754,321.36576578511));
#11721=CARTESIAN_POINT('Ctrl Pts',(317.044086689753,-85.740443047659,321.47834915301));
#11722=CARTESIAN_POINT('Ctrl Pts',(317.041176026532,-85.6378993510457,321.725195285979));
#11723=CARTESIAN_POINT('Ctrl Pts',(317.039326815958,-85.6126578172826,321.859463853469));
#11724=CARTESIAN_POINT('Ctrl Pts',(317.039326815958,-85.6126578172826,321.985402857613));
#11725=CARTESIAN_POINT('',(315.300727811029,-86.6126578172826,320.985402857613));
#11726=CARTESIAN_POINT('Ctrl Pts',(315.644262183703,-85.6126578172826,321.985402857613));
#11727=CARTESIAN_POINT('Ctrl Pts',(315.644262183703,-85.6126578172826,321.828211453987));
#11728=CARTESIAN_POINT('Ctrl Pts',(315.650943536755,-85.6517801542405,321.664112263567));
#11729=CARTESIAN_POINT('Ctrl Pts',(315.655378052453,-85.8033456117813,321.375872400487));
#11730=CARTESIAN_POINT('Ctrl Pts',(315.650965854052,-85.9158614484227,321.251740721915));
#11731=CARTESIAN_POINT('Ctrl Pts',(315.60510540266,-86.107044313293,321.119081098755));
#11732=CARTESIAN_POINT('Ctrl Pts',(315.581237496329,-86.1812507932379,321.079756091171));
#11733=CARTESIAN_POINT('Ctrl Pts',(315.514417732748,-86.329616611432,321.023012224324));
#11734=CARTESIAN_POINT('Ctrl Pts',(315.47127378778,-86.4035946420122,321.005346080629));
#11735=CARTESIAN_POINT('Ctrl Pts',(315.387656233777,-86.518718856788,320.988498992744));
#11736=CARTESIAN_POINT('Ctrl Pts',(315.346199201176,-86.5673440407473,320.985402857613));
#11737=CARTESIAN_POINT('Ctrl Pts',(315.300727811029,-86.6126578172822,320.985402857613));
#11738=CARTESIAN_POINT('',(301.221174093724,-86.6126578172826,320.985402857613));
#11739=CARTESIAN_POINT('Origin',(301.712784588062,-82.7626578172826,314.985367588661));
#11740=CARTESIAN_POINT('',(301.712784588062,-82.7626578172826,314.985367588661));
#11741=CARTESIAN_POINT('Origin',(302.662784587902,-82.7626578172826,314.985402857778));
#11742=CARTESIAN_POINT('',(302.662809500498,-82.7626578172826,314.035402857613));
#11743=CARTESIAN_POINT('Origin',(309.96278717112,-82.7626578172826,314.035402857499));
#11744=CARTESIAN_POINT('',(309.96278717112,-82.7626578172826,314.035402857499));
#11745=CARTESIAN_POINT('Origin',(309.962784587628,-82.7626578172826,314.985402857613));
#11746=CARTESIAN_POINT('Origin',(306.543674093724,-101.762657817283,326.985402857613));
#11747=CARTESIAN_POINT('Origin',(314.453674093724,-85.7626578172826,326.985402857613));
#11748=CARTESIAN_POINT('Origin',(329.043674093724,-83.7626578172826,328.985402857613));
#11749=CARTESIAN_POINT('',(329.043674093724,-114.262979512766,328.342725452672));
#11750=CARTESIAN_POINT('',(329.043674093724,-114.262979512766,309.579099652652));
#11751=CARTESIAN_POINT('',(329.043674093724,-89.2629795127664,328.342725452672));
#11752=CARTESIAN_POINT('',(329.043674093724,-89.2629795127663,315.664064155143));
#11753=CARTESIAN_POINT('',(329.043674093724,-105.012818665025,328.342725452672));
#11754=CARTESIAN_POINT('Origin',(329.043674093724,-119.762657817283,303.985402857613));
#11755=CARTESIAN_POINT('',(329.043674093724,-83.7626578172826,305.413550864355));
#11756=CARTESIAN_POINT('',(329.043674093724,-83.7626578172826,303.985402857613));
#11757=CARTESIAN_POINT('',(329.043674093724,-89.2629795127663,305.413550864355));
#11758=CARTESIAN_POINT('',(329.043674093724,-110.762658551964,305.413550864355));
#11759=CARTESIAN_POINT('',(329.043674093724,-89.2629795127663,315.664064155143));
#11760=CARTESIAN_POINT('Origin',(328.043674093724,-83.7626578172826,303.985402857613));
#11761=CARTESIAN_POINT('Origin',(328.043674093724,-83.7626578172826,305.413550864356));
#11762=CARTESIAN_POINT('Origin',(314.453674093724,-85.7626578172826,318.985402857613));
#11763=CARTESIAN_POINT('',(313.253674093724,-85.7626578172826,318.985402857613));
#11764=CARTESIAN_POINT('',(313.253674093724,-85.7626578172826,318.985402857613));
#11765=CARTESIAN_POINT('Origin',(314.453674093724,-85.7626578172826,318.985402857613));
#11766=CARTESIAN_POINT('Origin',(314.453674093724,-85.7626578172826,320.985402857613));
#11767=CARTESIAN_POINT('Origin',(314.453674093724,-85.7626578172826,318.985402857613));
#11768=CARTESIAN_POINT('',(314.453674093724,-88.3526578172826,318.985402857613));
#11769=CARTESIAN_POINT('Origin',(314.453674093724,-85.7626578172826,318.985402857613));
#11770=CARTESIAN_POINT('',(314.453674093724,-88.3526578172826,320.985402857613));
#11771=CARTESIAN_POINT('Origin',(314.453674093724,-85.7626578172826,320.985402857613));
#11772=CARTESIAN_POINT('',(314.453674093724,-88.3526578172826,318.985402857613));
#11773=CARTESIAN_POINT('Origin',(308.453674093724,-88.3526578172826,318.985402857613));
#11774=CARTESIAN_POINT('',(308.453674093724,-88.3526578172826,318.985402857613));
#11775=CARTESIAN_POINT('',(308.453674093724,-88.3526578172826,318.985402857613));
#11776=CARTESIAN_POINT('',(308.453674093724,-88.3526578172826,320.985402857613));
#11777=CARTESIAN_POINT('',(308.453674093724,-88.3526578172826,320.985402857613));
#11778=CARTESIAN_POINT('',(308.453674093724,-88.3526578172826,318.985402857613));
#11779=CARTESIAN_POINT('Origin',(308.453674093724,-82.7626578172826,318.985402857613));
#11780=CARTESIAN_POINT('',(308.453674093724,-82.7626578172826,318.985402857613));
#11781=CARTESIAN_POINT('',(308.453674093724,-82.7626578172826,320.985402857613));
#11782=CARTESIAN_POINT('Origin',(317.043674093724,-85.6126578172826,318.985402857613));
#11783=CARTESIAN_POINT('',(317.043674093724,-85.7626578172826,318.985402857613));
#11784=CARTESIAN_POINT('Origin',(312.748674093724,-85.5576578172826,318.985402857613));
#11785=CARTESIAN_POINT('Origin',(312.748674093724,-85.5576578172826,320.985402857613));
#11786=CARTESIAN_POINT('Origin',(300.543674093724,-86.2969151440814,334.014992543334));
#11787=CARTESIAN_POINT('',(312.543674093724,-86.2969151440814,331.614992543334));
#11788=CARTESIAN_POINT('',(300.543674093724,-86.2969151440814,331.614992543334));
#11789=CARTESIAN_POINT('',(303.543674093724,-86.2969151440814,331.614992543334));
#11790=CARTESIAN_POINT('',(312.543674093724,-86.2969151440814,334.014992543334));
#11791=CARTESIAN_POINT('',(312.543674093724,-86.2969151440814,334.014992543334));
#11792=CARTESIAN_POINT('',(300.543674093724,-86.2969151440814,334.014992543334));
#11793=CARTESIAN_POINT('',(312.543674093724,-86.2969151440814,334.014992543334));
#11794=CARTESIAN_POINT('',(300.543674093724,-86.2969151440814,334.014992543334));
#11795=CARTESIAN_POINT('Origin',(300.543674093724,-89.2969151440814,334.014992543334));
#11796=CARTESIAN_POINT('',(300.543674093724,-88.7256559413846,331.614992543334));
#11797=CARTESIAN_POINT('',(300.543674093724,-88.3758508123817,331.614992543334));
#11798=CARTESIAN_POINT('',(300.543674093724,-89.2969151440814,334.014992543334));
#11799=CARTESIAN_POINT('',(300.543674093724,-89.2969151440814,334.014992543334));
#11800=CARTESIAN_POINT('',(300.543674093724,-89.2969151440814,332.014992543334));
#11801=CARTESIAN_POINT('',(300.543674093724,-89.2969151440814,334.414992543334));
#11802=CARTESIAN_POINT('',(300.543674093724,-89.6239466538001,332.243982471671));
#11803=CARTESIAN_POINT('Origin',(312.543674093724,-86.2969151440814,334.014992543334));
#11804=CARTESIAN_POINT('',(312.543674093724,-88.7256559413846,331.614992543334));
#11805=CARTESIAN_POINT('',(312.543674093724,-86.8758508123817,331.614992543334));
#11806=CARTESIAN_POINT('',(312.543674093724,-89.2969151440814,332.014992543334));
#11807=CARTESIAN_POINT('',(312.543674093724,-88.6174315463059,331.539213006082));
#11808=CARTESIAN_POINT('',(312.543674093724,-89.2969151440814,334.014992543334));
#11809=CARTESIAN_POINT('',(312.543674093724,-89.2969151440814,334.414992543334));
#11810=CARTESIAN_POINT('',(312.543674093724,-89.2969151440814,334.014992543334));
#11811=CARTESIAN_POINT('Origin',(306.543674093724,-87.7969151440814,334.014992543334));
#11812=CARTESIAN_POINT('',(297.468674093724,-89.2969151440814,334.014992543334));
#11813=CARTESIAN_POINT('Origin',(306.543678225506,-117.228400490483,334.014992543334));
#11814=CARTESIAN_POINT('',(300.543678225506,-117.228402093426,331.614992543334));
#11815=CARTESIAN_POINT('',(306.543678225506,-117.228400490483,331.614992543334));
#11816=CARTESIAN_POINT('',(306.543676314282,-117.228400490484,331.614992543334));
#11817=CARTESIAN_POINT('',(300.543678225506,-117.228402093426,334.014992543334));
#11818=CARTESIAN_POINT('',(300.543678225506,-117.228402093426,334.014992543334));
#11819=CARTESIAN_POINT('',(306.543678225506,-117.228400490483,334.014992543334));
#11820=CARTESIAN_POINT('',(306.543678225506,-117.228400490483,334.014992543334));
#11821=CARTESIAN_POINT('',(306.543678225506,-117.228400490483,334.014992543334));
#11822=CARTESIAN_POINT('Origin',(312.543678225506,-117.228400490483,334.014992543334));
#11823=CARTESIAN_POINT('',(312.543678225506,-117.228400490483,331.614992543334));
#11824=CARTESIAN_POINT('',(309.543676159615,-117.228400490483,331.614992543334));
#11825=CARTESIAN_POINT('',(312.543678225506,-117.228400490483,334.014992543334));
#11826=CARTESIAN_POINT('',(306.543678225506,-117.228400490483,334.014992543334));
#11827=CARTESIAN_POINT('',(312.543678225506,-117.228400490483,334.014992543334));
#11828=CARTESIAN_POINT('Origin',(312.543678225506,-114.228398887541,334.014992543334));
#11829=CARTESIAN_POINT('',(312.543678225506,-114.799658090238,331.614992543334));
#11830=CARTESIAN_POINT('',(312.543678225506,-115.149462828524,331.614992543334));
#11831=CARTESIAN_POINT('',(312.543678225506,-114.228398887541,334.014992543334));
#11832=CARTESIAN_POINT('',(312.543678225506,-117.228400490483,334.014992543334));
#11833=CARTESIAN_POINT('',(312.543678225506,-114.228398887541,332.014992543334));
#11834=CARTESIAN_POINT('',(312.543678225506,-114.228398887541,334.414992543334));
#11835=CARTESIAN_POINT('',(312.543678225506,-113.901367115647,332.243982655248));
#11836=CARTESIAN_POINT('Origin',(300.543678225506,-117.228402093426,334.014992543334));
#11837=CARTESIAN_POINT('',(300.543677576651,-114.799661296122,331.614992543334));
#11838=CARTESIAN_POINT('',(300.543678070839,-116.649465232937,331.614992543334));
#11839=CARTESIAN_POINT('',(300.543677424035,-114.228402093426,332.014992543334));
#11840=CARTESIAN_POINT('',(300.543677605564,-114.907885691201,331.539213006082));
#11841=CARTESIAN_POINT('',(300.543677424035,-114.228402093426,334.014992543334));
#11842=CARTESIAN_POINT('',(300.543677424035,-114.228402093426,334.414992543334));
#11843=CARTESIAN_POINT('',(300.543678225506,-117.228402093426,334.014992543334));
#11844=CARTESIAN_POINT('Origin',(306.54367782477,-115.728400490483,334.014992543334));
#11845=CARTESIAN_POINT('',(315.468677424034,-114.228398106107,334.014992543334));
#11846=CARTESIAN_POINT('Origin',(306.543674093724,-87.454786480682,331.614992543334));
#11847=CARTESIAN_POINT('',(288.393674093724,-88.7256559413846,331.614992543334));
#11848=CARTESIAN_POINT('',(297.468674093724,-88.7256559413846,331.614992543334));
#11849=CARTESIAN_POINT('',(288.393674093724,-86.9126578172826,331.614992543334));
#11850=CARTESIAN_POINT('',(288.393674093724,-86.9126578172826,331.614992543334));
#11851=CARTESIAN_POINT('Origin',(289.693674093724,-86.9126578172826,331.614992543334));
#11852=CARTESIAN_POINT('',(324.693674093724,-86.9126578172826,331.614992543334));
#11853=CARTESIAN_POINT('Origin',(323.393674093724,-86.9126578172825,331.614992543334));
#11854=CARTESIAN_POINT('',(324.693674093724,-88.7256559413846,331.614992543334));
#11855=CARTESIAN_POINT('',(324.693674093724,-116.612657817282,331.614992543334));
#11856=CARTESIAN_POINT('',(297.468674093724,-88.7256559413846,331.614992543334));
#11857=CARTESIAN_POINT('',(317.793674092533,-87.5129152685361,331.614992543334));
#11858=CARTESIAN_POINT('',(317.793674092691,-87.9129150894853,331.614992543334));
#11859=CARTESIAN_POINT('',(317.793674092601,-87.6838507828719,331.614992543334));
#11860=CARTESIAN_POINT('',(318.393680410516,-88.512915144128,331.614992543334));
#11861=CARTESIAN_POINT('Origin',(318.393674092691,-87.9129151441282,331.614992543334));
#11862=CARTESIAN_POINT('',(319.793719459188,-88.5129151439653,331.614992543334));
#11863=CARTESIAN_POINT('',(313.168696776517,-88.5129151447349,331.614992543334));
#11864=CARTESIAN_POINT('',(320.393674092313,-87.9128909029075,331.614992543334));
#11865=CARTESIAN_POINT('Origin',(319.793674092691,-87.9129151458376,331.614992543334));
#11866=CARTESIAN_POINT('',(320.39367409249,-87.5128984592772,331.614992543334));
#11867=CARTESIAN_POINT('',(320.393674092503,-87.4838424730451,331.614992543334));
#11868=CARTESIAN_POINT('',(319.793690738131,-86.9129151441027,331.614992543334));
#11869=CARTESIAN_POINT('Origin',(319.793674092691,-87.5129151438717,331.614992543334));
#11870=CARTESIAN_POINT('',(318.393673945326,-86.9129151441013,331.614992543334));
#11871=CARTESIAN_POINT('',(312.468674019525,-86.9129151440956,331.614992543334));
#11872=CARTESIAN_POINT('Origin',(318.393674092691,-87.5129151441212,331.614992543334));
#11873=CARTESIAN_POINT('',(293.293625188499,-88.5129186838068,331.614992543334));
#11874=CARTESIAN_POINT('',(294.69366423717,-88.5129183099409,331.614992543334));
#11875=CARTESIAN_POINT('',(300.618669306729,-88.5129167277219,331.614992543334));
#11876=CARTESIAN_POINT('',(295.293670394702,-87.9129180950024,331.614992543334));
#11877=CARTESIAN_POINT('Origin',(294.693670394468,-87.9129183099392,331.614992543334));
#11878=CARTESIAN_POINT('',(295.293670287996,-87.5129182740532,331.614992543334));
#11879=CARTESIAN_POINT('',(295.293670280243,-87.483853877915,331.614992543334));
#11880=CARTESIAN_POINT('',(294.693670274909,-86.9129183099126,331.614992543334));
#11881=CARTESIAN_POINT('Origin',(294.693670284206,-87.51291830991,331.614992543334));
#11882=CARTESIAN_POINT('',(293.293653482104,-86.9129186839383,331.614992543334));
#11883=CARTESIAN_POINT('',(299.918663715531,-86.9129169140138,331.614992543334));
#11884=CARTESIAN_POINT('',(292.693670288035,-87.5129021594026,331.614992543334));
#11885=CARTESIAN_POINT('Origin',(293.293670287808,-87.512918683703,331.614992543334));
#11886=CARTESIAN_POINT('',(292.693670395073,-87.9128946030328,331.614992543334));
#11887=CARTESIAN_POINT('',(292.693670333779,-87.6838423949859,331.614992543334));
#11888=CARTESIAN_POINT('Origin',(293.293670394588,-87.9129186855116,331.614992543334));
#11889=CARTESIAN_POINT('Origin',(297.468674093724,-89.011285542733,331.814992543334));
#11890=CARTESIAN_POINT('',(288.393674093724,-89.2969151440814,332.014992543334));
#11891=CARTESIAN_POINT('',(297.468674093724,-89.2969151440814,332.014992543334));
#11892=CARTESIAN_POINT('',(288.393674093724,-98.1765256623731,338.232562764608));
#11893=CARTESIAN_POINT('Origin',(306.543674093724,-116.070526769507,331.614992543334));
#11894=CARTESIAN_POINT('',(324.39367757665,-114.799654924427,331.614992543334));
#11895=CARTESIAN_POINT('',(315.468675665426,-114.799657308804,331.614992543334));
#11896=CARTESIAN_POINT('',(324.693674093724,-114.799654924427,331.614992543334));
#11897=CARTESIAN_POINT('',(315.618674093724,-114.799654924427,331.614992543334));
#11898=CARTESIAN_POINT('',(324.693674093724,-116.612657817282,331.614992543334));
#11899=CARTESIAN_POINT('',(324.693674093724,-116.612657817282,331.614992543334));
#11900=CARTESIAN_POINT('',(323.393674093724,-117.912657817282,331.614992543334));
#11901=CARTESIAN_POINT('Origin',(323.393674093724,-116.612657817282,331.614992543334));
#11902=CARTESIAN_POINT('',(289.693674093724,-117.912657817283,331.614992543334));
#11903=CARTESIAN_POINT('',(289.693674093724,-117.912657817283,331.614992543334));
#11904=CARTESIAN_POINT('',(288.393674093724,-116.612657817283,331.614992543334));
#11905=CARTESIAN_POINT('Origin',(289.693674093724,-116.612657817283,331.614992543334));
#11906=CARTESIAN_POINT('',(288.393674093724,-114.799664461933,331.614992543334));
#11907=CARTESIAN_POINT('',(288.393674093724,-86.9126578172826,331.614992543334));
#11908=CARTESIAN_POINT('',(288.693677424035,-114.799664461933,331.614992543334));
#11909=CARTESIAN_POINT('',(297.61867575888,-114.799664461933,331.614992543334));
#11910=CARTESIAN_POINT('',(315.468675665426,-114.799657308804,331.614992543334));
#11911=CARTESIAN_POINT('',(317.793677793273,-115.612397539562,331.614992543334));
#11912=CARTESIAN_POINT('',(317.793677900745,-116.012397360511,331.614992543334));
#11913=CARTESIAN_POINT('',(317.79367790851,-116.041460562224,331.614992543334));
#11914=CARTESIAN_POINT('',(318.393677912987,-116.612397324545,331.614992543334));
#11915=CARTESIAN_POINT('Origin',(318.393677900636,-116.012397324654,331.614992543334));
#11916=CARTESIAN_POINT('',(319.793694705345,-116.612396950626,331.614992543334));
#11917=CARTESIAN_POINT('',(313.168684471917,-116.612398720551,331.614992543334));
#11918=CARTESIAN_POINT('',(320.393677900171,-116.012413475162,331.614992543334));
#11919=CARTESIAN_POINT('Origin',(319.793677900398,-116.012396950861,331.614992543334));
#11920=CARTESIAN_POINT('',(320.393677792456,-115.612421031532,331.614992543334));
#11921=CARTESIAN_POINT('',(320.393677854088,-115.84147203717,331.614992543334));
#11922=CARTESIAN_POINT('',(319.79372299895,-115.012396952033,331.614992543334));
#11923=CARTESIAN_POINT('Origin',(319.793677794374,-115.612396948896,331.614992543334));
#11924=CARTESIAN_POINT('',(318.393683950279,-115.012397324623,331.614992543334));
#11925=CARTESIAN_POINT('',(312.46867888072,-115.012398906842,331.614992543334));
#11926=CARTESIAN_POINT('Origin',(318.393677793307,-115.612397324625,331.614992543334));
#11927=CARTESIAN_POINT('',(293.293657449316,-116.612400490344,331.614992543334));
#11928=CARTESIAN_POINT('',(294.693674241674,-116.612400490487,331.614992543334));
#11929=CARTESIAN_POINT('',(300.618674167714,-116.612400490155,331.614992543334));
#11930=CARTESIAN_POINT('',(295.293674093734,-116.012400366709,331.614992543334));
#11931=CARTESIAN_POINT('Origin',(294.69367409373,-116.012400490483,331.614992543334));
#11932=CARTESIAN_POINT('',(295.293674093623,-115.612400545079,331.614992543334));
#11933=CARTESIAN_POINT('',(295.293674093623,-115.841463657296,331.614992543334));
#11934=CARTESIAN_POINT('',(294.693667776931,-115.012400490585,331.614992543334));
#11935=CARTESIAN_POINT('Origin',(294.693674093735,-115.61240049044,331.614992543334));
#11936=CARTESIAN_POINT('',(293.293628728259,-115.012400490442,331.614992543334));
#11937=CARTESIAN_POINT('',(299.918651410989,-115.012400490416,331.614992543334));
#11938=CARTESIAN_POINT('',(292.693674093623,-115.612424731657,331.614992543334));
#11939=CARTESIAN_POINT('Origin',(293.293674093132,-115.612400488726,331.614992543334));
#11940=CARTESIAN_POINT('',(292.693674094286,-116.012417175287,331.614992543334));
#11941=CARTESIAN_POINT('',(292.69367409423,-116.041471959106,331.614992543334));
#11942=CARTESIAN_POINT('Origin',(293.293674093979,-116.012400490651,331.614992543334));
#11943=CARTESIAN_POINT('Origin',(315.468675589119,-114.514027707456,331.814992543334));
#11944=CARTESIAN_POINT('',(324.393677424034,-114.22839572173,332.014992543334));
#11945=CARTESIAN_POINT('',(315.468675512811,-114.228398106107,332.014992543334));
#11946=CARTESIAN_POINT('',(324.393677424034,-114.22839572173,332.014992543334));
#11947=CARTESIAN_POINT('Origin',(357.327724277997,-101.762979494603,326.167246237069));
#11948=CARTESIAN_POINT('',(357.441075257622,-105.662979440113,326.349023111108));
#11949=CARTESIAN_POINT('Origin',(357.441075082655,-101.76297947644,326.34902283052));
#11950=CARTESIAN_POINT('',(357.327724446235,-105.51297947644,326.167246506865));
#11951=CARTESIAN_POINT('Origin',(351.293631835892,-101.762656311629,330.182396673512));
#11952=CARTESIAN_POINT('',(347.914947394103,-99.932234314234,332.289249360534));
#11953=CARTESIAN_POINT('',(344.753446437173,-93.6877765913291,334.260672354324));
#11954=CARTESIAN_POINT('',(347.657031191779,-99.4228094112862,332.450078991155));
#11955=CARTESIAN_POINT('',(345.667653162943,-93.3215489174307,333.698162030349));
#11956=CARTESIAN_POINT('',(346.746794482766,-92.8701727708133,333.017676515233));
#11957=CARTESIAN_POINT('',(343.864397392748,-93.0715573200651,334.815059866727));
#11958=CARTESIAN_POINT('',(348.673144901757,-93.750128519687,331.816458306017));
#11959=CARTESIAN_POINT('',(343.865113645689,-110.454714743049,334.815513015167));
#11960=CARTESIAN_POINT('',(343.864396259214,-101.762655054341,334.815060398923));
#11961=CARTESIAN_POINT('',(345.650919377225,-110.202628149469,333.71263434477));
#11962=CARTESIAN_POINT('',(348.833573638347,-109.752542215493,331.716421027395));
#11963=CARTESIAN_POINT('',(344.753449659549,-109.837541961569,334.260673396839));
#11964=CARTESIAN_POINT('',(346.746787619262,-110.655142131672,333.017682572216));
#11965=CARTESIAN_POINT('',(347.914947458146,-103.593084930934,332.289249596725));
#11966=CARTESIAN_POINT('',(347.657032482525,-104.10250775807,332.450078653882));
#11967=CARTESIAN_POINT('',(351.076448460534,-106.042855886854,330.317826585749));
#11968=CARTESIAN_POINT('',(349.835533466699,-105.08130098976,331.09162640743));
#11969=CARTESIAN_POINT('',(349.484862283817,-108.815025433651,331.309627974208));
#11970=CARTESIAN_POINT('',(351.317392116547,-105.622856984721,330.167580812098));
#11971=CARTESIAN_POINT('',(349.514394782616,-109.656533356736,331.291841539933));
#11972=CARTESIAN_POINT('Origin',(-184.654733762645,-959.150275838707,664.384908203335));
#11973=CARTESIAN_POINT('',(378.091403761766,-105.623941501036,313.472055248071));
#11974=CARTESIAN_POINT('',(359.31460305602,-108.273553345057,325.180743785103));
#11975=CARTESIAN_POINT('',(378.091403075218,-97.9013543539245,313.472054972229));
#11976=CARTESIAN_POINT('',(378.091401635112,-101.845024599895,313.472056191198));
#11977=CARTESIAN_POINT('',(349.518472140694,-93.8602237048209,331.291933434177));
#11978=CARTESIAN_POINT('',(359.946156734685,-95.3408680890464,324.786923265075));
#11979=CARTESIAN_POINT('',(349.48442634155,-94.7100616664367,331.309737052547));
#11980=CARTESIAN_POINT('Origin',(-181.691603468082,831.63430925244,662.537004007274));
#11981=CARTESIAN_POINT('',(351.076448460534,-97.4824645587025,330.317825730386));
#11982=CARTESIAN_POINT('',(351.317390301236,-97.9024602157132,330.167581172644));
#11983=CARTESIAN_POINT('',(349.835535026742,-98.4440178046703,331.091624771427));
#11984=CARTESIAN_POINT('Origin',(297.468674093724,-89.011285542733,331.814992543334));
#11985=CARTESIAN_POINT('',(324.693674093724,-89.2969151440814,332.014992543334));
#11986=CARTESIAN_POINT('',(324.693674093724,-89.8118851779574,332.375578443006));
#11987=CARTESIAN_POINT('',(297.468674093724,-89.2969151440814,332.014992543334));
#11988=CARTESIAN_POINT('Origin',(297.61867575888,-114.514034860585,331.814992543334));
#11989=CARTESIAN_POINT('',(288.693677424035,-114.228405259236,332.014992543334));
#11990=CARTESIAN_POINT('',(288.693677424035,-114.228405259236,332.014992543334));
#11991=CARTESIAN_POINT('',(288.393674093724,-114.228405259236,332.014992543334));
#11992=CARTESIAN_POINT('',(288.393674093724,-113.71343522536,332.375578443006));
#11993=CARTESIAN_POINT('',(297.61867575888,-114.228405259236,332.014992543334));
#11994=CARTESIAN_POINT('Origin',(315.468675589119,-114.514027707456,331.814992543334));
#11995=CARTESIAN_POINT('',(315.468675512811,-114.228398106107,332.014992543334));
#11996=CARTESIAN_POINT('Origin',(315.618674093724,-114.514025323079,331.814992543334));
#11997=CARTESIAN_POINT('',(324.693674093724,-114.22839572173,332.014992543334));
#11998=CARTESIAN_POINT('',(315.618674093724,-114.22839572173,332.014992543334));
#11999=CARTESIAN_POINT('',(324.693674093724,-105.34878840332,338.232560524027));
#12000=CARTESIAN_POINT('Origin',(329.543674093724,-110.762658551964,304.699476860984));
#12001=CARTESIAN_POINT('',(329.043674093724,-83.7626578172826,305.413550864355));
#12002=CARTESIAN_POINT('',(330.043674093724,-89.2629795127663,303.985402857613));
#12003=CARTESIAN_POINT('Origin',(328.043674093724,-83.7626578172826,304.699476860985));
#12004=CARTESIAN_POINT('',(328.043674093724,-82.7626578172826,305.413550864356));
#12005=CARTESIAN_POINT('Origin',(327.245184515563,-82.2626578172826,304.699476860984));
#12006=CARTESIAN_POINT('',(285.043674093724,-82.7626578172826,305.413550864355));
#12007=CARTESIAN_POINT('Origin',(285.043674093724,-83.7626578172826,304.699476860984));
#12008=CARTESIAN_POINT('',(284.043674093724,-83.7626578172826,305.413550864355));
#12009=CARTESIAN_POINT('',(284.043674093724,-83.7626578172826,305.413550864355));
#12010=CARTESIAN_POINT('Origin',(285.043674093724,-83.7626578172826,305.413550864355));
#12011=CARTESIAN_POINT('Origin',(283.543674093724,-92.7626585519644,304.699476860984));
#12012=CARTESIAN_POINT('',(284.043674093724,-98.4742977061063,305.413550864355));
#12013=CARTESIAN_POINT('Origin',(285.547233195645,-101.714278231325,307.560855798783));
#12014=CARTESIAN_POINT('',(284.043674093724,-92.7626585519644,305.413550864355));
#12015=CARTESIAN_POINT('Origin',(345.235619635507,-113.762979512766,304.699476860984));
#12016=CARTESIAN_POINT('',(363.024544333613,-113.262979512766,305.413550864355));
#12017=CARTESIAN_POINT('',(363.024544333613,-113.262979512766,305.413550864355));
#12018=CARTESIAN_POINT('',(330.043674093724,-113.262979512766,305.413550864355));
#12019=CARTESIAN_POINT('',(330.043674093724,-114.262979512766,303.985402857613));
#12020=CARTESIAN_POINT('',(345.235619635507,-113.262979512766,305.413550864355));
#12021=CARTESIAN_POINT('Origin',(363.024544333613,-112.262979512766,304.699476860984));
#12022=CARTESIAN_POINT('',(364.024544333613,-112.262979512766,305.413550864355));
#12023=CARTESIAN_POINT('Origin',(363.024544333613,-112.262979512766,305.413550864355));
#12024=CARTESIAN_POINT('',(364.024544333613,-112.262979512766,305.413550864355));
#12025=CARTESIAN_POINT('Origin',(364.524544333613,-96.0128193997064,304.699476860984));
#12026=CARTESIAN_POINT('',(364.024544333613,-91.2629795127663,305.413550864355));
#12027=CARTESIAN_POINT('',(364.024544333613,-91.2629795127663,305.413550864355));
#12028=CARTESIAN_POINT('',(364.024544333613,-96.0128193997064,305.413550864355));
#12029=CARTESIAN_POINT('Origin',(363.024544333613,-91.2629795127663,304.699476860984));
#12030=CARTESIAN_POINT('',(363.024544333613,-90.2629795127663,305.413550864355));
#12031=CARTESIAN_POINT('Origin',(363.024544333613,-91.2629795127663,305.413550864355));
#12032=CARTESIAN_POINT('',(363.024544333613,-90.2629795127663,305.413550864355));
#12033=CARTESIAN_POINT('Origin',(335.477381730874,-89.7629795127664,304.699476860984));
#12034=CARTESIAN_POINT('',(330.043674093724,-90.2629795127663,305.413550864355));
#12035=CARTESIAN_POINT('',(330.043674093724,-90.2629795127663,305.413550864355));
#12036=CARTESIAN_POINT('',(335.477381730874,-90.2629795127663,305.413550864355));
#12037=CARTESIAN_POINT('Origin',(329.543674093724,-110.762658551964,304.699476860984));
#12038=CARTESIAN_POINT('',(329.043674093724,-114.262979512766,305.413550864355));
#12039=CARTESIAN_POINT('',(329.043674093724,-114.262979512766,305.413550864355));
#12040=CARTESIAN_POINT('',(329.043674093724,-119.762657817283,305.413550864355));
#12041=CARTESIAN_POINT('',(330.043674093724,-119.762657817283,303.985402857613));
#12042=CARTESIAN_POINT('',(329.043674093724,-110.762658551964,305.413550864355));
#12043=CARTESIAN_POINT('Origin',(328.043674093724,-119.762657817283,304.699476860984));
#12044=CARTESIAN_POINT('',(328.043674093724,-120.762657817283,305.413550864356));
#12045=CARTESIAN_POINT('',(328.043674093724,-121.762657817283,303.985402857613));
#12046=CARTESIAN_POINT('Origin',(328.043674093724,-119.762657817283,305.413550864356));
#12047=CARTESIAN_POINT('Origin',(305.745184515563,-121.262657817283,304.699476860984));
#12048=CARTESIAN_POINT('',(285.043674093724,-120.762657817283,305.413550864355));
#12049=CARTESIAN_POINT('',(285.043674093724,-121.762657817283,303.985402857613));
#12050=CARTESIAN_POINT('',(305.745184515563,-120.762657817283,305.413550864355));
#12051=CARTESIAN_POINT('Origin',(285.043674093724,-119.762657817283,304.699476860984));
#12052=CARTESIAN_POINT('',(284.043674093724,-119.762657817283,305.413550864355));
#12053=CARTESIAN_POINT('',(283.043674093724,-119.762657817283,303.985402857613));
#12054=CARTESIAN_POINT('Origin',(285.043674093724,-119.762657817283,305.413550864355));
#12055=CARTESIAN_POINT('Origin',(283.543674093724,-92.7626585519644,304.699476860984));
#12056=CARTESIAN_POINT('',(284.043674093724,-104.959148937762,305.413550864355));
#12057=CARTESIAN_POINT('Origin',(285.547233195645,-101.714278231325,307.560855798783));
#12058=CARTESIAN_POINT('',(284.043674093724,-92.7626585519644,305.413550864355));
#12059=CARTESIAN_POINT('Origin',(330.043674093724,-114.262979512766,305.413550864356));
#12060=CARTESIAN_POINT('Origin',(330.043674093724,-114.262979512766,305.413550864356));
#12061=CARTESIAN_POINT('Origin',(330.043674093724,-89.2629795127663,305.413550864355));
#12062=CARTESIAN_POINT('Origin',(330.043674093724,-89.2629795127663,305.413550864355));
#12063=CARTESIAN_POINT('Origin',(285.043674093724,-83.7626578172826,303.985402857613));
#12064=CARTESIAN_POINT('',(284.043674093724,-83.7626578172826,303.985402857613));
#12065=CARTESIAN_POINT('Origin',(330.043674093724,-89.2629795127663,315.664064155143));
#12066=CARTESIAN_POINT('',(330.043674093724,-90.2629795127665,327.342725452672));
#12067=CARTESIAN_POINT('',(330.043674093724,-90.2629795127663,315.664064155143));
#12068=CARTESIAN_POINT('Origin',(330.043674093724,-89.2629795127664,328.342725452672));
#12069=CARTESIAN_POINT('Origin',(344.508068524345,-90.2629795127663,327.342725452672));
#12070=CARTESIAN_POINT('',(363.024544333613,-90.2629795127663,315.664064155143));
#12071=CARTESIAN_POINT('',(344.508068524345,-90.2629795127665,327.342725452672));
#12072=CARTESIAN_POINT('Origin',(363.024544333613,-91.2629795127663,315.664064155143));
#12073=CARTESIAN_POINT('',(364.024544333613,-91.2629795127663,315.664064155143));
#12074=CARTESIAN_POINT('Ctrl Pts',(258.632292210938,-99.7032144729419,299.709248679447));
#12075=CARTESIAN_POINT('Ctrl Pts',(258.368360216334,-97.3660399302493,301.194266215825));
#12076=CARTESIAN_POINT('Ctrl Pts',(257.914510760837,-98.1657561790513,303.792591466953));
#12077=CARTESIAN_POINT('Ctrl Pts',(257.46066130534,-98.9654724278532,306.39091671808));
#12078=CARTESIAN_POINT('Ctrl Pts',(257.465070391138,-101.759945496729,306.391689059881));
#12079=CARTESIAN_POINT('Ctrl Pts',(257.469479476936,-104.554418565605,306.392461401683));
#12080=CARTESIAN_POINT('Ctrl Pts',(257.925850162232,-105.35265461272,303.794577795661));
#12081=CARTESIAN_POINT('Ctrl Pts',(258.382220847529,-106.150890659835,301.19669418964));
#12082=CARTESIAN_POINT('Ctrl Pts',(258.638776375232,-103.812869699366,299.710384513804));
#12083=CARTESIAN_POINT('Ctrl Pts',(285.280663068452,-99.6598788426701,304.377257353878));
#12084=CARTESIAN_POINT('Ctrl Pts',(285.016731073849,-97.3227042999776,305.862274890255));
#12085=CARTESIAN_POINT('Ctrl Pts',(284.562881618351,-98.1224205487795,308.460600141383));
#12086=CARTESIAN_POINT('Ctrl Pts',(284.109032162854,-98.9221367975814,311.058925392511));
#12087=CARTESIAN_POINT('Ctrl Pts',(284.113441248652,-101.716609866457,311.059697734312));
#12088=CARTESIAN_POINT('Ctrl Pts',(284.11785033445,-104.511082935333,311.060470076113));
#12089=CARTESIAN_POINT('Ctrl Pts',(284.574221019746,-105.309318982448,308.462586470092));
#12090=CARTESIAN_POINT('Ctrl Pts',(285.030591705043,-106.107555029564,305.86470286407));
#12091=CARTESIAN_POINT('Ctrl Pts',(285.287147232746,-103.769534069094,304.378393188234));
#12092=CARTESIAN_POINT('Origin',(284.043674093724,-101.716723321934,307.297476586305));
#12093=CARTESIAN_POINT('Origin',(257.892319170049,-101.75925070397,302.716530445749));
#12094=CARTESIAN_POINT('Origin',(364.024544333613,-90.2629795127665,303.985402857613));
#12095=CARTESIAN_POINT('',(364.024544333613,-112.262979512766,309.579099652652));
#12096=CARTESIAN_POINT('Origin',(284.043674093724,-83.7626578172826,303.985402857613));
#12097=CARTESIAN_POINT('',(284.043674093724,-119.762657817283,303.985402857613));
#12098=CARTESIAN_POINT('Origin',(363.024544333613,-112.262979512766,309.579099652652));
#12099=CARTESIAN_POINT('',(363.024544333613,-113.262979512766,309.579099652652));
#12100=CARTESIAN_POINT('Origin',(364.024544333613,-113.262979512766,315.172796447691));
#12101=CARTESIAN_POINT('',(330.043674093724,-113.262979512767,327.342725452672));
#12102=CARTESIAN_POINT('',(330.043674093724,-113.262979512766,309.579099652652));
#12103=CARTESIAN_POINT('',(344.508068524345,-113.262979512767,327.342725452672));
#12104=CARTESIAN_POINT('Origin',(330.043674093724,-114.262979512766,309.579099652652));
#12105=CARTESIAN_POINT('',(329.043674093724,-114.262979512766,309.579099652652));
#12106=CARTESIAN_POINT('Origin',(330.043674093724,-114.262979512766,328.342725452672));
#12107=CARTESIAN_POINT('Origin',(329.043674093724,-119.762657817283,303.985402857613));
#12108=CARTESIAN_POINT('',(329.043674093724,-119.762657817283,303.985402857613));
#12109=CARTESIAN_POINT('Origin',(330.043674093724,-105.012818665025,328.342725452672));
#12110=CARTESIAN_POINT('',(330.043674093724,-105.012818665025,327.342725452672));
#12111=CARTESIAN_POINT('Origin',(344.508068524345,-90.2629795127665,327.342725452672));
#12112=CARTESIAN_POINT('Origin',(259.752763895308,-94.8146486910068,306.830509379856));
#12113=CARTESIAN_POINT('',(257.892317019643,-97.2144968019087,305.494102621167));
#12114=CARTESIAN_POINT('',(257.892312231503,-99.7762351100749,311.678704806793));
#12115=CARTESIAN_POINT('',(267.673651524499,-86.1990738145394,316.387454020333));
#12116=CARTESIAN_POINT('',(261.665580490243,-92.9651693557602,309.696339533367));
#12117=CARTESIAN_POINT('',(261.069352681684,-93.1285597459315,307.805750180646));
#12118=CARTESIAN_POINT('Origin',(263.7107333701,-93.7006721329572,315.057292162728));
#12119=CARTESIAN_POINT('',(257.892315753113,-98.8267480412518,307.130016358044));
#12120=CARTESIAN_POINT('',(257.892312533022,-102.925817985623,311.289247045407));
#12121=CARTESIAN_POINT('',(267.666230111183,-95.3234944002196,325.629061667698));
#12122=CARTESIAN_POINT('',(261.259915653319,-97.6197029833105,313.50385816157));
#12123=CARTESIAN_POINT('',(267.669462255534,-91.3500047488274,321.604540049531));
#12124=CARTESIAN_POINT('Origin',(259.750288856143,-98.8885360036901,310.951268104068));
#12125=CARTESIAN_POINT('',(257.892315170626,-100.623846163019,307.882385265588));
#12126=CARTESIAN_POINT('',(257.892314505518,-102.67585192785,308.741473212351));
#12127=CARTESIAN_POINT('',(261.458467153024,-98.6899375853732,314.357512845397));
#12128=CARTESIAN_POINT('Origin',(263.708261128381,-101.762664305628,318.442502501956));
#12129=CARTESIAN_POINT('',(257.892315170628,-102.901483693174,307.882383918099));
#12130=CARTESIAN_POINT('',(257.892315170627,-101.762655750704,307.882384591849));
#12131=CARTESIAN_POINT('',(267.66623529133,-108.201832498745,325.629063993818));
#12132=CARTESIAN_POINT('',(261.458468982609,-104.835391569438,314.357512531646));
#12133=CARTESIAN_POINT('',(267.666232701257,-101.762663759484,325.629062830758));
#12134=CARTESIAN_POINT('Origin',(259.750290254866,-104.636793700319,310.951268104068));
#12135=CARTESIAN_POINT('',(257.892315753114,-104.698581881366,307.130014953427));
#12136=CARTESIAN_POINT('',(257.892314505517,-100.84947251748,308.741474163638));
#12137=CARTESIAN_POINT('',(261.25991751533,-105.905626250386,313.503858028695));
#12138=CARTESIAN_POINT('Origin',(328.043674093724,-119.762657817283,303.985402857613));
#12139=CARTESIAN_POINT('',(328.043674093724,-120.762657817283,303.985402857613));
#12140=CARTESIAN_POINT('Origin',(285.043674093724,-120.762657817283,303.985402857613));
#12141=CARTESIAN_POINT('',(285.043674093724,-120.762657817283,303.985402857613));
#12142=CARTESIAN_POINT('Origin',(285.043674093724,-119.762657817283,303.985402857613));
#12143=CARTESIAN_POINT('Origin',(324.693674093724,-89.2969151440814,334.814992543334));
#12144=CARTESIAN_POINT('',(324.693674093724,-116.612657817282,328.985402857613));
#12145=CARTESIAN_POINT('',(324.693674093724,-114.22839572173,334.815056615918));
#12146=CARTESIAN_POINT('',(324.693674093724,-114.22839572173,334.814992543334));
#12147=CARTESIAN_POINT('',(324.693674093724,-89.2969151440814,334.815056615919));
#12148=CARTESIAN_POINT('',(324.693674093724,-95.5297862318872,334.815056615919));
#12149=CARTESIAN_POINT('',(324.693674093724,-89.2969151440814,334.814992543334));
#12150=CARTESIAN_POINT('',(324.693674093724,-86.9126578172826,331.614992543334));
#12151=CARTESIAN_POINT('Origin',(323.393674093724,-116.612657817282,331.614992543334));
#12152=CARTESIAN_POINT('',(323.393674093724,-117.912657817282,328.985402857613));
#12153=CARTESIAN_POINT('Origin',(323.393674093724,-117.912657817282,331.614992543334));
#12154=CARTESIAN_POINT('',(289.693674093724,-117.912657817283,328.985402857613));
#12155=CARTESIAN_POINT('Origin',(289.693674093724,-116.612657817283,331.614992543334));
#12156=CARTESIAN_POINT('',(288.393674093724,-116.612657817283,328.985402857613));
#12157=CARTESIAN_POINT('Origin',(348.957953409468,-80.9931432954354,319.341800708922));
#12158=CARTESIAN_POINT('',(347.914947148278,-77.4878521195931,323.406384646249));
#12159=CARTESIAN_POINT('',(351.050081024681,-83.2676641219578,319.376393085206));
#12160=CARTESIAN_POINT('Ctrl Pts',(347.914947148278,-77.4878521195931,323.406384646249));
#12161=CARTESIAN_POINT('Ctrl Pts',(348.955873654543,-79.4111271117632,322.06409359447));
#12162=CARTESIAN_POINT('Ctrl Pts',(349.996800160807,-81.3344021039332,320.721802542692));
#12163=CARTESIAN_POINT('Ctrl Pts',(351.037726667072,-83.2576770961033,319.379511490914));
#12164=CARTESIAN_POINT('',(347.914947148278,-82.2223726502938,315.247551619363));
#12165=CARTESIAN_POINT('',(349.794274629887,-82.8472808767693,317.731029775828));
#12166=CARTESIAN_POINT('',(347.914947148278,-79.8618085493201,319.315428867802));
#12167=CARTESIAN_POINT('Origin',(346.960133127485,-80.3125243099414,320.207111187132));
#12168=CARTESIAN_POINT('',(345.050504896217,-81.2273483782406,321.967397582021));
#12169=CARTESIAN_POINT('',(346.159703278736,-81.6126518243486,319.365270372078));
#12170=CARTESIAN_POINT('Ctrl Pts',(345.0505050859,-81.2273481599373,321.967397295785));
#12171=CARTESIAN_POINT('Ctrl Pts',(346.005319106693,-79.9808494798226,322.447059745939));
#12172=CARTESIAN_POINT('Ctrl Pts',(346.960133127485,-78.7343507997078,322.926722196094));
#12173=CARTESIAN_POINT('Ctrl Pts',(347.914947148278,-77.4878521195931,323.406384646249));
#12174=CARTESIAN_POINT('Origin',(349.495697804406,-82.4475481502098,332.906238161874));
#12175=CARTESIAN_POINT('',(351.076448552515,-81.4454251885129,329.668598194872));
#12176=CARTESIAN_POINT('',(347.914947148278,-79.2099083659117,331.904112112393));
#12177=CARTESIAN_POINT('',(349.63149951577,-80.4236931033019,330.690329522763));
#12178=CARTESIAN_POINT('',(347.914947148278,-83.4496702017896,336.143876570875));
#12179=CARTESIAN_POINT('',(347.914947148278,-81.3297902814423,334.023995339226));
#12180=CARTESIAN_POINT('',(351.07644827527,-85.685188185276,333.908364885577));
#12181=CARTESIAN_POINT('',(349.721232057669,-84.7269061813675,334.866644471083));
#12182=CARTESIAN_POINT('',(351.076448460534,-83.565305976536,331.78848094208));
#12183=CARTESIAN_POINT('Origin',(346.861114776248,-87.499433969645,335.937137273303));
#12184=CARTESIAN_POINT('',(344.766615768467,-85.7358787975986,333.949240977672));
#12185=CARTESIAN_POINT('',(346.108663987289,-84.7269066402989,334.866644012153));
#12186=CARTESIAN_POINT('',(347.914947148278,-93.3634430638833,337.759170328927));
#12187=CARTESIAN_POINT('Ctrl Pts',(344.79856993018,-85.7947687445668,333.96332215885));
#12188=CARTESIAN_POINT('Ctrl Pts',(345.837362336213,-88.317660184339,335.228604882209));
#12189=CARTESIAN_POINT('Ctrl Pts',(346.876154742245,-90.8405516241111,336.493887605568));
#12190=CARTESIAN_POINT('Ctrl Pts',(347.914947148278,-93.3634430638833,337.759170328927));
#12191=CARTESIAN_POINT('',(347.914947148278,-87.3618890624068,336.781311258314));
#12192=CARTESIAN_POINT('Origin',(348.96878091903,-87.499433969645,335.937137273303));
#12193=CARTESIAN_POINT('Ctrl Pts',(347.914947148278,-93.3634430638833,337.759170328927));
#12194=CARTESIAN_POINT('Ctrl Pts',(348.968780793904,-90.8040247053835,336.475568593313));
#12195=CARTESIAN_POINT('Ctrl Pts',(350.022614439531,-88.2446063468837,335.191966857699));
#12196=CARTESIAN_POINT('Ctrl Pts',(351.076448085157,-85.685187988384,333.908365122085));
#12197=CARTESIAN_POINT('Origin',(346.334198590234,-82.4475481502098,332.906238161874));
#12198=CARTESIAN_POINT('',(344.753449940208,-81.445425188513,329.668598194872));
#12199=CARTESIAN_POINT('',(344.753450032189,-83.5653059765358,331.78848094208));
#12200=CARTESIAN_POINT('',(346.198396529188,-80.4236934780169,330.690329148049));
#12201=CARTESIAN_POINT('Origin',(346.942091008141,-123.208175682215,320.232562338662));
#12202=CARTESIAN_POINT('',(347.914947148278,-126.0374664537,323.406384646249));
#12203=CARTESIAN_POINT('',(344.996378727868,-122.284125160365,322.043767535043));
#12204=CARTESIAN_POINT('Ctrl Pts',(347.914947148278,-126.0374664537,323.406384646249));
#12205=CARTESIAN_POINT('Ctrl Pts',(346.942091008141,-124.786352689255,322.952178942513));
#12206=CARTESIAN_POINT('Ctrl Pts',(345.969234868005,-123.53523892481,322.497973238778));
#12207=CARTESIAN_POINT('Ctrl Pts',(344.996378727868,-122.284125160365,322.043767535043));
#12208=CARTESIAN_POINT('',(347.914827673639,-121.300693467651,315.243985303349));
#12209=CARTESIAN_POINT('',(346.706005495918,-121.709367956996,318.062698849054));
#12210=CARTESIAN_POINT('',(347.914947148278,-123.6788332766,319.341835535331));
#12211=CARTESIAN_POINT('Origin',(349.495697804406,-121.077770423083,332.906238161874));
#12212=CARTESIAN_POINT('',(351.076448552515,-122.07989338478,329.668598194872));
#12213=CARTESIAN_POINT('',(351.07644827527,-117.840130388017,333.908364885577));
#12214=CARTESIAN_POINT('',(351.076448460534,-119.960012596757,331.78848094208));
#12215=CARTESIAN_POINT('',(347.914947148278,-120.075648371503,336.143876570875));
#12216=CARTESIAN_POINT('',(349.721232057669,-118.798412391925,334.866644471083));
#12217=CARTESIAN_POINT('',(347.914947148278,-124.315410207381,331.904112112393));
#12218=CARTESIAN_POINT('',(347.914947148278,-122.19552829185,334.023995339226));
#12219=CARTESIAN_POINT('',(349.63149951577,-123.101625469991,330.690329522763));
#12220=CARTESIAN_POINT('Origin',(348.96878091903,-116.025884603648,335.937137273303));
#12221=CARTESIAN_POINT('',(347.914947148278,-110.161875509409,337.759170328927));
#12222=CARTESIAN_POINT('Ctrl Pts',(351.076448085157,-117.840130584909,333.908365122085));
#12223=CARTESIAN_POINT('Ctrl Pts',(350.022614439531,-115.280712226409,335.191966857699));
#12224=CARTESIAN_POINT('Ctrl Pts',(348.968780793904,-112.721293867909,336.475568593313));
#12225=CARTESIAN_POINT('Ctrl Pts',(347.914947148278,-110.161875509409,337.759170328927));
#12226=CARTESIAN_POINT('',(347.914947148278,-116.163429510886,336.781311258314));
#12227=CARTESIAN_POINT('Origin',(346.334198590234,-121.077770423083,332.906238161874));
#12228=CARTESIAN_POINT('',(344.753449940208,-122.07989338478,329.668598194872));
#12229=CARTESIAN_POINT('',(346.198396529188,-123.101625095276,330.690329148049));
#12230=CARTESIAN_POINT('',(344.766735941178,-117.78907790213,333.949602970382));
#12231=CARTESIAN_POINT('',(346.108663987289,-118.798411932994,334.866644012153));
#12232=CARTESIAN_POINT('',(344.753450032189,-119.960012596757,331.78848094208));
#12233=CARTESIAN_POINT('Origin',(286.200503862018,-125.283300549972,318.339037087909));
#12234=CARTESIAN_POINT('',(267.673653622582,-117.326255249171,316.387454020333));
#12235=CARTESIAN_POINT('',(295.392877646401,-129.260542320399,307.767676245522));
#12236=CARTESIAN_POINT('Ctrl Pts',(267.673653622582,-117.326255249171,316.387454020333));
#12237=CARTESIAN_POINT('Ctrl Pts',(276.913394963855,-121.30435093958,313.514194762063));
#12238=CARTESIAN_POINT('Ctrl Pts',(286.153136305128,-125.282446629989,310.640935503793));
#12239=CARTESIAN_POINT('Ctrl Pts',(295.392877646401,-129.260542320399,307.767676245522));
#12240=CARTESIAN_POINT('',(295.534980317071,-129.263104080347,330.861980997872));
#12241=CARTESIAN_POINT('',(295.466523599387,-129.261869974917,319.736501842004));
#12242=CARTESIAN_POINT('',(282.339096793912,-123.609487203556,324.006450601101));
#12243=CARTESIAN_POINT('Origin',(276.917282188053,-82.2214753699186,309.151464592767));
#12244=CARTESIAN_POINT('',(267.681121290996,-86.2000350569571,308.012609653523));
#12245=CARTESIAN_POINT('Ctrl Pts',(267.673651524499,-86.1990738145394,316.387454020333));
#12246=CARTESIAN_POINT('Ctrl Pts',(276.913390942529,-82.2209746273242,313.514194762063));
#12247=CARTESIAN_POINT('Ctrl Pts',(286.153130360558,-78.242875440109,310.640935503793));
#12248=CARTESIAN_POINT('Ctrl Pts',(295.392869778588,-74.2647762528939,307.767676245522));
#12249=CARTESIAN_POINT('',(279.053844835326,-81.303268254737,305.132671651146));
#12250=CARTESIAN_POINT('Origin',(343.790722040449,-122.687895734298,314.384623514962));
#12251=CARTESIAN_POINT('',(338.460921496089,-124.477303727201,305.863013171654));
#12252=CARTESIAN_POINT('Ctrl Pts',(344.996378727868,-122.284125160365,322.043767535042));
#12253=CARTESIAN_POINT('Ctrl Pts',(342.817897912351,-123.014948237695,316.650113672997));
#12254=CARTESIAN_POINT('Ctrl Pts',(340.639417096834,-123.745771315025,311.256459810951));
#12255=CARTESIAN_POINT('Ctrl Pts',(338.460936281318,-124.476594392356,305.862805948905));
#12256=CARTESIAN_POINT('',(338.461139964819,-124.477230372184,305.863230034247));
#12257=CARTESIAN_POINT('Origin',(324.316494786853,-82.1451873055977,331.436513888192));
#12258=CARTESIAN_POINT('',(295.543671071504,-78.2025408806212,334.81505109084));
#12259=CARTESIAN_POINT('Ctrl Pts',(338.654891987756,-79.0486898652596,324.679430376839));
#12260=CARTESIAN_POINT('Ctrl Pts',(324.284485040847,-78.7666403049979,328.057970730377));
#12261=CARTESIAN_POINT('Ctrl Pts',(309.914078093939,-78.4845907447363,331.436511083914));
#12262=CARTESIAN_POINT('Ctrl Pts',(295.54367114703,-78.2025411844747,334.815051437451));
#12263=CARTESIAN_POINT('',(338.750921362473,-89.1843306737221,334.815059590873));
#12264=CARTESIAN_POINT('',(321.220454290475,-84.7286915380589,334.81505593054));
#12265=CARTESIAN_POINT('',(338.695281569836,-83.3117052426958,328.942440900819));
#12266=CARTESIAN_POINT('Origin',(280.952017740522,-84.5528433712207,327.354827423246));
#12267=CARTESIAN_POINT('',(279.647428598454,-93.1972421234832,334.815047558002));
#12268=CARTESIAN_POINT('Ctrl Pts',(267.673651524499,-86.1990738145394,316.387454020333));
#12269=CARTESIAN_POINT('Ctrl Pts',(271.664910590763,-88.5317964784188,322.5299850974));
#12270=CARTESIAN_POINT('Ctrl Pts',(275.656169657026,-90.8645191422981,328.672516174467));
#12271=CARTESIAN_POINT('Ctrl Pts',(279.64742872329,-93.1972418061776,334.815047251534));
#12272=CARTESIAN_POINT('Ctrl Pts',(279.64742872329,-93.1972418061776,334.815047251534));
#12273=CARTESIAN_POINT('Ctrl Pts',(284.943276806786,-86.8855660351001,333.497358500314));
#12274=CARTESIAN_POINT('Ctrl Pts',(290.239124890282,-80.5738902640226,332.179669749093));
#12275=CARTESIAN_POINT('Ctrl Pts',(295.534972973779,-74.2622144929451,330.861980997872));
#12276=CARTESIAN_POINT('',(282.339091816817,-79.9158363888727,324.006450539758));
#12277=CARTESIAN_POINT('Origin',(309.911186031614,-126.354165863184,330.118820940804));
#12278=CARTESIAN_POINT('',(338.652160813222,-124.475683801162,324.678470342667));
#12279=CARTESIAN_POINT('',(310.400236561283,-127.612999675159,328.730594875399));
#12280=CARTESIAN_POINT('',(295.543677365755,-125.322777692671,334.81505109084));
#12281=CARTESIAN_POINT('Ctrl Pts',(338.652065219042,-124.476671766375,324.680096934549));
#12282=CARTESIAN_POINT('Ctrl Pts',(324.282602626455,-124.758706973856,328.058415102183));
#12283=CARTESIAN_POINT('Ctrl Pts',(309.913140033868,-125.040742181337,331.436733269817));
#12284=CARTESIAN_POINT('Ctrl Pts',(295.543677441281,-125.322777388818,334.815051437451));
#12285=CARTESIAN_POINT('',(295.541829363979,-126.160053351039,333.975067578075));
#12286=CARTESIAN_POINT('Origin',(273.656830712273,-101.762662958292,330.222055041146));
#12287=CARTESIAN_POINT('',(279.647429499946,-110.328083002366,334.815047395545));
#12288=CARTESIAN_POINT('',(271.685455769267,-108.915105828493,328.710600991762));
#12289=CARTESIAN_POINT('',(279.64742934322,-101.762661833982,334.815047726834));
#12290=CARTESIAN_POINT('',(271.68545447015,-94.6102195053832,328.710601286085));
#12291=CARTESIAN_POINT('Origin',(280.952020887648,-118.972480622121,327.354827423246));
#12292=CARTESIAN_POINT('Ctrl Pts',(295.534980317071,-129.263104080347,330.861980997872));
#12293=CARTESIAN_POINT('Ctrl Pts',(290.239129959792,-122.951430439867,332.179669705804));
#12294=CARTESIAN_POINT('Ctrl Pts',(284.943279602513,-116.639756799386,333.497358413735));
#12295=CARTESIAN_POINT('Ctrl Pts',(279.647429245235,-110.328083158906,334.815047121667));
#12296=CARTESIAN_POINT('Ctrl Pts',(279.64742872329,-110.328082536845,334.815047251534));
#12297=CARTESIAN_POINT('Ctrl Pts',(275.656170356388,-112.660806774287,328.672516174467));
#12298=CARTESIAN_POINT('Ctrl Pts',(271.664911989485,-114.993531011729,322.5299850974));
#12299=CARTESIAN_POINT('Ctrl Pts',(267.673653622582,-117.326255249171,316.387454020333));
#12300=CARTESIAN_POINT('Origin',(324.169539423898,-126.071261683293,312.76989159917));
#12301=CARTESIAN_POINT('',(317.063446071887,-126.853412600547,306.809080289137));
#12302=CARTESIAN_POINT('',(338.555963761152,-124.476621467804,315.08613226682));
#12303=CARTESIAN_POINT('Ctrl Pts',(338.652454046752,-124.476886635736,324.678474069545));
#12304=CARTESIAN_POINT('Ctrl Pts',(324.232595246635,-126.071438530623,319.041541461537));
#12305=CARTESIAN_POINT('Ctrl Pts',(309.812736446518,-127.665990425511,313.40460885353));
#12306=CARTESIAN_POINT('Ctrl Pts',(295.392877646401,-129.260542320399,307.767676245522));
#12307=CARTESIAN_POINT('Origin',(324.066586466744,-120.23126060882,300.611124630125));
#12308=CARTESIAN_POINT('Ctrl Pts',(338.441654893506,-122.599463292347,303.985402857613));
#12309=CARTESIAN_POINT('Ctrl Pts',(338.448050010738,-123.225184398214,304.611124630125));
#12310=CARTESIAN_POINT('Ctrl Pts',(338.45444512797,-123.850905504082,305.236846402637));
#12311=CARTESIAN_POINT('Ctrl Pts',(338.460840245202,-124.47662660995,305.862568175149));
#12312=CARTESIAN_POINT('Ctrl Pts',(338.460840245202,-124.47662660995,305.862568175149));
#12313=CARTESIAN_POINT('Ctrl Pts',(335.037017400069,-124.090657152484,305.236846402637));
#12314=CARTESIAN_POINT('Ctrl Pts',(331.613194554937,-123.704687695019,304.611124630125));
#12315=CARTESIAN_POINT('Ctrl Pts',(328.189371709805,-123.318718237554,303.985402857613));
#12316=CARTESIAN_POINT('Origin',(290.567505379632,-122.837522656906,301.246160653583));
#12317=CARTESIAN_POINT('Ctrl Pts',(295.379619151003,-125.532173753216,303.985402857613));
#12318=CARTESIAN_POINT('Ctrl Pts',(295.384038649469,-126.77496327561,305.246160653583));
#12319=CARTESIAN_POINT('Ctrl Pts',(295.388458147935,-128.017752798004,306.506918449553));
#12320=CARTESIAN_POINT('Ctrl Pts',(295.392877646401,-129.260542320399,307.767676245522));
#12321=CARTESIAN_POINT('',(286.044418484083,-123.029324751778,301.435430930323));
#12322=CARTESIAN_POINT('Origin',(263.717099654788,-90.3550247422737,306.878477338306));
#12323=CARTESIAN_POINT('Origin',(342.5202940187,-80.3867730371041,316.939236866784));
#12324=CARTESIAN_POINT('',(347.914947148278,-82.2223726502938,315.247551619363));
#12325=CARTESIAN_POINT('',(343.667368290199,-80.7561846308049,322.553911180842));
#12326=CARTESIAN_POINT('Origin',(263.717103151594,-113.170305195638,306.878477338306));
#12327=CARTESIAN_POINT('',(267.681127417756,-117.325294677867,308.012608393849));
#12328=CARTESIAN_POINT('',(261.06935396344,-110.396770559584,307.805750635314));
#12329=CARTESIAN_POINT('Origin',(314.451606520131,-101.762657319693,334.815054594827));
#12330=CARTESIAN_POINT('',(292.343987240853,-81.2207573488834,334.815050232277));
#12331=CARTESIAN_POINT('',(292.343993861695,-122.304563888929,334.815050232277));
#12332=CARTESIAN_POINT('',(338.754509937579,-114.340066614209,334.815059390577));
#12333=CARTESIAN_POINT('',(321.220459184021,-118.7966208402,334.81505593054));
#12334=CARTESIAN_POINT('',(334.625813629187,-117.478557181132,334.815058575851));
#12335=CARTESIAN_POINT('',(336.042518015071,-87.1254220735656,334.815058855414));
#12336=CARTESIAN_POINT('',(288.393674093724,-114.228405259236,334.815049452752));
#12337=CARTESIAN_POINT('',(288.393674093724,-89.2969151440814,334.815049452752));
#12338=CARTESIAN_POINT('',(288.393674093724,-107.995531289465,334.815049452752));
#12339=CARTESIAN_POINT('',(301.422640306922,-89.2969151440814,334.815052023789));
#12340=CARTESIAN_POINT('',(324.393677424034,-114.22839572173,334.815056556719));
#12341=CARTESIAN_POINT('',(319.572640306921,-114.22839572173,334.815055605372));
#12342=CARTESIAN_POINT('',(288.693677424035,-114.228405259236,334.815049511952));
#12343=CARTESIAN_POINT('',(319.422643637231,-114.228397049777,334.815055575773));
#12344=CARTESIAN_POINT('',(301.572641972078,-114.228405259236,334.815052053389));
#12345=CARTESIAN_POINT('Origin',(348.922526570275,-122.528707845199,319.391639283649));
#12346=CARTESIAN_POINT('',(350.932759300574,-120.255443142092,319.520494393316));
#12347=CARTESIAN_POINT('Origin',(2372.95752492399,2236.53094234917,335.554713042288));
#12348=CARTESIAN_POINT('Ctrl Pts',(350.929920674451,-120.260599348788,319.530979059985));
#12349=CARTESIAN_POINT('Ctrl Pts',(349.92492949906,-122.186221717092,320.822780922073));
#12350=CARTESIAN_POINT('Ctrl Pts',(348.919938323669,-124.111844085396,322.114582784161));
#12351=CARTESIAN_POINT('Ctrl Pts',(347.914947148278,-126.0374664537,323.406384646249));
#12352=CARTESIAN_POINT('Origin',(346.861114776248,-116.025884603648,335.937137273303));
#12353=CARTESIAN_POINT('Ctrl Pts',(347.914947148278,-110.161875509409,337.759170328927));
#12354=CARTESIAN_POINT('Ctrl Pts',(346.876269803174,-112.684487503326,336.494027753498));
#12355=CARTESIAN_POINT('Ctrl Pts',(345.837592458071,-115.207099497242,335.22888517807));
#12356=CARTESIAN_POINT('Ctrl Pts',(344.798915112967,-117.729711491159,333.963742602641));
#12357=CARTESIAN_POINT('Origin',(276.917288307463,-121.303850546666,309.151464592767));
#12358=CARTESIAN_POINT('',(279.053852140652,-122.222056747778,305.132671510551));
#12359=CARTESIAN_POINT('Origin',(286.200498092288,-78.2420215201261,318.339037087909));
#12360=CARTESIAN_POINT('Origin',(340.704039784386,-123.745789296615,317.528588695677));
#12361=CARTESIAN_POINT('',(342.768054307376,-123.054541911489,322.969909918958));
#12362=CARTESIAN_POINT('Origin',(309.911178688322,-77.1711485139412,330.118820940804));
#12363=CARTESIAN_POINT('',(295.541822846898,-77.3652652581902,333.975067614127));
#12364=CARTESIAN_POINT('Origin',(351.546322651818,-117.386913640487,301.376933848214));
#12365=CARTESIAN_POINT('Origin',(-10909.5163812907,-2276.47751975192,227.427506557323));
#12366=CARTESIAN_POINT('Origin',(271.662436950321,-91.5732701055092,325.610521367542));
#12367=CARTESIAN_POINT('Origin',(290.242024266834,-81.8873324942472,333.497359899036));
#12368=CARTESIAN_POINT('Origin',(324.316501081104,-121.380123574722,331.436513888192));
#12369=CARTESIAN_POINT('',(338.705856948358,-118.989434138185,330.16686941849));
#12370=CARTESIAN_POINT('Origin',(290.242028812681,-121.637988002289,333.497359899036));
#12371=CARTESIAN_POINT('Origin',(271.662439048404,-111.952056860117,325.610521367542));
#12372=CARTESIAN_POINT('',(267.669465537884,-112.175323246045,321.604540232378));
#12373=CARTESIAN_POINT('Origin',(309.860919447854,-127.666754173426,321.103029206745));
#12374=CARTESIAN_POINT('Origin',(309.737434820448,-124.451618154037,303.871882426095));
#12375=CARTESIAN_POINT('Origin',(343.77710547856,-88.3493154915057,330.169010594837));
#12376=CARTESIAN_POINT('',(346.313266027239,-82.7666192236404,322.63023499717));
#12377=CARTESIAN_POINT('Ctrl Pts',(346.305847187951,-82.7611751786751,322.627531992745));
#12378=CARTESIAN_POINT('Ctrl Pts',(343.7875385993,-84.9022270318337,326.690041193103));
#12379=CARTESIAN_POINT('Ctrl Pts',(341.26923001065,-87.0432788849924,330.75255039346));
#12380=CARTESIAN_POINT('Ctrl Pts',(338.750921422,-89.184330738151,334.815059593817));
#12381=CARTESIAN_POINT('',(346.287164873006,-93.1455061299653,333.089646448714));
#12382=CARTESIAN_POINT('Ctrl Pts',(338.750921307057,-89.1843308875402,334.815059831266));
#12383=CARTESIAN_POINT('Ctrl Pts',(341.256214407571,-90.4890225246247,334.232120765117));
#12384=CARTESIAN_POINT('Ctrl Pts',(343.761507508085,-91.7937141617093,333.649181698967));
#12385=CARTESIAN_POINT('Ctrl Pts',(346.266800608599,-93.0984057987937,333.066242632817));
#12386=CARTESIAN_POINT('',(346.297801548003,-88.0762474857663,327.985673745612));
#12387=CARTESIAN_POINT('Origin',(341.237220148359,-83.6647319706164,327.374007403207));
#12388=CARTESIAN_POINT('Ctrl Pts',(346.305847187951,-82.7611751786751,322.627531992745));
#12389=CARTESIAN_POINT('Ctrl Pts',(343.755528882904,-81.523680120309,323.311498095294));
#12390=CARTESIAN_POINT('Ctrl Pts',(341.205210577856,-80.2861850619428,323.995464197843));
#12391=CARTESIAN_POINT('Ctrl Pts',(338.654892272809,-79.0486900035767,324.679430300391));
#12392=CARTESIAN_POINT('Origin',(366.48808455502,-113.520886738055,314.378649253061));
#12393=CARTESIAN_POINT('',(378.011421667731,-111.055127248464,308.007035719329));
#12394=CARTESIAN_POINT('Origin',(4275.55394870762,2882.97932396288,351.042975080262));
#12395=CARTESIAN_POINT('',(378.013635302864,-109.065611860342,310.028822902828));
#12396=CARTESIAN_POINT('',(368.421419243072,-110.831051255632,315.626204667409));
#12397=CARTESIAN_POINT('Ctrl Pts',(378.091400152,-105.62394306449,313.472055844651));
#12398=CARTESIAN_POINT('Ctrl Pts',(374.868073159585,-107.359645764966,314.190105422299));
#12399=CARTESIAN_POINT('Ctrl Pts',(371.64474616717,-109.095348465442,314.908154999947));
#12400=CARTESIAN_POINT('Ctrl Pts',(368.421419174755,-110.831051165918,315.626204577595));
#12401=CARTESIAN_POINT('',(364.332589986046,-115.094628281715,314.438392195638));
#12402=CARTESIAN_POINT('Origin',(366.001029177721,-112.744838679601,315.544024655213));
#12403=CARTESIAN_POINT('',(363.296578642357,-113.590210222835,316.768326418195));
#12404=CARTESIAN_POINT('Origin',(366.001029177721,-112.744838679601,315.544024655213));
#12405=CARTESIAN_POINT('',(363.299480076745,-113.588646434931,316.767679201913));
#12406=CARTESIAN_POINT('Origin',(365.240727935065,-111.27587988892,317.613631600349));
#12407=CARTESIAN_POINT('',(368.314133814227,-110.72009287785,315.82029278072));
#12408=CARTESIAN_POINT('Origin',(366.003133332206,-112.748688364099,315.544164514606));
#12409=CARTESIAN_POINT('Origin',(366.003133332206,-112.748688364099,315.544164514606));
#12410=CARTESIAN_POINT('Ctrl Pts',(349.518067645526,-109.655953719676,331.289587296817));
#12411=CARTESIAN_POINT('Ctrl Pts',(349.991254149316,-113.185732169804,327.366884265361));
#12412=CARTESIAN_POINT('Ctrl Pts',(350.464440653107,-116.715510619931,323.444181233905));
#12413=CARTESIAN_POINT('Ctrl Pts',(350.937627156897,-120.245289070059,319.521478202449));
#12414=CARTESIAN_POINT('Origin',(366.786886818616,-93.3054079762978,317.478539016725));
#12415=CARTESIAN_POINT('',(368.43299706632,-92.6763421333845,315.578683890573));
#12416=CARTESIAN_POINT('Ctrl Pts',(378.091400934057,-97.9013537575757,313.472056859194));
#12417=CARTESIAN_POINT('Ctrl Pts',(374.871932948307,-96.1596832553024,314.174265829894));
#12418=CARTESIAN_POINT('Ctrl Pts',(371.652464962558,-94.4180127530291,314.876474800594));
#12419=CARTESIAN_POINT('Ctrl Pts',(368.432996976808,-92.6763422507559,315.578683771294));
#12420=CARTESIAN_POINT('',(365.30302615286,-92.6144934057353,317.915609863414));
#12421=CARTESIAN_POINT('Origin',(365.995560591851,-90.7889372611954,315.533573372947));
#12422=CARTESIAN_POINT('',(365.33828432174,-92.6117149583382,317.88572901423));
#12423=CARTESIAN_POINT('Origin',(366.533980187916,-90.0215795393101,314.33644498386));
#12424=CARTESIAN_POINT('',(363.286128811642,-89.8919813643417,316.701286695595));
#12425=CARTESIAN_POINT('',(351.040472971743,-83.2629054283501,319.37570452665));
#12426=CARTESIAN_POINT('Origin',(365.994727354726,-90.7904906778992,315.53360664406));
#12427=CARTESIAN_POINT('',(377.994205792864,-92.458464535337,308.007727951727));
#12428=CARTESIAN_POINT('',(378.013311157107,-94.4455542822384,310.014683667487));
#12429=CARTESIAN_POINT('',(363.583523887279,-87.5438481445492,314.082673713121));
#12430=CARTESIAN_POINT('Origin',(345.491260395959,-90.4124763528389,333.656179644418));
#12431=CARTESIAN_POINT('',(346.025115549649,-86.4748110715879,332.899582160976));
#12432=CARTESIAN_POINT('',(346.075576808146,-87.8234284082706,332.94740515492));
#12433=CARTESIAN_POINT('',(345.673451908861,-93.3354357347169,333.693873068428));
#12434=CARTESIAN_POINT('',(344.726876673859,-93.3959969201168,334.56268444342));
#12435=CARTESIAN_POINT('',(345.438646961231,-93.3362837454219,333.906598263982));
#12436=CARTESIAN_POINT('',(344.746922410164,-90.6139679008416,334.344311220611));
#12437=CARTESIAN_POINT('',(346.108372622862,-86.5203018968543,332.827329758319));
#12438=CARTESIAN_POINT('Origin',(-218.245096400162,-74.8937001045388,343.643482711737));
#12439=CARTESIAN_POINT('',(349.791258182127,-86.5919288086398,332.998225749457));
#12440=CARTESIAN_POINT('',(349.562955660898,-93.3634430638832,333.084184514216));
#12441=CARTESIAN_POINT('Origin',(-283.492118754794,-1693.02232604781,-225.573055674296));
#12442=CARTESIAN_POINT('Origin',(-194.657539722197,510.078599002481,549.421874992085));
#12443=CARTESIAN_POINT('',(349.473852628423,-83.8157877490528,321.249145638799));
#12444=CARTESIAN_POINT('Origin',(-206.498021971476,216.434190704472,446.125232853781));
#12445=CARTESIAN_POINT('',(349.798715611413,-82.3489143601937,328.765108095956));
#12446=CARTESIAN_POINT('',(349.466566415334,-83.8265754538286,321.22384456833));
#12447=CARTESIAN_POINT('Origin',(-243.958872919164,-712.59633181018,119.315899156662));
#12448=CARTESIAN_POINT('Origin',(346.185410481408,-85.3962808743996,328.173667589974));
#12449=CARTESIAN_POINT('',(346.036712007821,-82.3537799557637,328.762565299786));
#12450=CARTESIAN_POINT('',(346.035207853957,-84.024213862901,330.434710158228));
#12451=CARTESIAN_POINT('',(346.266622461431,-82.1656413632554,323.399410975416));
#12452=CARTESIAN_POINT('',(346.125652774273,-82.2838666331941,326.738661543526));
#12453=CARTESIAN_POINT('',(346.22578791593,-81.7530047197026,323.916388237021));
#12454=CARTESIAN_POINT('Origin',(345.491706868127,-113.100818208842,333.65629126246));
#12455=CARTESIAN_POINT('',(346.038154659886,-117.043601435606,332.888048148833));
#12456=CARTESIAN_POINT('',(346.109878770373,-117.004466645523,332.825749775741));
#12457=CARTESIAN_POINT('',(344.726798970982,-110.129233631802,334.562600495016));
#12458=CARTESIAN_POINT('',(344.746931546084,-112.905443242601,334.344850687534));
#12459=CARTESIAN_POINT('',(345.437632532236,-110.188333802083,333.906938265413));
#12460=CARTESIAN_POINT('',(346.274415476816,-110.288524935875,333.141576709243));
#12461=CARTESIAN_POINT('',(346.244314731371,-110.283733750783,333.169190471131));
#12462=CARTESIAN_POINT('Origin',(663.996369515053,686.263418056416,100.318306594749));
#12463=CARTESIAN_POINT('Origin',(-218.592505286281,-129.534770737588,343.797668133685));
#12464=CARTESIAN_POINT('',(349.791092866327,-116.933319984183,332.998077823536));
#12465=CARTESIAN_POINT('',(349.798679449684,-121.176236994109,328.764231973448));
#12466=CARTESIAN_POINT('Origin',(-244.063030207374,493.09722449777,103.194796436833));
#12467=CARTESIAN_POINT('',(349.48594114992,-119.738929995189,321.255092982054));
#12468=CARTESIAN_POINT('',(349.798715889583,-121.176404524379,328.765107391284));
#12469=CARTESIAN_POINT('Origin',(-205.694057467179,-444.839866566069,465.640606012755));
#12470=CARTESIAN_POINT('',(349.563167547225,-110.161875509409,333.08439639938));
#12471=CARTESIAN_POINT('Origin',(-193.7999003446,-735.594878636553,577.996686971889));
#12472=CARTESIAN_POINT('Origin',(-279.090820950471,1349.35846397465,-227.689120093937));
#12473=CARTESIAN_POINT('Origin',(648.004522050998,-122.383425103136,337.427642426097));
#12474=CARTESIAN_POINT('',(346.226822985647,-113.285827723436,330.15910580015));
#12475=CARTESIAN_POINT('Origin',(651.858701877527,68.4700462406366,281.874024693592));
#12476=CARTESIAN_POINT('',(346.306040211633,-120.759036659388,322.620685946297));
#12477=CARTESIAN_POINT('Origin',(651.692352804811,60.1320371525027,284.214071870036));
#12478=CARTESIAN_POINT('',(346.031178685143,-121.176404213099,328.765108095956));
#12479=CARTESIAN_POINT('',(346.306040211633,-120.759036659388,322.620685946297));
#12480=CARTESIAN_POINT('Origin',(654.925989983726,224.679994900161,237.778629297546));
#12481=CARTESIAN_POINT('Origin',(281.343087740853,-122.073212169795,303.017447538527));
#12482=CARTESIAN_POINT('Origin',(342.449406910851,-116.947176040797,329.357175089669));
#12483=CARTESIAN_POINT('',(344.753450032189,-122.177297042994,322.316833102059));
#12484=CARTESIAN_POINT('',(344.753450032189,-122.177297042994,322.316833102059));
#12485=CARTESIAN_POINT('',(346.226803801875,-113.286021296199,330.15823740995));
#12486=CARTESIAN_POINT('',(338.648428444908,-124.477405651689,324.680287851294));
#12487=CARTESIAN_POINT('Origin',(360.739490910485,-90.2057871351981,318.984562157024));
#12488=CARTESIAN_POINT('',(352.092714819677,-82.8481554918005,318.218715506479));
#12489=CARTESIAN_POINT('',(365.215335422497,-92.5691523545726,317.924705710508));
#12490=CARTESIAN_POINT('Origin',(365.993295594209,-90.7881104957115,315.531820163837));
#12491=CARTESIAN_POINT('Origin',(365.993295594209,-90.7881104957115,315.531820163837));
#12492=CARTESIAN_POINT('Origin',(366.311613531837,-90.3709264604372,315.945822792783));
#12493=CARTESIAN_POINT('',(367.54013290804,-87.5426417864679,315.281333272915));
#12494=CARTESIAN_POINT('Origin',(366.311613531837,-90.3709264604372,315.945822792783));
#12495=CARTESIAN_POINT('Origin',(366.310803695495,-113.153870030101,315.945873989916));
#12496=CARTESIAN_POINT('',(364.242484137955,-115.445665198536,315.296179796177));
#12497=CARTESIAN_POINT('Origin',(366.310803695495,-113.153870030101,315.945873989916));
#12498=CARTESIAN_POINT('',(368.379123253034,-110.862074861666,316.595568183656));
#12499=CARTESIAN_POINT('Origin',(366.310803695495,-113.153870030101,315.945873989916));
#12500=CARTESIAN_POINT('Origin',(350.437582035973,-84.0170509807152,331.336735855889));
#12501=CARTESIAN_POINT('',(350.221965095393,-82.0496331519179,329.064388961348));
#12502=CARTESIAN_POINT('',(350.132231154451,-86.3528467518522,333.240703764284));
#12503=CARTESIAN_POINT('Origin',(345.392314358666,-84.0170509807152,331.336735855889));
#12504=CARTESIAN_POINT('',(345.607931648929,-82.0496338998833,329.064388213381));
#12505=CARTESIAN_POINT('Origin',(345.807282404219,-79.8608761699878,325.493788897347));
#12506=CARTESIAN_POINT('Ctrl Pts',(344.753450032189,-81.4454250566048,329.668597399545));
#12507=CARTESIAN_POINT('Ctrl Pts',(345.807282404219,-80.1262340776009,327.581193148446));
#12508=CARTESIAN_POINT('Ctrl Pts',(346.861114776248,-78.807043098597,325.493788897347));
#12509=CARTESIAN_POINT('Ctrl Pts',(347.914947148278,-77.4878521195931,323.406384646249));
#12510=CARTESIAN_POINT('',(344.753450032189,-80.6493513337654,323.406384646249));
#12511=CARTESIAN_POINT('',(345.717531096516,-79.6852696296399,323.406384646249));
#12512=CARTESIAN_POINT('',(344.753450032189,-81.0225651986924,326.342224076191));
#12513=CARTESIAN_POINT('Origin',(348.96878091903,-79.3810619584603,328.326365267586));
#12514=CARTESIAN_POINT('Ctrl Pts',(351.076448460534,-81.4454250566048,329.668597399545));
#12515=CARTESIAN_POINT('Ctrl Pts',(350.022614689782,-80.1262340776009,327.581193148446));
#12516=CARTESIAN_POINT('Ctrl Pts',(348.96878091903,-78.807043098597,325.493788897347));
#12517=CARTESIAN_POINT('Ctrl Pts',(347.914947148278,-77.4878521195931,323.406384646249));
#12518=CARTESIAN_POINT('',(347.914947148278,-78.5202327839985,328.50081146662));
#12519=CARTESIAN_POINT('Origin',(350.650537510827,-81.481230250188,327.28003004725));
#12520=CARTESIAN_POINT('',(351.076448460534,-80.6493513337654,323.406384646249));
#12521=CARTESIAN_POINT('Ctrl Pts',(349.798715611413,-82.3489143601937,328.765108095956));
#12522=CARTESIAN_POINT('Ctrl Pts',(350.22462656112,-81.7823933513843,326.978866946053));
#12523=CARTESIAN_POINT('Ctrl Pts',(350.650537510827,-81.2158723425749,325.192625796151));
#12524=CARTESIAN_POINT('Ctrl Pts',(351.076448460534,-80.6493513337654,323.406384646249));
#12525=CARTESIAN_POINT('',(351.076448460534,-81.0225651986924,326.342224076191));
#12526=CARTESIAN_POINT('Origin',(345.689642862593,-81.7261542232715,325.192625796151));
#12527=CARTESIAN_POINT('Ctrl Pts',(346.031178685143,-82.3489143601937,328.765108095956));
#12528=CARTESIAN_POINT('Ctrl Pts',(345.605269134159,-81.7823933513843,326.978866946053));
#12529=CARTESIAN_POINT('Ctrl Pts',(345.179359583174,-81.2158723425749,325.192625796151));
#12530=CARTESIAN_POINT('Ctrl Pts',(344.753450032189,-80.6493513337654,323.406384646249));
#12531=CARTESIAN_POINT('',(345.569314044627,-81.4652131098625,323.406384646249));
#12532=CARTESIAN_POINT('Origin',(350.535488402957,-82.568047991582,321.344022420398));
#12533=CARTESIAN_POINT('',(351.063569152428,-81.688122187632,321.806541151384));
#12534=CARTESIAN_POINT('Ctrl Pts',(351.076448460534,-80.6493513337654,323.406384646249));
#12535=CARTESIAN_POINT('Ctrl Pts',(350.54631591252,-81.6947633973641,322.688995348763));
#12536=CARTESIAN_POINT('Ctrl Pts',(350.016183364505,-82.7401754609627,321.971606051278));
#12537=CARTESIAN_POINT('Ctrl Pts',(349.486050816491,-83.7855875245614,321.254216753793));
#12538=CARTESIAN_POINT('Origin',(345.781199030195,-82.0934657009326,322.788258476408));
#12539=CARTESIAN_POINT('',(344.753450032189,-81.3390249482674,322.330858790231));
#12540=CARTESIAN_POINT('Ctrl Pts',(346.264423224198,-82.1692751477254,323.392419953934));
#12541=CARTESIAN_POINT('Ctrl Pts',(345.760765493528,-81.8925250812394,323.0385662327));
#12542=CARTESIAN_POINT('Ctrl Pts',(345.257107762859,-81.6157750147534,322.684712511465));
#12543=CARTESIAN_POINT('Ctrl Pts',(344.753450032189,-81.3390249482674,322.330858790231));
#12544=CARTESIAN_POINT('',(344.805245077509,-81.3864743624599,322.340757160575));
#12545=CARTESIAN_POINT('Origin',(348.96878091903,-95.5530405036492,334.882029266508));
#12546=CARTESIAN_POINT('',(347.914947148278,-96.1307900766694,335.454763182961));
#12547=CARTESIAN_POINT('',(351.076448460534,-93.3634430638833,334.597669016671));
#12548=CARTESIAN_POINT('',(349.665463798255,-96.2951088444089,333.567416080986));
#12549=CARTESIAN_POINT('',(350.00896665664,-93.3634430638832,335.665150820565));
#12550=CARTESIAN_POINT('Origin',(345.807281005496,-93.4715546838326,335.53916999832));
#12551=CARTESIAN_POINT('',(345.721756827946,-93.3634430638832,335.565977097634));
#12552=CARTESIAN_POINT('',(344.75345112077,-93.2793032299887,334.685094052208));
#12553=CARTESIAN_POINT('Ctrl Pts',(344.753447010274,-93.687777803266,334.260671948782));
#12554=CARTESIAN_POINT('Ctrl Pts',(345.807280389609,-93.5796662234718,335.426838075497));
#12555=CARTESIAN_POINT('Ctrl Pts',(346.861113768943,-93.4715546436775,336.593004202212));
#12556=CARTESIAN_POINT('Ctrl Pts',(347.914947148278,-93.3634430638832,337.759170328927));
#12557=CARTESIAN_POINT('Origin',(350.650537510827,-88.5457691899819,333.836968981576));
#12558=CARTESIAN_POINT('',(351.076448460534,-89.7072077406362,334.26943576634));
#12559=CARTESIAN_POINT('Ctrl Pts',(351.076448460534,-93.3634430638833,334.597669016671));
#12560=CARTESIAN_POINT('Ctrl Pts',(350.650537510827,-91.105187852371,334.066737098845));
#12561=CARTESIAN_POINT('Ctrl Pts',(350.22462656112,-88.8469326408588,333.535805181018));
#12562=CARTESIAN_POINT('Ctrl Pts',(349.798715611413,-86.5886774293465,333.004873263192));
#12563=CARTESIAN_POINT('Origin',(350.036239644006,-93.8127142500761,332.991221733244));
#12564=CARTESIAN_POINT('',(350.072928368577,-94.2142279959346,332.521857733081));
#12565=CARTESIAN_POINT('',(349.920430069586,-93.3634430638832,333.441656963179));
#12566=CARTESIAN_POINT('Origin',(350.437582035973,-119.508267592577,331.336735855889));
#12567=CARTESIAN_POINT('',(350.221965095393,-121.475685421375,329.064388961348));
#12568=CARTESIAN_POINT('',(350.132231154451,-117.17247182144,333.240703764284));
#12569=CARTESIAN_POINT('Origin',(345.392314358666,-119.508267592577,331.336735855889));
#12570=CARTESIAN_POINT('',(345.607931648929,-121.475684673409,329.064388213381));
#12571=CARTESIAN_POINT('Origin',(346.861114776248,-124.144256614832,328.326365267586));
#12572=CARTESIAN_POINT('Ctrl Pts',(344.753450032189,-122.079893516688,329.668597399545));
#12573=CARTESIAN_POINT('Ctrl Pts',(345.807282404219,-123.399084495692,327.581193148446));
#12574=CARTESIAN_POINT('Ctrl Pts',(346.861114776248,-124.718275474696,325.493788897347));
#12575=CARTESIAN_POINT('Ctrl Pts',(347.914947148278,-126.0374664537,323.406384646249));
#12576=CARTESIAN_POINT('',(347.914947148278,-125.005085789294,328.50081146662));
#12577=CARTESIAN_POINT('Origin',(348.96878091903,-124.144256614832,328.326365267586));
#12578=CARTESIAN_POINT('Ctrl Pts',(347.914947148278,-126.0374664537,323.406384646249));
#12579=CARTESIAN_POINT('Ctrl Pts',(348.96878091903,-124.718275474696,325.493788897347));
#12580=CARTESIAN_POINT('Ctrl Pts',(350.022614689782,-123.399084495692,327.581193148446));
#12581=CARTESIAN_POINT('Ctrl Pts',(351.076448460534,-122.079893516688,329.668597399545));
#12582=CARTESIAN_POINT('Origin',(349.976360341027,-123.053051780848,322.1112558875));
#12583=CARTESIAN_POINT('',(351.076448460534,-122.875967239527,323.406384646249));
#12584=CARTESIAN_POINT('',(351.020787012952,-121.820907690263,321.847855698005));
#12585=CARTESIAN_POINT('',(350.29657770434,-123.655837478171,323.406384646249));
#12586=CARTESIAN_POINT('Origin',(350.650537510827,-122.044088323105,327.28003004725));
#12587=CARTESIAN_POINT('',(351.076448460534,-122.5027533746,326.342224076191));
#12588=CARTESIAN_POINT('Ctrl Pts',(351.076448460534,-122.875967239527,323.406384646249));
#12589=CARTESIAN_POINT('Ctrl Pts',(350.650582246787,-122.309505735789,325.192438176619));
#12590=CARTESIAN_POINT('Ctrl Pts',(350.22471603304,-121.74304423205,326.97849170699));
#12591=CARTESIAN_POINT('Ctrl Pts',(349.798849819293,-121.176582728312,328.76454523736));
#12592=CARTESIAN_POINT('Origin',(345.179359583174,-122.044088323105,327.28003004725));
#12593=CARTESIAN_POINT('',(344.753450032189,-122.875967239527,323.406384646249));
#12594=CARTESIAN_POINT('Ctrl Pts',(346.031178685143,-121.176404213099,328.765108095956));
#12595=CARTESIAN_POINT('Ctrl Pts',(345.605269134159,-121.742925221908,326.978866946053));
#12596=CARTESIAN_POINT('Ctrl Pts',(345.179359583174,-122.309446230718,325.192625796151));
#12597=CARTESIAN_POINT('Ctrl Pts',(344.753450032189,-122.875967239527,323.406384646249));
#12598=CARTESIAN_POINT('',(344.753450032189,-122.5027533746,326.342224076191));
#12599=CARTESIAN_POINT('Origin',(350.036021443322,-121.31995998143,322.688575732064));
#12600=CARTESIAN_POINT('Ctrl Pts',(351.076448460534,-122.875967239527,323.406384646249));
#12601=CARTESIAN_POINT('Ctrl Pts',(350.546411542588,-121.83045256767,322.688720364986));
#12602=CARTESIAN_POINT('Ctrl Pts',(350.016374624641,-120.784937895813,321.971056083724));
#12603=CARTESIAN_POINT('Ctrl Pts',(349.486337706695,-119.739423223955,321.253391802462));
#12604=CARTESIAN_POINT('',(349.545598622277,-121.345121597437,323.406384646249));
#12605=CARTESIAN_POINT('',(349.544762174137,-121.322570722299,323.376153222584));
#12606=CARTESIAN_POINT('',(349.924089257535,-121.723611195226,323.406384646249));
#12607=CARTESIAN_POINT('Origin',(345.263733311608,-122.132795293319,323.043200798185));
#12608=CARTESIAN_POINT('',(346.284299870446,-121.345121597437,323.406384646249));
#12609=CARTESIAN_POINT('',(345.570063759796,-122.059355750316,323.406384646249));
#12610=CARTESIAN_POINT('Ctrl Pts',(346.284299870446,-121.345121597437,323.406384646249));
#12611=CARTESIAN_POINT('Ctrl Pts',(345.774016591027,-121.622513412623,323.043200798185));
#12612=CARTESIAN_POINT('Ctrl Pts',(345.263733311608,-121.899905227808,322.680016950122));
#12613=CARTESIAN_POINT('Ctrl Pts',(344.753450032189,-122.177297042994,322.316833102059));
#12614=CARTESIAN_POINT('',(344.753450032189,-122.436796709299,322.721513684604));
#12615=CARTESIAN_POINT('Origin',(345.807282404219,-112.721294171798,335.421734670154));
#12616=CARTESIAN_POINT('',(345.721757527306,-110.161875509409,335.565977796996));
#12617=CARTESIAN_POINT('Origin',(348.96878091903,-107.972278200774,334.882029266508));
#12618=CARTESIAN_POINT('',(351.076448460534,-110.161875509409,334.597669016671));
#12619=CARTESIAN_POINT('',(350.00896665664,-110.161875509409,335.665150820565));
#12620=CARTESIAN_POINT('',(349.665463843385,-107.230209998225,333.567416113939));
#12621=CARTESIAN_POINT('',(347.914947148278,-107.394529225421,335.454763651835));
#12622=CARTESIAN_POINT('Origin',(345.807282404219,-110.053764763661,335.539171397042));
#12623=CARTESIAN_POINT('Ctrl Pts',(347.914947148278,-110.161875509409,337.759170328927));
#12624=CARTESIAN_POINT('Ctrl Pts',(346.861114776248,-110.053764763661,336.593005167794));
#12625=CARTESIAN_POINT('Ctrl Pts',(345.807282404219,-109.945654017914,335.426840006661));
#12626=CARTESIAN_POINT('Ctrl Pts',(344.753450032189,-109.837543272166,334.260674845528));
#12627=CARTESIAN_POINT('',(344.753450032189,-110.246012047029,334.68509024559));
#12628=CARTESIAN_POINT('Origin',(350.650537510827,-114.979549383311,333.836968981576));
#12629=CARTESIAN_POINT('Ctrl Pts',(349.798715611413,-116.936641143946,333.004873263192));
#12630=CARTESIAN_POINT('Ctrl Pts',(350.22462656112,-114.678385932434,333.535805181018));
#12631=CARTESIAN_POINT('Ctrl Pts',(350.650537510827,-112.420130720922,334.066737098845));
#12632=CARTESIAN_POINT('Ctrl Pts',(351.076448460534,-110.161875509409,334.597669016671));
#12633=CARTESIAN_POINT('',(351.076448460534,-113.818110832656,334.26943576634));
#12634=CARTESIAN_POINT('Origin',(350.546522923425,-108.339598027059,332.074887962492));
#12635=CARTESIAN_POINT('',(350.072928380471,-109.311091249632,332.521857757686));
#12636=CARTESIAN_POINT('',(351.076448460534,-107.688339125198,332.02755599424));
#12637=CARTESIAN_POINT('Origin',(345.243807113285,-111.314555238871,332.893370615792));
#12638=CARTESIAN_POINT('Ctrl Pts',(346.222059888042,-113.280328761639,330.16743871957));
#12639=CARTESIAN_POINT('Ctrl Pts',(346.029260813166,-112.254444471131,331.346812385702));
#12640=CARTESIAN_POINT('Ctrl Pts',(345.83646173829,-111.228560180624,332.526186051833));
#12641=CARTESIAN_POINT('Ctrl Pts',(345.643662663415,-110.202675890116,333.705559717965));
#12642=CARTESIAN_POINT('Origin',(342.963289662316,-91.7861100109302,334.231519877267));
#12643=CARTESIAN_POINT('Ctrl Pts',(343.864423863885,-93.0715590460624,334.815042316998));
#12644=CARTESIAN_POINT('Ctrl Pts',(344.664887366176,-93.0818155382218,334.233622757728));
#12645=CARTESIAN_POINT('Ctrl Pts',(345.465350868468,-93.0920720303812,333.652203198457));
#12646=CARTESIAN_POINT('Ctrl Pts',(346.265814370759,-93.1023285225406,333.070783639187));
#12647=CARTESIAN_POINT('Origin',(345.050190373376,-93.4579515846454,334.187963663888));
#12648=CARTESIAN_POINT('Origin',(345.050187575931,-110.067364890564,334.187967860055));
#12649=CARTESIAN_POINT('Origin',(349.980590077355,-116.5468221259,324.021181157581));
#12650=CARTESIAN_POINT('',(348.965036214837,-119.556861653292,321.87453112975));
#12651=CARTESIAN_POINT('Origin',(346.861114776248,-79.3810619584603,328.326365267586));
#12652=CARTESIAN_POINT('Origin',(350.022614689782,-79.8608761699878,325.493788897347));
#12653=CARTESIAN_POINT('',(350.304568436053,-79.877471821531,323.406384646249));
#12654=CARTESIAN_POINT('Origin',(350.01178718022,-80.4688028565926,322.061411717884));
#12655=CARTESIAN_POINT('Origin',(344.852468383426,-81.0719081473234,322.568213577421));
#12656=CARTESIAN_POINT('Ctrl Pts',(344.753450032189,-80.6493513337655,323.406384646249));
#12657=CARTESIAN_POINT('Ctrl Pts',(344.85246836984,-80.8420169160542,322.926722261907));
#12658=CARTESIAN_POINT('Ctrl Pts',(344.951486707491,-81.0346824983431,322.447059877566));
#12659=CARTESIAN_POINT('Ctrl Pts',(345.050505045142,-81.2273480806319,321.967397493224));
#12660=CARTESIAN_POINT('',(344.273344883486,-81.5195187671676,322.918291094979));
#12661=CARTESIAN_POINT('',(344.753450032189,-81.0906336473799,322.718217768299));
#12662=CARTESIAN_POINT('Origin',(345.906300755456,-79.7881838710986,322.926722196094));
#12663=CARTESIAN_POINT('Origin',(350.140254231408,-81.7261542232715,325.192625796151));
#12664=CARTESIAN_POINT('',(349.545598622277,-82.1801969758553,323.406384646249));
#12665=CARTESIAN_POINT('',(349.613646350729,-82.2255547955491,324.847018715902));
#12666=CARTESIAN_POINT('',(349.924170383438,-81.8016262523865,323.406384646249));
#12667=CARTESIAN_POINT('Origin',(345.179359583174,-81.481230250188,327.28003004725));
#12668=CARTESIAN_POINT('Origin',(350.036032633101,-82.2050452780607,322.688995348763));
#12669=CARTESIAN_POINT('',(349.544773775417,-82.2024345937725,323.376573154382));
#12670=CARTESIAN_POINT('Origin',(345.263733311608,-81.389524419296,323.047876027576));
#12671=CARTESIAN_POINT('Origin',(345.807282404219,-90.8040244014941,335.421734670154));
#12672=CARTESIAN_POINT('Origin',(350.022614689782,-90.8040244014941,335.421734670154));
#12673=CARTESIAN_POINT('Origin',(350.022614689782,-96.9260474991682,332.40158124303));
#12674=CARTESIAN_POINT('',(351.076448460534,-95.8369800856927,332.027555986311));
#12675=CARTESIAN_POINT('Origin',(346.861113377526,-95.6611521235985,334.769696477405));
#12676=CARTESIAN_POINT('Origin',(350.140254231408,-91.105187852371,333.55645661687));
#12677=CARTESIAN_POINT('Origin',(350.546522923425,-95.1857212455951,332.074887962492));
#12678=CARTESIAN_POINT('Origin',(349.610121683394,-82.7715662868701,324.475236498666));
#12679=CARTESIAN_POINT('Origin',(345.807282404219,-123.664442403305,325.493788897347));
#12680=CARTESIAN_POINT('',(345.711866798591,-123.834384641968,323.406384646249));
#12681=CARTESIAN_POINT('Origin',(350.022614689782,-123.664442403305,325.493788897347));
#12682=CARTESIAN_POINT('Origin',(345.888258636112,-123.732519617864,322.952178942513));
#12683=CARTESIAN_POINT('Ctrl Pts',(344.753450032189,-122.875967239527,323.406384646249));
#12684=CARTESIAN_POINT('Ctrl Pts',(344.834426264082,-122.678686546473,322.952178942513));
#12685=CARTESIAN_POINT('Ctrl Pts',(344.915402495975,-122.481405853419,322.497973238778));
#12686=CARTESIAN_POINT('Ctrl Pts',(344.996378727868,-122.284125160365,322.043767535043));
#12687=CARTESIAN_POINT('Origin',(344.834426264082,-122.445796480962,322.58899509445));
#12688=CARTESIAN_POINT('',(344.24692111132,-121.954550484136,322.88620020215));
#12689=CARTESIAN_POINT('Origin',(350.140254231408,-121.799164350021,325.192625796151));
#12690=CARTESIAN_POINT('',(349.613636692138,-121.299770215764,324.846814234481));
#12691=CARTESIAN_POINT('Origin',(345.689642862593,-121.799164350021,325.192625796151));
#12692=CARTESIAN_POINT('',(346.205765773647,-121.292774863293,325.068997381));
#12693=CARTESIAN_POINT('Origin',(350.500050373986,-120.953493332056,321.393446973316));
#12694=CARTESIAN_POINT('Origin',(345.781263371422,-121.427151766606,322.781301231535));
#12695=CARTESIAN_POINT('',(346.277291508827,-121.534055853353,323.659667727952));
#12696=CARTESIAN_POINT('',(346.483985991828,-120.596486712968,322.655511190041));
#12697=CARTESIAN_POINT('Origin',(350.022614689782,-112.721294171798,335.421734670154));
#12698=CARTESIAN_POINT('Origin',(350.022614689782,-106.599271554935,332.40158124303));
#12699=CARTESIAN_POINT('Origin',(346.861114776248,-107.864167455026,334.769697876127));
#12700=CARTESIAN_POINT('Origin',(350.140254231408,-112.420130720922,333.55645661687));
#12701=CARTESIAN_POINT('',(349.920430069586,-110.161875509409,333.441656963179));
#12702=CARTESIAN_POINT('Origin',(350.036239644006,-109.712604672897,332.991221733244));
#12703=CARTESIAN_POINT('Origin',(349.610110493615,-120.75343897262,324.474816881966));
#12704=CARTESIAN_POINT('Origin',(346.207172922407,-121.093520823308,324.930726229501));
#12705=CARTESIAN_POINT('Origin',(346.04793817611,-111.284227966456,332.310013885649));
#12706=CARTESIAN_POINT('Origin',(342.801576380049,-122.97934610763,323.013343671314));
#12707=CARTESIAN_POINT('Origin',(345.760949727013,-118.741191569158,325.032337112578));
#12708=CARTESIAN_POINT('Origin',(345.260874323164,-93.1655443103992,333.861683705799));
#12709=CARTESIAN_POINT('Origin',(343.238063069299,-81.0496299974007,323.212607053272));
#12710=CARTESIAN_POINT('Ctrl Pts',(344.753450032189,-81.3390249482674,322.330858790231));
#12711=CARTESIAN_POINT('Ctrl Pts',(342.720597449864,-80.5755799578351,323.113715947583));
#12712=CARTESIAN_POINT('Ctrl Pts',(340.687744867538,-79.8121349674028,323.896573104936));
#12713=CARTESIAN_POINT('Ctrl Pts',(338.654892285212,-79.0486899769705,324.679430262288));
#12714=CARTESIAN_POINT('Origin',(342.819615701948,-80.5383543244881,322.992562154285));
#12715=CARTESIAN_POINT('Origin',(-161.068575889526,1375.54063911916,314.926239357672));
#12716=CARTESIAN_POINT('Origin',(7338.46785635174,3923.67072539055,375.976908839586));
#12717=CARTESIAN_POINT('Origin',(288.393674093724,-114.228405259236,334.814992543334));
#12718=CARTESIAN_POINT('',(288.393674093724,-86.9126578172826,331.614992543334));
#12719=CARTESIAN_POINT('',(288.393674093724,-89.2969151440814,334.814992543334));
#12720=CARTESIAN_POINT('',(288.393674093724,-114.228405259236,334.814992543334));
#12721=CARTESIAN_POINT('Origin',(288.393674093724,-89.2969151440814,334.814992543334));
#12722=CARTESIAN_POINT('Origin',(288.693677424035,-114.228405259236,334.814992543334));
#12723=CARTESIAN_POINT('',(288.693677424035,-114.228405259236,334.814992543334));
#12724=CARTESIAN_POINT('Origin',(324.393677424034,-114.22839572173,334.814992543334));
#12725=CARTESIAN_POINT('',(324.393677424034,-114.22839572173,334.814992543334));
#12726=CARTESIAN_POINT('Origin',(324.693674093724,-114.22839572173,334.814992543334));
#12727=CARTESIAN_POINT('Origin',(289.693674093724,-86.9126578172826,331.614992543334));
#12728=CARTESIAN_POINT('Origin',(323.393674093724,-86.9126578172825,331.614992543334));
#12729=CARTESIAN_POINT('Origin',(293.993674093433,-115.812400490501,329.114992543334));
#12730=CARTESIAN_POINT('',(293.293657449316,-116.612400490344,329.114992543334));
#12731=CARTESIAN_POINT('',(292.693674094286,-116.012417175287,329.114992543334));
#12732=CARTESIAN_POINT('Origin',(293.293674093979,-116.012400490651,329.114992543334));
#12733=CARTESIAN_POINT('',(292.693674093623,-115.612424731657,329.114992543334));
#12734=CARTESIAN_POINT('',(292.693674094286,-116.012417175287,329.114992543334));
#12735=CARTESIAN_POINT('',(293.293628728259,-115.012400490442,329.114992543334));
#12736=CARTESIAN_POINT('Origin',(293.293674093132,-115.612400488726,329.114992543334));
#12737=CARTESIAN_POINT('',(294.693667776931,-115.012400490585,329.114992543334));
#12738=CARTESIAN_POINT('',(293.293628728259,-115.012400490442,329.114992543334));
#12739=CARTESIAN_POINT('',(295.293674093623,-115.612400545079,329.114992543334));
#12740=CARTESIAN_POINT('Origin',(294.693674093735,-115.61240049044,329.114992543334));
#12741=CARTESIAN_POINT('',(295.293674093734,-116.012400366709,329.114992543334));
#12742=CARTESIAN_POINT('',(295.293674093623,-115.612400545079,329.114992543334));
#12743=CARTESIAN_POINT('',(294.693674241674,-116.612400490487,329.114992543334));
#12744=CARTESIAN_POINT('Origin',(294.69367409373,-116.012400490483,329.114992543334));
#12745=CARTESIAN_POINT('',(294.693674241674,-116.612400490487,329.114992543334));
#12746=CARTESIAN_POINT('Origin',(293.293674093979,-116.012400490651,334.814992543334));
#12747=CARTESIAN_POINT('',(292.693674094286,-116.012417175287,334.814992543334));
#12748=CARTESIAN_POINT('',(293.293657449316,-116.612400490344,334.814992543334));
#12749=CARTESIAN_POINT('Origin',(292.693674094286,-116.012417175287,334.814992543334));
#12750=CARTESIAN_POINT('',(292.693674093623,-115.612424731657,334.814992543334));
#12751=CARTESIAN_POINT('Origin',(293.293674093132,-115.612400488726,334.814992543334));
#12752=CARTESIAN_POINT('',(293.293628728259,-115.012400490442,334.814992543334));
#12753=CARTESIAN_POINT('Origin',(293.293628728259,-115.012400490442,334.814992543334));
#12754=CARTESIAN_POINT('',(294.693667776931,-115.012400490585,334.814992543334));
#12755=CARTESIAN_POINT('Origin',(294.693674241674,-116.612400490487,334.814992543334));
#12756=CARTESIAN_POINT('',(294.693674241674,-116.612400490487,334.814992543334));
#12757=CARTESIAN_POINT('Origin',(294.69367409373,-116.012400490483,334.814992543334));
#12758=CARTESIAN_POINT('',(295.293674093734,-116.012400366709,334.814992543334));
#12759=CARTESIAN_POINT('Origin',(295.293674093623,-115.612400545079,334.814992543334));
#12760=CARTESIAN_POINT('',(295.293674093623,-115.612400545079,334.814992543334));
#12761=CARTESIAN_POINT('Origin',(294.693674093735,-115.61240049044,334.814992543334));
#12762=CARTESIAN_POINT('Origin',(293.993670341368,-87.7129184949641,329.114992543334));
#12763=CARTESIAN_POINT('',(293.293625188499,-88.5129186838068,329.114992543334));
#12764=CARTESIAN_POINT('',(292.693670395073,-87.9128946030328,329.114992543334));
#12765=CARTESIAN_POINT('Origin',(293.293670394588,-87.9129186855116,329.114992543334));
#12766=CARTESIAN_POINT('',(292.693670288035,-87.5129021594026,329.114992543334));
#12767=CARTESIAN_POINT('',(292.693670288035,-87.5129021594026,329.114992543334));
#12768=CARTESIAN_POINT('',(293.293653482104,-86.9129186839383,329.114992543334));
#12769=CARTESIAN_POINT('Origin',(293.293670287808,-87.512918683703,329.114992543334));
#12770=CARTESIAN_POINT('',(294.693670274909,-86.9129183099126,329.114992543334));
#12771=CARTESIAN_POINT('',(294.693670274909,-86.9129183099126,329.114992543334));
#12772=CARTESIAN_POINT('',(295.293670287996,-87.5129182740532,329.114992543334));
#12773=CARTESIAN_POINT('Origin',(294.693670284206,-87.51291830991,329.114992543334));
#12774=CARTESIAN_POINT('',(295.293670394702,-87.9129180950024,329.114992543334));
#12775=CARTESIAN_POINT('',(295.293670394702,-87.9129180950024,329.114992543334));
#12776=CARTESIAN_POINT('',(294.69366423717,-88.5129183099409,329.114992543334));
#12777=CARTESIAN_POINT('Origin',(294.693670394468,-87.9129183099392,329.114992543334));
#12778=CARTESIAN_POINT('',(293.293625188499,-88.5129186838087,329.114992543334));
#12779=CARTESIAN_POINT('Origin',(293.293670394588,-87.9129186855116,334.814992543334));
#12780=CARTESIAN_POINT('',(292.693670395073,-87.9128946030328,334.814992543334));
#12781=CARTESIAN_POINT('',(293.293625188499,-88.5129186838068,334.814992543334));
#12782=CARTESIAN_POINT('Origin',(292.693670395073,-87.9128946030328,334.814992543334));
#12783=CARTESIAN_POINT('',(292.693670288035,-87.5129021594026,334.814992543334));
#12784=CARTESIAN_POINT('Origin',(293.293670287808,-87.512918683703,334.814992543334));
#12785=CARTESIAN_POINT('',(293.293653482104,-86.9129186839383,334.814992543334));
#12786=CARTESIAN_POINT('Origin',(293.293653482104,-86.9129186839383,334.814992543334));
#12787=CARTESIAN_POINT('',(294.693670274909,-86.9129183099126,334.814992543334));
#12788=CARTESIAN_POINT('Origin',(294.69366423717,-88.5129183099409,334.814992543334));
#12789=CARTESIAN_POINT('',(294.69366423717,-88.5129183099409,334.814992543334));
#12790=CARTESIAN_POINT('Origin',(294.693670394468,-87.9129183099392,334.814992543334));
#12791=CARTESIAN_POINT('',(295.293670394702,-87.9129180950024,334.814992543334));
#12792=CARTESIAN_POINT('Origin',(295.293670287996,-87.5129182740532,334.814992543334));
#12793=CARTESIAN_POINT('',(295.293670287996,-87.5129182740532,334.814992543334));
#12794=CARTESIAN_POINT('Origin',(294.693670284206,-87.51291830991,334.814992543334));
#12795=CARTESIAN_POINT('Origin',(319.093677846722,-115.812397137704,329.114992543334));
#12796=CARTESIAN_POINT('',(317.793677793273,-115.612397539562,329.114992543334));
#12797=CARTESIAN_POINT('',(318.393683950279,-115.012397324623,329.114992543334));
#12798=CARTESIAN_POINT('Origin',(318.393677793307,-115.612397324625,329.114992543334));
#12799=CARTESIAN_POINT('',(319.79372299895,-115.012396952033,329.114992543334));
#12800=CARTESIAN_POINT('',(319.79372299895,-115.012396950756,329.114992543334));
#12801=CARTESIAN_POINT('',(320.393677792456,-115.612421031532,329.114992543334));
#12802=CARTESIAN_POINT('Origin',(319.793677794374,-115.612396948896,329.114992543334));
#12803=CARTESIAN_POINT('',(320.393677900171,-116.012413475162,329.114992543334));
#12804=CARTESIAN_POINT('',(320.393677900085,-116.012413475162,329.114992543334));
#12805=CARTESIAN_POINT('',(319.793694705345,-116.612396950626,329.114992543334));
#12806=CARTESIAN_POINT('Origin',(319.793677900398,-116.012396950861,329.114992543334));
#12807=CARTESIAN_POINT('',(318.393677912987,-116.612397324545,329.114992543334));
#12808=CARTESIAN_POINT('',(318.393677912987,-116.612397324652,329.114992543334));
#12809=CARTESIAN_POINT('',(317.793677900745,-116.012397360511,329.114992543334));
#12810=CARTESIAN_POINT('Origin',(318.393677900636,-116.012397324654,329.114992543334));
#12811=CARTESIAN_POINT('',(317.793677793881,-115.612397539562,329.114992543334));
#12812=CARTESIAN_POINT('Origin',(318.393677793307,-115.612397324625,334.814992543334));
#12813=CARTESIAN_POINT('',(318.393683950279,-115.012397324623,334.814992543334));
#12814=CARTESIAN_POINT('',(317.793677793273,-115.612397539562,334.814992543334));
#12815=CARTESIAN_POINT('Origin',(318.393683950279,-115.012397324623,334.814992543334));
#12816=CARTESIAN_POINT('',(319.79372299895,-115.012396952033,334.814992543334));
#12817=CARTESIAN_POINT('Origin',(319.793677794374,-115.612396948896,334.814992543334));
#12818=CARTESIAN_POINT('',(320.393677792456,-115.612421031532,334.814992543334));
#12819=CARTESIAN_POINT('Origin',(320.393677792456,-115.612421031532,334.814992543334));
#12820=CARTESIAN_POINT('',(320.393677900171,-116.012413475162,334.814992543334));
#12821=CARTESIAN_POINT('Origin',(317.793677900745,-116.012397360511,334.814992543334));
#12822=CARTESIAN_POINT('',(317.793677900745,-116.012397360511,334.814992543334));
#12823=CARTESIAN_POINT('Origin',(318.393677900636,-116.012397324654,334.814992543334));
#12824=CARTESIAN_POINT('',(318.393677912987,-116.612397324545,334.814992543334));
#12825=CARTESIAN_POINT('Origin',(319.793694705345,-116.612396950626,334.814992543334));
#12826=CARTESIAN_POINT('',(319.793694705345,-116.612396950626,334.814992543334));
#12827=CARTESIAN_POINT('Origin',(319.793677900398,-116.012396950861,334.814992543334));
#12828=CARTESIAN_POINT('Origin',(319.093674092534,-87.7129151441002,329.114992543334));
#12829=CARTESIAN_POINT('',(317.793674092533,-87.5129152685361,329.114992543334));
#12830=CARTESIAN_POINT('',(318.393673945326,-86.9129151441013,329.114992543334));
#12831=CARTESIAN_POINT('Origin',(318.393674092691,-87.5129151441212,329.114992543334));
#12832=CARTESIAN_POINT('',(319.793690738131,-86.9129151441027,329.114992543334));
#12833=CARTESIAN_POINT('',(318.393673945326,-86.9129151441013,329.114992543334));
#12834=CARTESIAN_POINT('',(320.39367409249,-87.5128984592772,329.114992543334));
#12835=CARTESIAN_POINT('Origin',(319.793674092691,-87.5129151438717,329.114992543334));
#12836=CARTESIAN_POINT('',(320.393674092313,-87.9128909029075,329.114992543334));
#12837=CARTESIAN_POINT('',(320.39367409249,-87.5128984592772,329.114992543334));
#12838=CARTESIAN_POINT('',(319.793719459188,-88.5129151439653,329.114992543334));
#12839=CARTESIAN_POINT('Origin',(319.793674092691,-87.9129151458376,329.114992543334));
#12840=CARTESIAN_POINT('',(318.393680410516,-88.512915144128,329.114992543334));
#12841=CARTESIAN_POINT('',(319.793719459188,-88.5129151439653,329.114992543334));
#12842=CARTESIAN_POINT('',(317.793674092691,-87.9129150894853,329.114992543334));
#12843=CARTESIAN_POINT('Origin',(318.393674092691,-87.9129151441282,329.114992543334));
#12844=CARTESIAN_POINT('',(317.793674092691,-87.9129150894853,329.114992543334));
#12845=CARTESIAN_POINT('Origin',(318.393674092691,-87.5129151441212,334.814992543334));
#12846=CARTESIAN_POINT('',(318.393673945326,-86.9129151441013,334.814992543334));
#12847=CARTESIAN_POINT('',(317.793674092533,-87.5129152685361,334.814992543334));
#12848=CARTESIAN_POINT('Origin',(318.393673945326,-86.9129151441013,334.814992543334));
#12849=CARTESIAN_POINT('',(319.793690738131,-86.9129151441027,334.814992543334));
#12850=CARTESIAN_POINT('Origin',(319.793674092691,-87.5129151438717,334.814992543334));
#12851=CARTESIAN_POINT('',(320.39367409249,-87.5128984592772,334.814992543334));
#12852=CARTESIAN_POINT('Origin',(320.39367409249,-87.5128984592772,334.814992543334));
#12853=CARTESIAN_POINT('',(320.393674092313,-87.9128909029075,334.814992543334));
#12854=CARTESIAN_POINT('Origin',(317.793674092691,-87.9129150894853,334.814992543334));
#12855=CARTESIAN_POINT('',(317.793674092691,-87.9129150894853,334.814992543334));
#12856=CARTESIAN_POINT('Origin',(318.393674092691,-87.9129151441282,334.814992543334));
#12857=CARTESIAN_POINT('',(318.393680410516,-88.512915144128,334.814992543334));
#12858=CARTESIAN_POINT('Origin',(319.793719459188,-88.5129151439653,334.814992543334));
#12859=CARTESIAN_POINT('',(319.793719459188,-88.5129151439653,334.814992543334));
#12860=CARTESIAN_POINT('Origin',(319.793674092691,-87.9129151458376,334.814992543334));
#12861=CARTESIAN_POINT('Origin',(281.343080222721,-81.4521130474292,303.017447538527));
#12862=CARTESIAN_POINT('',(286.044411684085,-80.4959992212194,301.435430963661));
#12863=CARTESIAN_POINT('Origin',(290.567499085381,-80.6877987138314,301.246160653583));
#12864=CARTESIAN_POINT('Ctrl Pts',(295.392869778588,-74.2647762528939,307.767676245522));
#12865=CARTESIAN_POINT('Ctrl Pts',(295.38845068573,-75.5075657752882,306.506918449553));
#12866=CARTESIAN_POINT('Ctrl Pts',(295.384031592871,-76.7503552976826,305.246160653583));
#12867=CARTESIAN_POINT('Ctrl Pts',(295.379612500012,-77.993144820077,303.985402857613));
#12868=CARTESIAN_POINT('Origin',(309.737427826836,-79.0736969224495,303.871882426095));
#12869=CARTESIAN_POINT('Ctrl Pts',(328.189364192441,-80.2065923452368,303.985402857613));
#12870=CARTESIAN_POINT('Ctrl Pts',(331.612899869903,-79.8206543942319,304.611072202009));
#12871=CARTESIAN_POINT('Ctrl Pts',(335.036435547364,-79.434716443227,305.236741546404));
#12872=CARTESIAN_POINT('Ctrl Pts',(338.459971224826,-79.0487784922221,305.862410890799));
#12873=CARTESIAN_POINT('Origin',(324.066580697015,-83.2940513205412,300.611124630125));
#12874=CARTESIAN_POINT('Ctrl Pts',(338.46080268736,-79.0515352795176,305.859714365896));
#12875=CARTESIAN_POINT('Ctrl Pts',(338.454417625286,-79.6763051998518,305.234943863135));
#12876=CARTESIAN_POINT('Ctrl Pts',(338.448032563212,-80.3010751201859,304.610173360374));
#12877=CARTESIAN_POINT('Ctrl Pts',(338.441647501138,-80.9258450405201,303.985402857613));
#12878=CARTESIAN_POINT('Origin',(351.546315658206,-86.1383919946236,301.376933848214));
#12879=CARTESIAN_POINT('',(355.225053278323,-84.7542378265621,303.486347258755));
#12880=CARTESIAN_POINT('Origin',(358.637108021691,-85.8843147126717,309.754658037972));
#12881=CARTESIAN_POINT('',(377.950982403205,-92.4565124222589,305.994960750897));
#12882=CARTESIAN_POINT('Origin',(381.817731495812,-94.7392204038185,302.799967940004));
#12883=CARTESIAN_POINT('',(384.265327131357,-96.1460005232904,303.763511168082));
#12884=CARTESIAN_POINT('Origin',(385.837052428836,-97.175193515607,303.098283417376));
#12885=CARTESIAN_POINT('',(385.924784363594,-97.332037931118,303.436642145894));
#12886=CARTESIAN_POINT('Origin',(385.923359191532,-97.5563739371183,303.692048783453));
#12887=CARTESIAN_POINT('Ctrl Pts',(385.843708312353,-97.7264256010638,303.985402857613));
#12888=CARTESIAN_POINT('Ctrl Pts',(383.226018971859,-95.9695665997395,305.322705923261));
#12889=CARTESIAN_POINT('Ctrl Pts',(380.608329631365,-94.2127075984151,306.660008988909));
#12890=CARTESIAN_POINT('Ctrl Pts',(377.99064029087,-92.4558485970908,307.997312054557));
#12891=CARTESIAN_POINT('Origin',(382.001909657433,-96.9406337253136,307.790142086498));
#12892=CARTESIAN_POINT('',(384.352773659592,-99.2632496444839,307.354534114847));
#12893=CARTESIAN_POINT('Origin',(386.026696797326,-99.8454964589956,305.838622748208));
#12894=CARTESIAN_POINT('',(386.079473758724,-100.076268616078,305.907236072094));
#12895=CARTESIAN_POINT('Origin',(386.072325917199,-100.437816234617,305.950170242142));
#12896=CARTESIAN_POINT('Ctrl Pts',(388.205459780579,-101.574838779439,303.985402857613));
#12897=CARTESIAN_POINT('Ctrl Pts',(384.834107513589,-100.350344022417,307.14762021511));
#12898=CARTESIAN_POINT('Ctrl Pts',(381.462755246599,-99.1258492653952,310.309837572607));
#12899=CARTESIAN_POINT('Ctrl Pts',(378.091402979609,-97.9013545083734,313.472054930104));
#12900=CARTESIAN_POINT('Origin',(382.088669606164,-101.92738177795,309.722750524036));
#12901=CARTESIAN_POINT('',(384.268377792521,-103.889553306582,307.678256055551));
#12902=CARTESIAN_POINT('Origin',(386.038104776655,-103.614086087732,305.866509599836));
#12903=CARTESIAN_POINT('',(384.345949100537,-104.218460992694,307.365096343914));
#12904=CARTESIAN_POINT('Origin',(381.999708068485,-106.556683388539,307.794754985324));
#12905=CARTESIAN_POINT('Ctrl Pts',(378.005428721641,-111.059254225038,307.989794028207));
#12906=CARTESIAN_POINT('Ctrl Pts',(380.62268717933,-109.283361003412,306.654996971343));
#12907=CARTESIAN_POINT('Ctrl Pts',(383.239945637019,-107.507467781785,305.320199914478));
#12908=CARTESIAN_POINT('Ctrl Pts',(385.857204094708,-105.731574560158,303.985402857613));
#12909=CARTESIAN_POINT('Origin',(385.921160400028,-105.940942083983,303.69666168228));
#12910=CARTESIAN_POINT('',(385.928404824786,-106.191037491373,303.43456652927));
#12911=CARTESIAN_POINT('Origin',(385.837058023726,-106.350102634418,303.098283417376));
#12912=CARTESIAN_POINT('',(384.265332045574,-107.379295679307,303.763510472736));
#12913=CARTESIAN_POINT('Origin',(381.817737090701,-108.7860774509,302.799967940004));
#12914=CARTESIAN_POINT('Origin',(259.752764594669,-108.710681465455,306.830509379856));
#12915=CARTESIAN_POINT('',(257.892317019643,-106.310833247576,305.494102208177));
#12916=CARTESIAN_POINT('',(257.892312231501,-103.749094243351,311.67870696151));
#12917=CARTESIAN_POINT('',(261.665581592325,-110.560160643104,309.696339605693));
#12918=CARTESIAN_POINT('Origin',(263.710735468184,-109.824656974463,315.057292162728));
#12919=CARTESIAN_POINT('',(257.892312533023,-100.599508566557,311.289246212246));
#12920=CARTESIAN_POINT('Origin',(257.892307523923,-101.762659286646,317.759250475337));
#12921=CARTESIAN_POINT('',(0.,0.,0.));
#12922=CARTESIAN_POINT('',(0.,0.,0.));
#12923=UNCERTAINTY_MEASURE_WITH_UNIT(LENGTH_MEASURE(0.01),#12931,
'DISTANCE_ACCURACY_VALUE',
'Maximum model space distance between geometric entities at asserted c
onnectivities');
#12924=UNCERTAINTY_MEASURE_WITH_UNIT(LENGTH_MEASURE(0.01),#12931,
'DISTANCE_ACCURACY_VALUE',
'Maximum model space distance between geometric entities at asserted c
onnectivities');
#12925=UNCERTAINTY_MEASURE_WITH_UNIT(LENGTH_MEASURE(0.01),#12931,
'DISTANCE_ACCURACY_VALUE',
'Maximum model space distance between geometric entities at asserted c
onnectivities');
#12926=UNCERTAINTY_MEASURE_WITH_UNIT(LENGTH_MEASURE(0.01),#12931,
'DISTANCE_ACCURACY_VALUE',
'Maximum model space distance between geometric entities at asserted c
onnectivities');
#12927=(
GEOMETRIC_REPRESENTATION_CONTEXT(3)
GLOBAL_UNCERTAINTY_ASSIGNED_CONTEXT((#12923))
GLOBAL_UNIT_ASSIGNED_CONTEXT((#12931,#12933,#12934))
REPRESENTATION_CONTEXT('','3D')
);
#12928=(
GEOMETRIC_REPRESENTATION_CONTEXT(3)
GLOBAL_UNCERTAINTY_ASSIGNED_CONTEXT((#12924))
GLOBAL_UNIT_ASSIGNED_CONTEXT((#12931,#12933,#12934))
REPRESENTATION_CONTEXT('','3D')
);
#12929=(
GEOMETRIC_REPRESENTATION_CONTEXT(3)
GLOBAL_UNCERTAINTY_ASSIGNED_CONTEXT((#12925))
GLOBAL_UNIT_ASSIGNED_CONTEXT((#12931,#12933,#12934))
REPRESENTATION_CONTEXT('','3D')
);
#12930=(
GEOMETRIC_REPRESENTATION_CONTEXT(3)
GLOBAL_UNCERTAINTY_ASSIGNED_CONTEXT((#12926))
GLOBAL_UNIT_ASSIGNED_CONTEXT((#12931,#12933,#12934))
REPRESENTATION_CONTEXT('','3D')
);
#12931=(
LENGTH_UNIT()
NAMED_UNIT(*)
SI_UNIT(.MILLI.,.METRE.)
);
#12932=(
LENGTH_UNIT()
NAMED_UNIT(*)
SI_UNIT($,.METRE.)
);
#12933=(
NAMED_UNIT(*)
PLANE_ANGLE_UNIT()
SI_UNIT($,.RADIAN.)
);
#12934=(
NAMED_UNIT(*)
SI_UNIT($,.STERADIAN.)
SOLID_ANGLE_UNIT()
);
#12935=SHAPE_DEFINITION_REPRESENTATION(#12938,#12943);
#12936=SHAPE_DEFINITION_REPRESENTATION(#12939,#12944);
#12937=SHAPE_DEFINITION_REPRESENTATION(#12940,#12945);
#12938=PRODUCT_DEFINITION_SHAPE('',$,#12947);
#12939=PRODUCT_DEFINITION_SHAPE('',$,#12948);
#12940=PRODUCT_DEFINITION_SHAPE('',$,#12949);
#12941=PRODUCT_DEFINITION_SHAPE($,$,#17);
#12942=PRODUCT_DEFINITION_SHAPE($,$,#18);
#12943=SHAPE_REPRESENTATION('',(#7287,#8003,#8004),#12927);
#12944=SHAPE_REPRESENTATION('',(#7288),#12928);
#12945=SHAPE_REPRESENTATION('',(#7499),#12929);
#12946=PRODUCT_DEFINITION_CONTEXT('part definition',#12957,'design');
#12947=PRODUCT_DEFINITION('2026-07-14-20-27-56-439',
'Rat_Clock_Good_Body',#12950,#12946);
#12948=PRODUCT_DEFINITION('2026-07-21-15-02-55-517','Lower Rat',#12951,
#12946);
#12949=PRODUCT_DEFINITION('2026-07-21-15-03-40-105','Upper Rat',#12952,
#12946);
#12950=PRODUCT_DEFINITION_FORMATION('',$,#12959);
#12951=PRODUCT_DEFINITION_FORMATION('',$,#12960);
#12952=PRODUCT_DEFINITION_FORMATION('',$,#12961);
#12953=PRODUCT_RELATED_PRODUCT_CATEGORY('Rat_Clock_Good_Body',
'Rat_Clock_Good_Body',(#12959));
#12954=PRODUCT_RELATED_PRODUCT_CATEGORY('Lower Rat','Lower Rat',(#12960));
#12955=PRODUCT_RELATED_PRODUCT_CATEGORY('Upper Rat','Upper Rat',(#12961));
#12956=APPLICATION_PROTOCOL_DEFINITION('international standard',
'automotive_design',2009,#12957);
#12957=APPLICATION_CONTEXT(
'Core Data for Automotive Mechanical Design Process');
#12958=PRODUCT_CONTEXT('part definition',#12957,'mechanical');
#12959=PRODUCT('2026-07-14-20-27-56-439','Rat_Clock_Good_Body',$,(#12958));
#12960=PRODUCT('2026-07-21-15-02-55-517','Lower Rat',$,(#12958));
#12961=PRODUCT('2026-07-21-15-03-40-105','Upper Rat',$,(#12958));
#12962=PRESENTATION_STYLE_ASSIGNMENT((#12963));
#12963=SURFACE_STYLE_USAGE(.BOTH.,#12964);
#12964=SURFACE_SIDE_STYLE('',(#12965));
#12965=SURFACE_STYLE_FILL_AREA(#12966);
#12966=FILL_AREA_STYLE('Steel - Satin',(#12967));
#12967=FILL_AREA_STYLE_COLOUR('Steel - Satin',#12968);
#12968=COLOUR_RGB('Steel - Satin',0.627450980392157,0.627450980392157,0.627450980392157);
ENDSEC;
END-ISO-10303-21;
